country,year,population,life_expectancy,gni,income_group
Afghanistan,1990.0,10700000.0,53.8,340.0,Low Income
Angola,1990.0,11800000.0,49.7,1410.0,Lower-Middle Income
Albania,1990.0,3300000.0,72.8,1180.0,Lower-Middle Income
United Arab Emirates,1990.0,1900000.0,68.7,33800.0,High Income
Argentina,1990.0,32600000.0,72.5,5770.0,Upper-Middle Income
Armenia,1990.0,3560000.0,70.6,1000.0,Low Income
Antigua and Barbuda,1990.0,63300.0,74.0,12300.0,Upper-Middle Income
Australia,1990.0,17000000.0,77.0,31300.0,High Income
Austria,1990.0,7680000.0,76.0,37300.0,High Income
Azerbaijan,1990.0,7430000.0,66.9,295.0,Low Income
Burundi,1990.0,5480000.0,48.7,398.0,Low Income
Belgium,1990.0,9960000.0,76.2,34900.0,High Income
Benin,1990.0,5130000.0,55.7,669.0,Low Income
Burkina Faso,1990.0,9130000.0,50.7,596.0,Low Income
Bangladesh,1990.0,107000000.0,58.2,578.0,Low Income
Bulgaria,1990.0,8770000.0,70.1,4070.0,Lower-Middle Income
Bahrain,1990.0,517000.0,69.5,16400.0,High Income
Bahamas,1990.0,271000.0,70.9,21500.0,High Income
Bosnia and Herzegovina,1990.0,4490000.0,73.2,1120.0,Lower-Middle Income
Belarus,1990.0,10400000.0,71.3,12000.0,Upper-Middle Income
Belize,1990.0,183000.0,72.8,4080.0,Lower-Middle Income
Bolivia,1990.0,7100000.0,61.7,1300.0,Lower-Middle Income
Brazil,1990.0,151000000.0,67.3,4250.0,Lower-Middle Income
Barbados,1990.0,259000.0,73.9,13700.0,High Income
Brunei,1990.0,262000.0,69.4,22500.0,High Income
Bhutan,1990.0,558000.0,60.3,1010.0,Low Income
Botswana,1990.0,1340000.0,61.3,4920.0,Upper-Middle Income
Central African Republic,1990.0,2810000.0,48.1,867.0,Low Income
Canada,1990.0,27700000.0,77.4,31900.0,High Income
Switzerland,1990.0,6710000.0,77.9,77600.0,High Income
Chile,1990.0,13300000.0,73.4,4250.0,Lower-Middle Income
China,1990.0,0.0,68.1,596.0,Low Income
Cote d'Ivoire,1990.0,11900000.0,55.7,1410.0,Lower-Middle Income
Cameroon,1990.0,11400000.0,58.4,1750.0,Lower-Middle Income
"Congo, Dem. Rep.",1990.0,36000000.0,54.3,450.0,Low Income
"Congo, Rep.",1990.0,2390000.0,54.0,1680.0,Lower-Middle Income
Colombia,1990.0,32600000.0,71.5,2400.0,Lower-Middle Income
Comoros,1990.0,431000.0,58.5,1770.0,Lower-Middle Income
Cape Verde,1990.0,365000.0,69.9,1630.0,Lower-Middle Income
Costa Rica,1990.0,3160000.0,76.9,3160.0,Lower-Middle Income
Cuba,1990.0,10600000.0,75.0,4790.0,Upper-Middle Income
Cyprus,1990.0,789000.0,75.1,16800.0,High Income
Czech Republic,1990.0,10300000.0,71.6,6500.0,Upper-Middle Income
Germany,1990.0,79400000.0,75.7,38500.0,High Income
Djibouti,1990.0,577000.0,60.6,1790.0,Lower-Middle Income
Denmark,1990.0,5140000.0,75.2,44000.0,High Income
Dominican Republic,1990.0,7130000.0,72.0,1570.0,Lower-Middle Income
Algeria,1990.0,25500000.0,67.5,4280.0,Upper-Middle Income
Ecuador,1990.0,10400000.0,72.0,2480.0,Lower-Middle Income
Egypt,1990.0,57200000.0,63.9,1370.0,Lower-Middle Income
Eritrea,1990.0,2150000.0,46.2,260.0,Low Income
Spain,1990.0,38900000.0,77.0,22100.0,High Income
Estonia,1990.0,1570000.0,70.0,5900.0,Upper-Middle Income
Ethiopia,1990.0,47900000.0,46.9,470.0,Low Income
Finland,1990.0,4990000.0,75.4,47000.0,High Income
Fiji,1990.0,780000.0,66.3,3240.0,Lower-Middle Income
France,1990.0,56400000.0,77.2,37300.0,High Income
"Micronesia, Fed. Sts.",1990.0,98600.0,61.3,3180.0,Lower-Middle Income
Gabon,1990.0,983000.0,60.5,8710.0,Upper-Middle Income
United Kingdom,1990.0,57200000.0,75.8,33600.0,High Income
Georgia,1990.0,5390000.0,68.5,8990.0,Upper-Middle Income
Ghana,1990.0,15400000.0,59.4,723.0,Low Income
Guinea,1990.0,6350000.0,51.9,741.0,Low Income
Gambia,1990.0,1040000.0,60.6,560.0,Low Income
Guinea-Bissau,1990.0,974000.0,48.6,398.0,Low Income
Equatorial Guinea,1990.0,466000.0,51.1,470.0,Low Income
Greece,1990.0,10300000.0,77.2,12700.0,Upper-Middle Income
Grenada,1990.0,99000.0,69.2,5130.0,Upper-Middle Income
Guatemala,1990.0,9080000.0,61.4,1680.0,Lower-Middle Income
Guyana,1990.0,747000.0,62.4,723.0,Low Income
"Hong Kong, China",1990.0,5840000.0,77.5,22900.0,High Income
Honduras,1990.0,5050000.0,69.1,2010.0,Lower-Middle Income
Croatia,1990.0,4870000.0,72.5,9330.0,Upper-Middle Income
Haiti,1990.0,6930000.0,54.6,759.0,Low Income
Hungary,1990.0,10400000.0,69.5,7010.0,Upper-Middle Income
Indonesia,1990.0,182000000.0,64.0,1010.0,Low Income
India,1990.0,870000000.0,59.6,687.0,Low Income
Ireland,1990.0,3490000.0,75.0,22700.0,High Income
Iran,1990.0,55800000.0,66.7,4590.0,Upper-Middle Income
Iraq,1990.0,17700000.0,67.0,12800.0,Upper-Middle Income
Iceland,1990.0,255000.0,78.1,28000.0,High Income
Israel,1990.0,4800000.0,77.3,19300.0,High Income
Italy,1990.0,56800000.0,77.2,33700.0,High Income
Jamaica,1990.0,2390000.0,75.3,3200.0,Lower-Middle Income
Jordan,1990.0,3480000.0,71.2,2300.0,Lower-Middle Income
Japan,1990.0,124000000.0,79.4,50300.0,High Income
Kazakhstan,1990.0,16900000.0,68.1,3140.0,Lower-Middle Income
Kenya,1990.0,23200000.0,62.1,669.0,Low Income
Kyrgyz Republic,1990.0,4390000.0,67.3,1150.0,Lower-Middle Income
Cambodia,1990.0,8910000.0,57.8,389.0,Low Income
Kiribati,1990.0,75100.0,54.6,1300.0,Lower-Middle Income
South Korea,1990.0,44100000.0,72.1,11700.0,Upper-Middle Income
Kuwait,1990.0,1670000.0,74.9,16000.0,High Income
Lao,1990.0,4310000.0,52.9,343.0,Low Income
Lebanon,1990.0,3590000.0,69.9,2370.0,Lower-Middle Income
Liberia,1990.0,2210000.0,49.1,217.0,Low Income
Libya,1990.0,4240000.0,72.6,3790.0,Lower-Middle Income
St. Lucia,1990.0,142000.0,70.2,6740.0,Upper-Middle Income
Sri Lanka,1990.0,17200000.0,69.6,831.0,Low Income
Lesotho,1990.0,1800000.0,60.6,994.0,Low Income
Lithuania,1990.0,3790000.0,71.4,5760.0,Upper-Middle Income
Luxembourg,1990.0,381000.0,75.3,56600.0,High Income
Latvia,1990.0,2690000.0,69.8,6840.0,Upper-Middle Income
Morocco,1990.0,24600000.0,66.7,2100.0,Lower-Middle Income
Moldova,1990.0,4480000.0,68.3,2700.0,Lower-Middle Income
Madagascar,1990.0,11900000.0,55.9,560.0,Low Income
Maldives,1990.0,225000.0,65.5,2030.0,Lower-Middle Income
Mexico,1990.0,81700000.0,70.8,5040.0,Upper-Middle Income
North Macedonia,1990.0,2040000.0,70.5,3390.0,Lower-Middle Income
Mali,1990.0,8950000.0,50.2,524.0,Low Income
Malta,1990.0,365000.0,76.6,13700.0,High Income
Myanmar,1990.0,40100000.0,55.4,486.0,Low Income
Montenegro,1990.0,621000.0,74.7,3210.0,Lower-Middle Income
Mongolia,1990.0,2160000.0,60.4,2580.0,Lower-Middle Income
Mozambique,1990.0,13300000.0,51.6,358.0,Low Income
Mauritania,1990.0,2009999.9999999998,59.4,1320.0,Lower-Middle Income
Mauritius,1990.0,1090000.0,70.2,4390.0,Upper-Middle Income
Malawi,1990.0,9540000.0,49.4,325.0,Low Income
Malaysia,1990.0,17500000.0,71.9,4340.0,Upper-Middle Income
Namibia,1990.0,1370000.0,62.4,3600.0,Lower-Middle Income
Niger,1990.0,8369999.999999999,47.4,614.0,Low Income
Nigeria,1990.0,95200000.0,54.7,1010.0,Low Income
Nicaragua,1990.0,4230000.0,72.7,560.0,Low Income
Netherlands,1990.0,14900000.0,77.2,36700.0,High Income
Norway,1990.0,4240000.0,76.9,47900.0,High Income
Nepal,1990.0,19600000.0,58.3,379.0,Low Income
New Zealand,1990.0,3400000.0,75.5,24600.0,High Income
Oman,1990.0,1800000.0,66.8,10300.0,Upper-Middle Income
Pakistan,1990.0,115000000.0,61.0,723.0,Low Income
Panama,1990.0,2450000.0,76.4,4770.0,Upper-Middle Income
Peru,1990.0,22100000.0,69.2,1520.0,Lower-Middle Income
Philippines,1990.0,61600000.0,68.4,1500.0,Lower-Middle Income
Papua New Guinea,1990.0,3860000.0,62.6,1340.0,Lower-Middle Income
Poland,1990.0,38100000.0,71.1,3740.0,Lower-Middle Income
Portugal,1990.0,10000000.0,74.3,12900.0,Upper-Middle Income
Paraguay,1990.0,4059999.9999999995,75.8,2440.0,Lower-Middle Income
Palestine,1990.0,2120000.0,69.1,1830.0,Lower-Middle Income
Qatar,1990.0,442000.0,69.9,28400.0,High Income
Romania,1990.0,22800000.0,69.8,2630.0,Lower-Middle Income
Russia,1990.0,148000000.0,69.5,6420.0,Upper-Middle Income
Rwanda,1990.0,7320000.0,50.0,632.0,Low Income
Saudi Arabia,1990.0,16000000.0,68.1,13400.0,High Income
Sudan,1990.0,21100000.0,58.7,958.0,Low Income
Senegal,1990.0,7540000.0,58.6,1660.0,Lower-Middle Income
Singapore,1990.0,3020000.0,75.6,20700.0,High Income
Solomon Islands,1990.0,324000.0,55.8,1140.0,Lower-Middle Income
Sierra Leone,1990.0,4330000.0,51.1,343.0,Low Income
El Salvador,1990.0,5370000.0,69.8,1630.0,Lower-Middle Income
Somalia,1990.0,7000000.0,49.3,235.0,Low Income
Serbia,1990.0,7990000.0,70.8,7240.0,Upper-Middle Income
South Sudan,1990.0,4750000.0,54.5,535.0,Low Income
Sao Tome and Principe,1990.0,120000.0,63.5,785.0,Low Income
Suriname,1990.0,413000.0,68.9,2570.0,Lower-Middle Income
Slovak Republic,1990.0,5260000.0,71.1,7440.0,Upper-Middle Income
Slovenia,1990.0,1990000.0,74.0,16600.0,High Income
Sweden,1990.0,8550000.0,78.0,50200.0,High Income
Eswatini,1990.0,854000.0,61.8,2330.0,Lower-Middle Income
Seychelles,1990.0,71100.0,70.6,9090.0,Upper-Middle Income
Syria,1990.0,12400000.0,68.8,7230.0,Upper-Middle Income
Chad,1990.0,5830000.0,53.5,488.0,Low Income
Togo,1990.0,3880000.0,58.0,723.0,Low Income
Thailand,1990.0,55200000.0,71.3,2690.0,Lower-Middle Income
Tajikistan,1990.0,5420000.0,66.9,753.0,Low Income
Turkmenistan,1990.0,3720000.0,66.0,1870.0,Lower-Middle Income
Timor-Leste,1990.0,758000.0,60.9,992.0,Low Income
Tonga,1990.0,98700.0,71.0,2210.0,Lower-Middle Income
Trinidad and Tobago,1990.0,1270000.0,69.6,6700.0,Upper-Middle Income
Tunisia,1990.0,8440000.0,72.3,2550.0,Lower-Middle Income
Turkey,1990.0,54300000.0,68.8,4170.0,Lower-Middle Income
Tanzania,1990.0,26200000.0,55.3,361.0,Low Income
Uganda,1990.0,17600000.0,48.5,578.0,Low Income
Ukraine,1990.0,51600000.0,70.6,2910.0,Lower-Middle Income
Uruguay,1990.0,3120000.0,73.2,5130.0,Upper-Middle Income
United States,1990.0,248000000.0,75.7,43500.0,High Income
Uzbekistan,1990.0,20600000.0,69.3,1210.0,Lower-Middle Income
St. Vincent and the Grenadines,1990.0,112000.0,70.1,3890.0,Lower-Middle Income
Venezuela,1990.0,19800000.0,72.4,4830.0,Upper-Middle Income
Vietnam,1990.0,66900000.00000001,69.2,235.0,Low Income
Vanuatu,1990.0,151000.0,63.1,2240.0,Lower-Middle Income
Samoa,1990.0,168000.0,66.9,1030.0,Low Income
Yemen,1990.0,13400000.0,59.1,837.0,Low Income
South Africa,1990.0,39900000.0,64.2,5170.0,Upper-Middle Income
Zambia,1990.0,7690000.0,51.9,777.0,Low Income
Zimbabwe,1990.0,10100000.0,62.4,1550.0,Lower-Middle Income
Afghanistan,1991.0,10700000.0,53.8,311.0,Low Income
Angola,1991.0,12200000.0,50.3,2440.0,Lower-Middle Income
Albania,1991.0,3300000.0,72.6,724.0,Low Income
United Arab Emirates,1991.0,2009999.9999999998,68.7,33200.0,High Income
Argentina,1991.0,33100000.0,72.7,6820.0,Upper-Middle Income
Armenia,1991.0,3620000.0,70.3,891.0,Low Income
Antigua and Barbuda,1991.0,63600.0,74.0,12800.0,Upper-Middle Income
Australia,1991.0,17300000.0,77.4,32200.000000000004,High Income
Austria,1991.0,7760000.0,76.1,38500.0,High Income
Azerbaijan,1991.0,7540000.0,66.3,288.0,Low Income
Burundi,1991.0,5590000.0,48.1,388.0,Low Income
Belgium,1991.0,9990000.0,76.4,36300.0,High Income
Benin,1991.0,5290000.0,56.0,671.0,Low Income
Burkina Faso,1991.0,9370000.0,50.6,636.0,Low Income
Bangladesh,1991.0,109000000.0,56.8,565.0,Low Income
Bulgaria,1991.0,8720000.0,70.1,2860.0,Lower-Middle Income
Bahrain,1991.0,535000.0,69.5,17300.0,High Income
Bahamas,1991.0,276000.0,71.0,20000.0,High Income
Bosnia and Herzegovina,1991.0,4500000.0,72.5,941.0,Low Income
Belarus,1991.0,10500000.0,70.8,11800.0,Upper-Middle Income
Belize,1991.0,186000.0,73.1,4270.0,Upper-Middle Income
Bolivia,1991.0,7240000.0,62.0,1310.0,Lower-Middle Income
Brazil,1991.0,153000000.0,67.9,4220.0,Lower-Middle Income
Barbados,1991.0,259000.0,74.2,13400.0,High Income
Brunei,1991.0,270000.0,69.7,24000.0,High Income
Bhutan,1991.0,568000.0,60.9,848.0,Low Income
Botswana,1991.0,1380000.0,60.2,5420.0,Upper-Middle Income
Central African Republic,1991.0,2900000.0,47.5,848.0,Low Income
Canada,1991.0,28000000.0,77.6,30800.0,High Income
Switzerland,1991.0,6800000.0,78.1,75900.0,High Income
Chile,1991.0,13600000.0,74.2,4590.0,Upper-Middle Income
China,1991.0,0.0,68.4,618.0,Low Income
Cote d'Ivoire,1991.0,12400000.0,55.1,1340.0,Lower-Middle Income
Cameroon,1991.0,11800000.0,58.2,1590.0,Lower-Middle Income
"Congo, Dem. Rep.",1991.0,37200000.0,54.2,397.0,Low Income
"Congo, Rep.",1991.0,2450000.0,53.7,1700.0,Lower-Middle Income
Colombia,1991.0,33299999.999999996,71.0,2440.0,Lower-Middle Income
Comoros,1991.0,442000.0,58.7,1680.0,Lower-Middle Income
Cape Verde,1991.0,373000.0,69.8,1610.0,Lower-Middle Income
Costa Rica,1991.0,3240000.0,76.9,3440.0,Lower-Middle Income
Cuba,1991.0,10700000.0,75.2,4130.0,Lower-Middle Income
Cyprus,1991.0,799000.0,75.0,16700.0,High Income
Czech Republic,1991.0,10300000.0,72.1,5760.0,Upper-Middle Income
Germany,1991.0,79800000.0,75.8,40400.0,High Income
Djibouti,1991.0,629000.0,60.3,1570.0,Lower-Middle Income
Denmark,1991.0,5160000.0,75.4,45100.0,High Income
Dominican Republic,1991.0,7280000.0,72.5,1840.0,Lower-Middle Income
Algeria,1991.0,26100000.0,67.9,3500.0,Lower-Middle Income
Ecuador,1991.0,10700000.0,71.5,2610.0,Lower-Middle Income
Egypt,1991.0,58600000.0,64.5,1320.0,Lower-Middle Income
Eritrea,1991.0,2040000.0,47.0,287.0,Low Income
Spain,1991.0,39000000.0,77.1,24200.0,High Income
Estonia,1991.0,1570000.0,69.5,5280.0,Upper-Middle Income
Ethiopia,1991.0,49900000.0,48.4,441.0,Low Income
Finland,1991.0,5010000.0,75.7,44300.0,High Income
Fiji,1991.0,785000.0,66.3,3160.0,Lower-Middle Income
France,1991.0,56600000.0,77.4,37800.0,High Income
"Micronesia, Fed. Sts.",1991.0,100000.0,61.4,3330.0,Lower-Middle Income
Gabon,1991.0,1010000.0,60.6,9130.0,Upper-Middle Income
United Kingdom,1991.0,57400000.0,76.1,34200.0,High Income
Georgia,1991.0,5320000.0,68.4,7040.0,Upper-Middle Income
Ghana,1991.0,15800000.0,59.6,724.0,Low Income
Guinea,1991.0,6620000.0,52.4,742.0,Low Income
Gambia,1991.0,1080000.0,60.8,706.0,Low Income
Guinea-Bissau,1991.0,994000.0,49.0,424.0,Low Income
Equatorial Guinea,1991.0,483000.0,51.2,477.0,Low Income
Greece,1991.0,10400000.0,77.3,13500.0,High Income
Grenada,1991.0,99800.0,69.7,5370.0,Upper-Middle Income
Guatemala,1991.0,9330000.0,61.3,1710.0,Lower-Middle Income
Guyana,1991.0,744000.0,63.0,583.0,Low Income
"Hong Kong, China",1991.0,5920000.0,77.8,25300.0,High Income
Honduras,1991.0,5200000.0,69.6,1660.0,Lower-Middle Income
Croatia,1991.0,4840000.0,72.0,7470.0,Upper-Middle Income
Haiti,1991.0,7070000.0,54.6,795.0,Low Income
Hungary,1991.0,10400000.0,69.5,6380.0,Upper-Middle Income
Indonesia,1991.0,185000000.0,64.5,1080.0,Low Income
India,1991.0,889000000.0,59.8,618.0,Low Income
Ireland,1991.0,3500000.0,75.2,23200.0,High Income
Iran,1991.0,58000000.0,68.9,2090.0,Lower-Middle Income
Iraq,1991.0,17800000.0,67.0,124.0,Low Income
Iceland,1991.0,258000.0,78.2,29800.0,High Income
Israel,1991.0,4940000.0,77.2,20500.0,High Income
Italy,1991.0,56800000.0,77.3,36000.0,High Income
Jamaica,1991.0,2410000.0,76.2,3060.0,Lower-Middle Income
Jordan,1991.0,3670000.0,71.4,1930.0,Lower-Middle Income
Japan,1991.0,124000000.0,79.6,50500.0,High Income
Kazakhstan,1991.0,17000000.0,67.6,2780.0,Lower-Middle Income
Kenya,1991.0,23900000.0,61.2,618.0,Low Income
Kyrgyz Republic,1991.0,4460000.0,67.2,1040.0,Low Income
Cambodia,1991.0,9260000.0,58.2,394.0,Low Income
Kiribati,1991.0,76600.0,54.6,1700.0,Lower-Middle Income
South Korea,1991.0,44500000.0,72.5,13400.0,High Income
Kuwait,1991.0,1340000.0,72.2,9700.0,Upper-Middle Income
Lao,1991.0,4440000.0,53.5,371.0,Low Income
Lebanon,1991.0,3670000.0,71.7,3000.0,Lower-Middle Income
Liberia,1991.0,1940000.0,52.2,199.0,Low Income
Libya,1991.0,4340000.0,73.0,4660.0,Upper-Middle Income
St. Lucia,1991.0,144000.0,70.4,6800.0,Upper-Middle Income
Sri Lanka,1991.0,17400000.0,70.3,865.0,Low Income
Lesotho,1991.0,1830000.0,60.5,1020.0,Low Income
Lithuania,1991.0,3790000.0,70.5,5440.0,Upper-Middle Income
Luxembourg,1991.0,386000.0,75.5,62100.0,High Income
Latvia,1991.0,2680000.0,69.4,5950.0,Upper-Middle Income
Morocco,1991.0,25000000.0,67.0,2190.0,Lower-Middle Income
Moldova,1991.0,4490000.0,67.6,2210.0,Lower-Middle Income
Madagascar,1991.0,12200000.0,56.3,494.0,Low Income
Maldives,1991.0,232000.0,66.0,2120.0,Lower-Middle Income
Mexico,1991.0,83400000.0,71.3,5740.0,Upper-Middle Income
North Macedonia,1991.0,2040000.0,70.8,3180.0,Lower-Middle Income
Mali,1991.0,9120000.0,50.6,565.0,Low Income
Malta,1991.0,369000.0,76.8,14000.0,High Income
Myanmar,1991.0,40700000.0,55.6,501.0,Low Income
Montenegro,1991.0,625000.0,75.0,3010.0,Lower-Middle Income
Mongolia,1991.0,2200000.0,60.4,2120.0,Lower-Middle Income
Mozambique,1991.0,13600000.0,51.8,367.0,Low Income
Mauritania,1991.0,2069999.9999999998,59.9,1430.0,Lower-Middle Income
Mauritius,1991.0,1100000.0,70.8,4630.0,Upper-Middle Income
Malawi,1991.0,9830000.0,49.0,371.0,Low Income
Malaysia,1991.0,18000000.0,72.2,4520.0,Upper-Middle Income
Namibia,1991.0,1420000.0,62.4,3800.0,Lower-Middle Income
Niger,1991.0,8630000.0,47.4,636.0,Low Income
Nigeria,1991.0,97700000.0,54.5,901.0,Low Income
Nicaragua,1991.0,4330000.0,72.1,388.0,Low Income
Netherlands,1991.0,15000000.0,77.3,37600.0,High Income
Norway,1991.0,4260000.0,77.2,49100.0,High Income
Nepal,1991.0,20100000.0,58.9,371.0,Low Income
New Zealand,1991.0,3480000.0,75.9,21500.0,High Income
Oman,1991.0,1900000.0,67.0,10700.0,Upper-Middle Income
Pakistan,1991.0,119000000.0,61.0,706.0,Low Income
Panama,1991.0,2500000.0,76.7,4820.0,Upper-Middle Income
Peru,1991.0,22600000.0,69.2,2150.0,Lower-Middle Income
Philippines,1991.0,63000000.0,68.9,1470.0,Lower-Middle Income
Papua New Guinea,1991.0,3990000.0,62.5,1400.0,Lower-Middle Income
Poland,1991.0,38200000.0,70.8,3470.0,Lower-Middle Income
Portugal,1991.0,9990000.0,74.3,14400.0,High Income
Paraguay,1991.0,4170000.0,76.5,2460.0,Lower-Middle Income
Palestine,1991.0,2210000.0,69.4,1680.0,Lower-Middle Income
Qatar,1991.0,456000.0,69.8,27100.0,High Income
Romania,1991.0,22800000.0,70.3,2310.0,Lower-Middle Income
Russia,1991.0,148000000.0,69.3,6070.0,Upper-Middle Income
Rwanda,1991.0,7490000.0,49.9,565.0,Low Income
Saudi Arabia,1991.0,16700000.0,68.5,14700.0,High Income
Sudan,1991.0,21500000.0,59.3,795.0,Low Income
Senegal,1991.0,7750000.0,58.9,1640.0,Lower-Middle Income
Singapore,1991.0,3120000.0,76.1,22900.0,High Income
Solomon Islands,1991.0,334000.0,55.8,1170.0,Lower-Middle Income
Sierra Leone,1991.0,4380000.0,50.7,300.0,Low Income
El Salvador,1991.0,5460000.0,70.1,1640.0,Lower-Middle Income
Somalia,1991.0,6730000.0,48.1,509.0,Low Income
Serbia,1991.0,7960000.0,70.5,6620.0,Upper-Middle Income
South Sudan,1991.0,4870000.0,54.7,555.0,Low Income
Sao Tome and Principe,1991.0,123000.0,63.8,781.0,Low Income
Suriname,1991.0,416000.0,68.7,2010.0,Lower-Middle Income
Slovak Republic,1991.0,5280000.0,71.3,6350.0,Upper-Middle Income
Slovenia,1991.0,1990000.0,74.2,15100.0,High Income
Sweden,1991.0,8590000.0,78.1,51400.0,High Income
Eswatini,1991.0,890000.0,61.9,2380.0,Lower-Middle Income
Seychelles,1991.0,71800.0,70.8,9180.0,Upper-Middle Income
Syria,1991.0,12800000.0,68.8,7500.0,Upper-Middle Income
Chad,1991.0,6040000.0,53.6,512.0,Low Income
Togo,1991.0,3990000.0,58.0,706.0,Low Income
Thailand,1991.0,56100000.0,71.2,2930.0,Lower-Middle Income
Tajikistan,1991.0,5560000.0,66.7,685.0,Low Income
Turkmenistan,1991.0,3820000.0,65.5,1730.0,Lower-Middle Income
Timor-Leste,1991.0,773000.0,61.0,1050.0,Low Income
Tonga,1991.0,99000.0,71.1,2380.0,Lower-Middle Income
Trinidad and Tobago,1991.0,1280000.0,69.9,6870.0,Upper-Middle Income
Tunisia,1991.0,8620000.0,72.3,2580.0,Lower-Middle Income
Turkey,1991.0,55300000.0,69.3,4570.0,Upper-Middle Income
Tanzania,1991.0,26900000.0,54.8,336.0,Low Income
Uganda,1991.0,18200000.0,48.1,441.0,Low Income
Ukraine,1991.0,51700000.0,69.9,4030.0,Lower-Middle Income
Uruguay,1991.0,3140000.0,73.4,5620.0,Upper-Middle Income
United States,1991.0,252000000.0,75.9,42900.0,High Income
Uzbekistan,1991.0,21100000.0,68.9,1180.0,Lower-Middle Income
St. Vincent and the Grenadines,1991.0,113000.0,70.3,3890.0,Lower-Middle Income
Venezuela,1991.0,20200000.0,72.9,4750.0,Upper-Middle Income
Vietnam,1991.0,68400000.0,69.5,194.0,Low Income
Vanuatu,1991.0,155000.0,63.2,1980.0,Lower-Middle Income
Samoa,1991.0,169000.0,66.9,954.0,Low Income
Yemen,1991.0,13900000.0,59.5,846.0,Low Income
South Africa,1991.0,40900000.0,64.3,5300.0,Upper-Middle Income
Zambia,1991.0,7880000.0,50.7,689.0,Low Income
Zimbabwe,1991.0,10400000.0,61.4,1500.0,Lower-Middle Income
Afghanistan,1992.0,12100000.0,54.2,298.0,Low Income
Angola,1992.0,12600000.0,50.3,1990.0,Lower-Middle Income
Albania,1992.0,3300000.0,73.2,477.0,Low Income
United Arab Emirates,1992.0,2120000.0,68.8,33300.0,High Income
Argentina,1992.0,33600000.0,72.8,10300.0,Upper-Middle Income
Armenia,1992.0,3570000.0,69.4,528.0,Low Income
Antigua and Barbuda,1992.0,64700.0,74.0,12700.0,Upper-Middle Income
Australia,1992.0,17500000.0,77.6,31600.0,High Income
Austria,1992.0,7840000.0,76.3,41800.0,High Income
Azerbaijan,1992.0,7640000.0,64.5,220.0,Low Income
Burundi,1992.0,5740000.0,47.5,358.0,Low Income
Belgium,1992.0,10000000.0,76.5,39500.0,High Income
Benin,1992.0,5460000.0,56.4,630.0,Low Income
Burkina Faso,1992.0,9600000.0,50.5,630.0,Low Income
Bangladesh,1992.0,111000000.0,60.2,562.0,Low Income
Bulgaria,1992.0,8670000.0,69.8,2440.0,Lower-Middle Income
Bahrain,1992.0,554000.0,69.8,16900.0,High Income
Bahamas,1992.0,282000.0,71.0,19700.0,High Income
Bosnia and Herzegovina,1992.0,4280000.0,68.1,680.0,Low Income
Belarus,1992.0,10500000.0,70.3,10700.0,Upper-Middle Income
Belize,1992.0,190000.0,73.6,4570.0,Upper-Middle Income
Bolivia,1992.0,7390000.0,62.5,1310.0,Lower-Middle Income
Brazil,1992.0,156000000.0,68.3,3990.0,Lower-Middle Income
Barbados,1992.0,260000.0,73.9,12700.0,Upper-Middle Income
Brunei,1992.0,277000.0,70.0,25800.0,High Income
Bhutan,1992.0,546000.0,61.5,767.0,Low Income
Botswana,1992.0,1420000.0,58.6,5570.0,Upper-Middle Income
Central African Republic,1992.0,2990000.0,46.8,801.0,Low Income
Canada,1992.0,28300000.0,77.8,30700.0,High Income
Switzerland,1992.0,6870000.0,78.4,75000.0,High Income
Chile,1992.0,13800000.0,74.7,5320.0,Upper-Middle Income
China,1992.0,0.0,68.7,664.0,Low Income
Cote d'Ivoire,1992.0,12800000.0,54.3,1330.0,Lower-Middle Income
Cameroon,1992.0,12100000.0,57.8,1590.0,Lower-Middle Income
"Congo, Dem. Rep.",1992.0,38300000.0,54.1,342.0,Low Income
"Congo, Rep.",1992.0,2520000.0,53.5,1810.0,Lower-Middle Income
Colombia,1992.0,33900000.0,71.1,2660.0,Lower-Middle Income
Comoros,1992.0,453000.0,59.0,1870.0,Lower-Middle Income
Cape Verde,1992.0,382000.0,69.9,1770.0,Lower-Middle Income
Costa Rica,1992.0,3320000.0,76.9,4000.0,Lower-Middle Income
Cuba,1992.0,10800000.0,75.2,3630.0,Lower-Middle Income
Cyprus,1992.0,810000.0,75.1,18800.0,High Income
Czech Republic,1992.0,10300000.0,72.4,5730.0,Upper-Middle Income
Germany,1992.0,80200000.0,76.2,44000.0,High Income
Djibouti,1992.0,623000.0,59.0,1690.0,Lower-Middle Income
Denmark,1992.0,5180000.0,75.5,48900.0,High Income
Dominican Republic,1992.0,7430000.0,73.0,2320.0,Lower-Middle Income
Algeria,1992.0,26700000.0,68.3,3240.0,Lower-Middle Income
Ecuador,1992.0,10900000.0,72.1,2730.0,Lower-Middle Income
Egypt,1992.0,60000000.0,65.2,1280.0,Lower-Middle Income
Eritrea,1992.0,1920000.0,52.7,318.0,Low Income
Spain,1992.0,39200000.0,77.5,26600.0,High Income
Estonia,1992.0,1540000.0,69.5,4550.0,Upper-Middle Income
Ethiopia,1992.0,52000000.0,48.9,375.0,Low Income
Finland,1992.0,5040000.0,76.0,41200.0,High Income
Fiji,1992.0,787000.0,66.4,3390.0,Lower-Middle Income
France,1992.0,56900000.0,77.6,40600.0,High Income
"Micronesia, Fed. Sts.",1992.0,103000.0,61.5,3380.0,Lower-Middle Income
Gabon,1992.0,1040000.0,60.9,8720.0,Upper-Middle Income
United Kingdom,1992.0,57500000.0,76.3,36600.0,High Income
Georgia,1992.0,5240000.0,67.9,3850.0,Lower-Middle Income
Ghana,1992.0,16200000.0,59.7,733.0,Low Income
Guinea,1992.0,6830000.0,52.6,784.0,Low Income
Gambia,1992.0,1130000.0,60.8,886.0,Low Income
Guinea-Bissau,1992.0,1020000.0,49.4,409.0,Low Income
Equatorial Guinea,1992.0,501000.0,51.6,647.0,Low Income
Greece,1992.0,10500000.0,77.4,14000.0,High Income
Grenada,1992.0,101000.0,69.7,5350.0,Upper-Middle Income
Guatemala,1992.0,9580000.0,61.4,1760.0,Lower-Middle Income
Guyana,1992.0,745000.0,63.5,664.0,Low Income
"Hong Kong, China",1992.0,6010000.0,78.0,28200.0,High Income
Honduras,1992.0,5340000.0,69.4,1590.0,Lower-Middle Income
Croatia,1992.0,4800000.0,72.4,6830.0,Upper-Middle Income
Haiti,1992.0,7210000.0,54.9,664.0,Low Income
Hungary,1992.0,10400000.0,69.1,6180.0,Upper-Middle Income
Indonesia,1992.0,189000000.0,64.9,1130.0,Lower-Middle Income
India,1992.0,908000000.0,60.0,579.0,Low Income
Ireland,1992.0,3530000.0,75.4,24600.0,High Income
Iran,1992.0,59400000.0,69.3,2110.0,Lower-Middle Income
Iraq,1992.0,18400000.0,67.0,85.0,Low Income
Iceland,1992.0,261000.0,78.5,31400.0,High Income
Israel,1992.0,5080000.0,77.1,21400.0,High Income
Italy,1992.0,56800000.0,77.5,39100.0,High Income
Jamaica,1992.0,2430000.0,75.9,2740.0,Lower-Middle Income
Jordan,1992.0,3870000.0,71.8,2110.0,Lower-Middle Income
Japan,1992.0,124000000.0,79.7,52000.0,High Income
Kazakhstan,1992.0,17000000.0,66.7,2630.0,Lower-Middle Income
Kenya,1992.0,24700000.0,60.1,562.0,Low Income
Kyrgyz Republic,1992.0,4500000.0,67.1,886.0,Low Income
Cambodia,1992.0,9720000.0,58.6,395.0,Low Income
Kiribati,1992.0,77900.0,54.7,1760.0,Lower-Middle Income
South Korea,1992.0,44700000.0,73.1,14200.0,High Income
Kuwait,1992.0,1620000.0,79.5,18800.0,High Income
Lao,1992.0,4560000.0,54.0,426.0,Low Income
Lebanon,1992.0,3750000.0,72.0,3270.0,Lower-Middle Income
Liberia,1992.0,2049999.9999999998,52.3,139.0,Low Income
Libya,1992.0,4440000.0,73.4,4830.0,Upper-Middle Income
St. Lucia,1992.0,146000.0,70.5,7500.0,Upper-Middle Income
Sri Lanka,1992.0,17600000.0,70.9,937.0,Low Income
Lesotho,1992.0,1860000.0,60.0,1110.0,Lower-Middle Income
Lithuania,1992.0,3800000.0,70.4,4300.0,Upper-Middle Income
Luxembourg,1992.0,392000.0,75.8,66400.0,High Income
Latvia,1992.0,2660000.0,68.8,4060.0,Lower-Middle Income
Morocco,1992.0,25400000.0,66.9,2160.0,Lower-Middle Income
Moldova,1992.0,4490000.0,67.8,1550.0,Lower-Middle Income
Madagascar,1992.0,12600000.0,56.6,494.0,Low Income
Maldives,1992.0,239000.0,66.6,2190.0,Lower-Middle Income
Mexico,1992.0,85000000.0,71.5,6420.0,Upper-Middle Income
North Macedonia,1992.0,2020000.0,70.3,2980.0,Lower-Middle Income
Mali,1992.0,9310000.0,51.0,562.0,Low Income
Malta,1992.0,372000.0,77.0,14900.0,High Income
Myanmar,1992.0,41200000.0,55.9,513.0,Low Income
Montenegro,1992.0,628000.0,75.0,2330.0,Lower-Middle Income
Mongolia,1992.0,2240000.0,60.1,1380.0,Lower-Middle Income
Mozambique,1992.0,13800000.0,52.1,333.0,Low Income
Mauritania,1992.0,2150000.0,60.2,1570.0,Lower-Middle Income
Mauritius,1992.0,1120000.0,70.8,5090.0,Upper-Middle Income
Malawi,1992.0,10100000.0,48.5,341.0,Low Income
Malaysia,1992.0,18500000.0,72.4,4910.0,Upper-Middle Income
Namibia,1992.0,1460000.0,62.3,3920.0,Lower-Middle Income
Niger,1992.0,8910000.0,48.0,716.0,Low Income
Nigeria,1992.0,100000000.0,54.7,869.0,Low Income
Nicaragua,1992.0,4430000.0,72.4,409.0,Low Income
Netherlands,1992.0,15200000.0,77.4,40100.0,High Income
Norway,1992.0,4290000.0,77.3,52400.0,High Income
Nepal,1992.0,20700000.0,59.8,341.0,Low Income
New Zealand,1992.0,3530000.0,76.1,20500.0,High Income
Oman,1992.0,1990000.0,67.3,11100.0,Upper-Middle Income
Pakistan,1992.0,122000000.0,60.9,733.0,Low Income
Panama,1992.0,2550000.0,76.6,5130.0,Upper-Middle Income
Peru,1992.0,23000000.0,70.0,2420.0,Lower-Middle Income
Philippines,1992.0,64500000.0,69.3,1500.0,Lower-Middle Income
Papua New Guinea,1992.0,4139999.9999999995,62.7,1430.0,Lower-Middle Income
Poland,1992.0,38300000.0,71.2,3540.0,Lower-Middle Income
Portugal,1992.0,9980000.0,74.7,16800.0,High Income
Paraguay,1992.0,4280000.0,76.0,2440.0,Lower-Middle Income
Palestine,1992.0,2310000.0,69.6,1990.0,Lower-Middle Income
Qatar,1992.0,471000.0,69.8,29400.0,High Income
Romania,1992.0,22800000.0,69.8,2130.0,Lower-Middle Income
Russia,1992.0,149000000.0,68.1,5270.0,Upper-Middle Income
Rwanda,1992.0,7660000.0,49.1,579.0,Low Income
Saudi Arabia,1992.0,17300000.0,68.8,14500.0,High Income
Sudan,1992.0,21800000.0,59.8,579.0,Low Income
Senegal,1992.0,7970000.0,59.0,1670.0,Lower-Middle Income
Singapore,1992.0,3230000.0,76.5,26000.0,High Income
Solomon Islands,1992.0,344000.0,56.1,1360.0,Lower-Middle Income
Sierra Leone,1992.0,4300000.0,51.3,221.0,Low Income
El Salvador,1992.0,5550000.0,70.8,1810.0,Lower-Middle Income
Somalia,1992.0,6430000.0,49.1,449.0,Low Income
Serbia,1992.0,7940000.0,71.1,4940.0,Upper-Middle Income
South Sudan,1992.0,4960000.0,55.0,568.0,Low Income
Sao Tome and Principe,1992.0,126000.0,63.8,774.0,Low Income
Suriname,1992.0,420000.0,68.5,1770.0,Lower-Middle Income
Slovak Republic,1992.0,5300000.0,71.7,5930.0,Upper-Middle Income
Slovenia,1992.0,1990000.0,74.5,14300.0,High Income
Sweden,1992.0,8640000.0,78.3,53400.0,High Income
Eswatini,1992.0,925000.0,61.9,2680.0,Lower-Middle Income
Seychelles,1992.0,72400.0,70.8,10200.0,Upper-Middle Income
Syria,1992.0,13200000.0,68.6,7960.0,Upper-Middle Income
Chad,1992.0,6300000.0,53.5,562.0,Low Income
Togo,1992.0,4110000.0000000005,58.1,716.0,Low Income
Thailand,1992.0,56900000.0,71.3,3200.0,Lower-Middle Income
Tajikistan,1992.0,5660000.0,63.4,477.0,Low Income
Turkmenistan,1992.0,3930000.0,65.6,1430.0,Lower-Middle Income
Timor-Leste,1992.0,784000.0,61.5,1100.0,Lower-Middle Income
Tonga,1992.0,99300.0,71.4,2470.0,Lower-Middle Income
Trinidad and Tobago,1992.0,1290000.0,69.7,7530.0,Upper-Middle Income
Tunisia,1992.0,8800000.0,72.5,2860.0,Lower-Middle Income
Turkey,1992.0,56300000.0,69.6,5010.0,Upper-Middle Income
Tanzania,1992.0,27600000.0,54.1,307.0,Low Income
Uganda,1992.0,18800000.0,47.9,324.0,Low Income
Ukraine,1992.0,51800000.0,69.2,3560.0,Lower-Middle Income
Uruguay,1992.0,3150000.0,73.5,6530.0,Upper-Middle Income
United States,1992.0,255000000.0,76.0,43800.0,High Income
Uzbekistan,1992.0,21600000.0,68.2,1020.0,Low Income
St. Vincent and the Grenadines,1992.0,113000.0,70.2,4230.0,Lower-Middle Income
Venezuela,1992.0,20700000.0,72.9,4890.0,Upper-Middle Income
Vietnam,1992.0,69800000.0,69.8,221.0,Low Income
Vanuatu,1992.0,159000.0,63.1,1960.0,Lower-Middle Income
Samoa,1992.0,170000.0,67.2,1620.0,Lower-Middle Income
Yemen,1992.0,14400000.0,59.9,869.0,Low Income
South Africa,1992.0,41800000.0,63.6,5540.0,Upper-Middle Income
Zambia,1992.0,8070000.0,49.6,613.0,Low Income
Zimbabwe,1992.0,10600000.0,59.8,1190.0,Lower-Middle Income
Afghanistan,1993.0,14000000.0,54.4,204.0,Low Income
Angola,1993.0,13000000.0,49.0,525.0,Low Income
Albania,1993.0,3300000.0,73.8,538.0,Low Income
United Arab Emirates,1993.0,2220000.0,68.8,33000.0,High Income
Argentina,1993.0,34000000.0,73.0,12000.0,Upper-Middle Income
Armenia,1993.0,3460000.0,69.0,605.0,Low Income
Antigua and Barbuda,1993.0,65800.0,73.4,13400.0,High Income
Australia,1993.0,17600000.0,77.9,31800.0,High Income
Austria,1993.0,7910000.0,76.5,41800.0,High Income
Azerbaijan,1993.0,7740000.0,64.3,167.0,Low Income
Burundi,1993.0,5560000.0,47.4,303.0,Low Income
Belgium,1993.0,10000000.0,76.6,39400.0,High Income
Benin,1993.0,5710000.0,56.7,639.0,Low Income
Burkina Faso,1993.0,9840000.0,50.5,605.0,Low Income
Bangladesh,1993.0,113000000.0,61.0,538.0,Low Income
Bulgaria,1993.0,8610000.0,69.7,2100.0,Lower-Middle Income
Bahrain,1993.0,574000.0,70.1,16900.0,High Income
Bahamas,1993.0,288000.0,70.7,19000.0,High Income
Bosnia and Herzegovina,1993.0,3940000.0,69.0,485.0,Low Income
Belarus,1993.0,10500000.0,69.3,9720.0,Upper-Middle Income
Belize,1993.0,194000.0,73.5,4690.0,Upper-Middle Income
Bolivia,1993.0,7540000.0,62.9,1330.0,Lower-Middle Income
Brazil,1993.0,158000000.0,68.4,3880.0,Lower-Middle Income
Barbados,1993.0,261000.0,73.9,12900.0,Upper-Middle Income
Brunei,1993.0,285000.0,70.4,25300.0,High Income
Bhutan,1993.0,521000.0,62.2,706.0,Low Income
Botswana,1993.0,1460000.0,56.7,5600.0,Upper-Middle Income
Central African Republic,1993.0,3090000.0,46.0,757.0,Low Income
Canada,1993.0,28700000.0,77.8,31200.0,High Income
Switzerland,1993.0,6940000.0,78.7,74300.0,High Income
Chile,1993.0,14000000.0,75.0,5780.0,Upper-Middle Income
China,1993.0,0.0,69.0,706.0,Low Income
Cote d'Ivoire,1993.0,13300000.0,53.4,1260.0,Lower-Middle Income
Cameroon,1993.0,12500000.0,57.4,1600.0,Lower-Middle Income
"Congo, Dem. Rep.",1993.0,39600000.0,53.9,285.0,Low Income
"Congo, Rep.",1993.0,2590000.0,52.7,1530.0,Lower-Middle Income
Colombia,1993.0,34600000.0,71.7,2930.0,Lower-Middle Income
Comoros,1993.0,463000.0,59.4,1820.0,Lower-Middle Income
Cape Verde,1993.0,392000.0,69.8,2000.0,Lower-Middle Income
Costa Rica,1993.0,3410000.0,77.1,4610.0,Upper-Middle Income
Cuba,1993.0,10800000.0,75.1,3140.0,Lower-Middle Income
Cyprus,1993.0,826000.0,75.2,18400.0,High Income
Czech Republic,1993.0,10300000.0,73.0,5890.0,Upper-Middle Income
Germany,1993.0,80600000.0,76.3,43700.0,High Income
Djibouti,1993.0,611000.0,60.2,1820.0,Lower-Middle Income
Denmark,1993.0,5190000.0,75.5,48000.0,High Income
Dominican Republic,1993.0,7580000.0,73.2,2720.0,Lower-Middle Income
Algeria,1993.0,27400000.0,68.6,2910.0,Lower-Middle Income
Ecuador,1993.0,11100000.0,72.5,2810.0,Lower-Middle Income
Egypt,1993.0,61400000.0,65.4,1280.0,Lower-Middle Income
Eritrea,1993.0,1980000.0,53.2,364.0,Low Income
Spain,1993.0,39400000.0,77.7,25200.0,High Income
Estonia,1993.0,1500000.0,68.3,4190.0,Lower-Middle Income
Ethiopia,1993.0,53800000.0,49.2,353.0,Low Income
Finland,1993.0,5070000.0,76.3,34800.0,High Income
Fiji,1993.0,789000.0,66.2,3510.0,Lower-Middle Income
France,1993.0,57100000.0,77.8,39600.0,High Income
"Micronesia, Fed. Sts.",1993.0,106000.0,61.7,3560.0,Lower-Middle Income
Gabon,1993.0,1070000.0,60.7,7450.0,Upper-Middle Income
United Kingdom,1993.0,57600000.0,76.4,35900.0,High Income
Georgia,1993.0,5130000.0,67.8,2710.0,Lower-Middle Income
Ghana,1993.0,16600000.000000002,59.9,706.0,Low Income
Guinea,1993.0,7050000.0,53.1,824.0,Low Income
Gambia,1993.0,1170000.0,61.2,1190.0,Lower-Middle Income
Guinea-Bissau,1993.0,1060000.0,49.7,387.0,Low Income
Equatorial Guinea,1993.0,520000.0,51.8,622.0,Low Income
Greece,1993.0,10600000.0,77.6,15000.0,High Income
Grenada,1993.0,102000.0,69.9,5250.0,Upper-Middle Income
Guatemala,1993.0,9830000.0,61.9,1920.0,Lower-Middle Income
Guyana,1993.0,747000.0,63.2,773.0,Low Income
"Hong Kong, China",1993.0,6090000.0,78.3,32900.0,High Income
Honduras,1993.0,5500000.0,69.5,1600.0,Lower-Middle Income
Croatia,1993.0,4790000.0,72.7,6440.0,Upper-Middle Income
Haiti,1993.0,7350000.0,54.5,521.0,Low Income
Hungary,1993.0,10400000.0,69.2,6150.0,Upper-Middle Income
Indonesia,1993.0,192000000.0,65.3,1240.0,Lower-Middle Income
India,1993.0,926000000.0,60.6,538.0,Low Income
Ireland,1993.0,3550000.0,75.5,24500.0,High Income
Iran,1993.0,59800000.0,69.6,2100.0,Lower-Middle Income
Iraq,1993.0,19300000.0,67.1,67.0,Low Income
Iceland,1993.0,264000.0,78.6,33800.0,High Income
Israel,1993.0,5210000.0,77.5,23000.0,High Income
Italy,1993.0,56900000.0,77.8,36300.0,High Income
Jamaica,1993.0,2460000.0,75.5,3090.0,Lower-Middle Income
Jordan,1993.0,4080000.0,71.6,2150.0,Lower-Middle Income
Japan,1993.0,125000000.0,79.9,56100.0,High Income
Kazakhstan,1993.0,17000000.0,65.7,2400.0,Lower-Middle Income
Kenya,1993.0,25400000.0,59.0,454.0,Low Income
Kyrgyz Republic,1993.0,4510000.0,66.3,757.0,Low Income
Cambodia,1993.0,10200000.0,58.8,383.0,Low Income
Kiribati,1993.0,79100.0,54.9,1720.0,Lower-Middle Income
South Korea,1993.0,44900000.0,73.6,15100.0,High Income
Kuwait,1993.0,1650000.0,79.5,27000.0,High Income
Lao,1993.0,4690000.0,54.5,471.0,Low Income
Lebanon,1993.0,3820000.0,72.3,3730.0,Lower-Middle Income
Liberia,1993.0,2130000.0,50.1,100.0,Low Income
Libya,1993.0,4540000.0,73.9,4960.0,Upper-Middle Income
St. Lucia,1993.0,149000.0,70.7,7430.0,Upper-Middle Income
Sri Lanka,1993.0,17800000.0,72.1,1010.0,Low Income
Lesotho,1993.0,1890000.0,59.4,1110.0,Lower-Middle Income
Lithuania,1993.0,3790000.0,69.0,3630.0,Lower-Middle Income
Luxembourg,1993.0,397000.0,76.0,67300.0,High Income
Latvia,1993.0,2640000.0,66.9,3630.0,Lower-Middle Income
Morocco,1993.0,25800000.0,67.1,2070.0,Lower-Middle Income
Moldova,1993.0,4490000.0,67.8,1520.0,Lower-Middle Income
Madagascar,1993.0,13000000.0,56.6,488.0,Low Income
Maldives,1993.0,246000.0,67.3,2260.0,Lower-Middle Income
Mexico,1993.0,86600000.0,71.8,7550.0,Upper-Middle Income
North Macedonia,1993.0,2000000.0,70.2,2460.0,Lower-Middle Income
Mali,1993.0,9510000.0,51.3,538.0,Low Income
Malta,1993.0,375000.0,77.3,14400.0,High Income
Myanmar,1993.0,41800000.0,56.3,535.0,Low Income
Montenegro,1993.0,630000.0,74.7,1540.0,Lower-Middle Income
Mongolia,1993.0,2270000.0,59.8,857.0,Low Income
Mozambique,1993.0,14200000.0,52.4,353.0,Low Income
Mauritania,1993.0,2240000.0,60.6,1630.0,Lower-Middle Income
Mauritius,1993.0,1130000.0,70.7,5250.0,Upper-Middle Income
Malawi,1993.0,10300000.0,47.8,370.0,Low Income
Malaysia,1993.0,19100000.0,72.3,5430.0,Upper-Middle Income
Namibia,1993.0,1510000.0,62.0,3700.0,Lower-Middle Income
Niger,1993.0,9190000.0,48.2,656.0,Low Income
Nigeria,1993.0,103000000.0,54.7,605.0,Low Income
Nicaragua,1993.0,4530000.0,72.6,488.0,Low Income
Netherlands,1993.0,15300000.0,77.3,40400.0,High Income
Norway,1993.0,4310000.0,77.5,50800.0,High Income
Nepal,1993.0,21300000.0,60.3,319.0,Low Income
New Zealand,1993.0,3570000.0,76.3,20800.0,High Income
Oman,1993.0,2069999.9999999998,67.5,10600.0,Upper-Middle Income
Pakistan,1993.0,126000000.0,60.7,740.0,Low Income
Panama,1993.0,2610000.0,76.3,5450.0,Upper-Middle Income
Peru,1993.0,23500000.0,70.6,2610.0,Lower-Middle Income
Philippines,1993.0,66099999.99999999,69.4,1560.0,Lower-Middle Income
Papua New Guinea,1993.0,4290000.0,62.9,1650.0,Lower-Middle Income
Poland,1993.0,38300000.0,71.8,4170.0,Lower-Middle Income
Portugal,1993.0,9990000.0,74.9,17000.0,High Income
Paraguay,1993.0,4390000.0,75.8,2490.0,Lower-Middle Income
Palestine,1993.0,2410000.0,70.0,2100.0,Lower-Middle Income
Qatar,1993.0,486000.0,69.9,28500.0,High Income
Romania,1993.0,22700000.0,69.7,2000.0,Lower-Middle Income
Russia,1993.0,149000000.0,65.5,4910.0,Upper-Middle Income
Rwanda,1993.0,7900000.0,48.3,521.0,Low Income
Saudi Arabia,1993.0,17800000.0,69.0,13500.0,High Income
Sudan,1993.0,22200000.0,60.0,521.0,Low Income
Senegal,1993.0,8199999.999999999,59.1,1560.0,Lower-Middle Income
Singapore,1993.0,3330000.0,76.8,29800.0,High Income
Solomon Islands,1993.0,354000.0,56.2,1450.0,Lower-Middle Income
Sierra Leone,1993.0,4300000.0,51.6,269.0,Low Income
El Salvador,1993.0,5630000.0,70.9,1970.0,Lower-Middle Income
Somalia,1993.0,6620000.0,50.3,451.0,Low Income
Serbia,1993.0,7960000.0,71.0,3540.0,Lower-Middle Income
South Sudan,1993.0,5020000.0,55.3,569.0,Low Income
Sao Tome and Principe,1993.0,128000.0,64.1,774.0,Low Income
Suriname,1993.0,422000.0,67.8,1630.0,Lower-Middle Income
Slovak Republic,1993.0,5320000.0,72.2,6020.0,Upper-Middle Income
Slovenia,1993.0,1990000.0,74.7,14800.0,High Income
Sweden,1993.0,8680000.0,78.5,47400.0,High Income
Eswatini,1993.0,953000.0,61.8,2660.0,Lower-Middle Income
Seychelles,1993.0,73000.0,70.7,10700.0,Upper-Middle Income
Syria,1993.0,13500000.0,69.3,8020.0,Upper-Middle Income
Chad,1993.0,6450000.0,53.7,404.0,Low Income
Togo,1993.0,4080000.0,57.9,555.0,Low Income
Thailand,1993.0,57800000.0,71.2,3580.0,Lower-Middle Income
Tajikistan,1993.0,5720000.0,58.8,404.0,Low Income
Turkmenistan,1993.0,4030000.0000000005,64.4,1410.0,Lower-Middle Income
Timor-Leste,1993.0,795000.0,61.7,1150.0,Lower-Middle Income
Tonga,1993.0,99500.0,71.3,2570.0,Lower-Middle Income
Trinidad and Tobago,1993.0,1290000.0,69.4,6860.0,Upper-Middle Income
Tunisia,1993.0,8980000.0,72.7,2790.0,Lower-Middle Income
Turkey,1993.0,57300000.0,70.1,5280.0,Upper-Middle Income
Tanzania,1993.0,28500000.0,53.7,286.0,Low Income
Uganda,1993.0,19500000.0,47.8,303.0,Low Income
Ukraine,1993.0,51800000.0,68.6,3060.0,Lower-Middle Income
Uruguay,1993.0,3170000.0,73.3,7310.0,Upper-Middle Income
United States,1993.0,259000000.0,75.9,44400.0,High Income
Uzbekistan,1993.0,22100000.0,67.1,992.0,Low Income
St. Vincent and the Grenadines,1993.0,114000.0,70.3,4560.0,Upper-Middle Income
Venezuela,1993.0,21200000.0,72.8,4790.0,Upper-Middle Income
Vietnam,1993.0,71200000.0,70.2,269.0,Low Income
Vanuatu,1993.0,163000.0,63.1,1930.0,Lower-Middle Income
Samoa,1993.0,171000.0,67.4,1670.0,Lower-Middle Income
Yemen,1993.0,15000000.0,60.3,773.0,Low Income
South Africa,1993.0,42500000.0,64.3,5870.0,Upper-Middle Income
Zambia,1993.0,8270000.0,48.7,639.0,Low Income
Zimbabwe,1993.0,10800000.0,58.0,1080.0,Low Income
Afghanistan,1994.0,15500000.0,53.9,151.0,Low Income
Angola,1994.0,13500000.0,50.3,544.0,Low Income
Albania,1994.0,3290000.0,74.6,627.0,Low Income
United Arab Emirates,1994.0,2330000.0,68.7,34900.0,High Income
Argentina,1994.0,34500000.0,73.4,12600.0,Upper-Middle Income
Armenia,1994.0,3370000.0,69.5,660.0,Low Income
Antigua and Barbuda,1994.0,67100.0,73.3,13900.0,High Income
Australia,1994.0,17800000.0,78.0,31100.0,High Income
Austria,1994.0,7940000.0,76.7,43100.0,High Income
Azerbaijan,1994.0,7820000.0,63.8,132.0,Low Income
Burundi,1994.0,5590000.0,43.9,264.0,Low Income
Belgium,1994.0,10100000.0,76.8,41400.0,High Income
Benin,1994.0,5920000.0,56.8,544.0,Low Income
Burkina Faso,1994.0,10100000.0,50.6,462.0,Low Income
Bangladesh,1994.0,116000000.0,61.8,528.0,Low Income
Bulgaria,1994.0,8550000.0,69.3,2050.0,Lower-Middle Income
Bahrain,1994.0,593000.0,70.3,16000.0,High Income
Bahamas,1994.0,294000.0,70.5,19100.0,High Income
Bosnia and Herzegovina,1994.0,3760000.0,70.7,499.0,Low Income
Belarus,1994.0,10500000.0,69.1,8590.0,Upper-Middle Income
Belize,1994.0,198000.0,73.2,4580.0,Upper-Middle Income
Bolivia,1994.0,7690000.0,63.6,1340.0,Lower-Middle Income
Brazil,1994.0,161000000.0,68.8,4400.0,Upper-Middle Income
Barbados,1994.0,262000.0,73.8,13200.0,Upper-Middle Income
Brunei,1994.0,292000.0,71.0,24900.0,High Income
Bhutan,1994.0,521000.0,62.6,742.0,Low Income
Botswana,1994.0,1500000.0,54.6,4880.0,Upper-Middle Income
Central African Republic,1994.0,3190000.0,45.3,610.0,Low Income
Canada,1994.0,29000000.0,78.0,32200.000000000004,High Income
Switzerland,1994.0,6990000.0,79.0,74600.0,High Income
Chile,1994.0,14200000.0,75.2,6150.0,Upper-Middle Income
China,1994.0,0.0,69.4,775.0,Low Income
Cote d'Ivoire,1994.0,13800000.0,52.5,1120.0,Lower-Middle Income
Cameroon,1994.0,12800000.0,57.1,1400.0,Lower-Middle Income
"Congo, Dem. Rep.",1994.0,41500000.0,53.7,264.0,Low Income
"Congo, Rep.",1994.0,2670000.0,52.5,1250.0,Lower-Middle Income
Colombia,1994.0,35300000.0,72.1,3380.0,Lower-Middle Income
Comoros,1994.0,473000.0,59.6,1440.0,Lower-Middle Income
Cape Verde,1994.0,402000.0,69.7,2140.0,Lower-Middle Income
Costa Rica,1994.0,3490000.0,76.8,4910.0,Upper-Middle Income
Cuba,1994.0,10900000.0,75.1,3530.0,Lower-Middle Income
Cyprus,1994.0,844000.0,75.4,19300.0,High Income
Czech Republic,1994.0,10300000.0,73.2,6880.0,Upper-Middle Income
Germany,1994.0,80900000.0,76.6,45400.0,High Income
Djibouti,1994.0,623000.0,59.8,1740.0,Lower-Middle Income
Denmark,1994.0,5210000.0,75.5,50100.0,High Income
Dominican Republic,1994.0,7720000.0,73.6,2890.0,Lower-Middle Income
Algeria,1994.0,27900000.0,68.7,2670.0,Lower-Middle Income
Ecuador,1994.0,11300000.0,73.2,3000.0,Lower-Middle Income
Egypt,1994.0,62800000.0,65.7,1350.0,Lower-Middle Income
Eritrea,1994.0,2040000.0,53.6,445.0,Low Income
Spain,1994.0,39600000.0,78.0,23900.0,High Income
Estonia,1994.0,1480000.0,66.8,4210.0,Lower-Middle Income
Ethiopia,1994.0,55600000.0,49.4,264.0,Low Income
Finland,1994.0,5090000.0,76.8,33300.0,High Income
Fiji,1994.0,791000.0,66.2,3680.0,Lower-Middle Income
France,1994.0,57200000.0,78.0,40200.0,High Income
"Micronesia, Fed. Sts.",1994.0,109000.0,61.8,3510.0,Lower-Middle Income
Gabon,1994.0,1090000.0,60.6,6810.0,Upper-Middle Income
United Kingdom,1994.0,57800000.0,76.7,36100.0,High Income
Georgia,1994.0,5000000.0,68.8,1250.0,Lower-Middle Income
Ghana,1994.0,17000000.0,59.6,610.0,Low Income
Guinea,1994.0,7260000.0,53.3,824.0,Low Income
Gambia,1994.0,1210000.0,61.3,1140.0,Lower-Middle Income
Guinea-Bissau,1994.0,1090000.0,49.8,363.0,Low Income
Equatorial Guinea,1994.0,540000.0,52.0,445.0,Low Income
Greece,1994.0,10600000.0,77.7,15900.0,High Income
Grenada,1994.0,103000.0,70.3,5290.0,Upper-Middle Income
Guatemala,1994.0,10100000.0,62.5,2030.0,Lower-Middle Income
Guyana,1994.0,750000.0,63.4,940.0,Low Income
"Hong Kong, China",1994.0,6170000.0,78.5,36000.0,High Income
Honduras,1994.0,5650000.0,70.0,1450.0,Lower-Middle Income
Croatia,1994.0,4820000.0,73.3,6940.0,Upper-Middle Income
Haiti,1994.0,7490000.0,54.8,429.0,Low Income
Hungary,1994.0,10300000.0,69.6,6650.0,Upper-Middle Income
Indonesia,1994.0,195000000.0,65.7,1400.0,Lower-Middle Income
India,1994.0,945000000.0,61.2,561.0,Low Income
Ireland,1994.0,3560000.0,75.8,25500.0,High Income
Iran,1994.0,60000000.0,70.0,2040.0,Lower-Middle Income
Iraq,1994.0,20200000.0,67.1,99.0,Low Income
Iceland,1994.0,266000.0,78.7,36200.0,High Income
Israel,1994.0,5350000.0,77.7,24400.0,High Income
Italy,1994.0,56900000.0,78.0,34400.0,High Income
Jamaica,1994.0,2480000.0,75.3,3100.0,Lower-Middle Income
Jordan,1994.0,4280000.0,71.7,2210.0,Lower-Middle Income
Japan,1994.0,125000000.0,80.2,60100.0,High Income
Kazakhstan,1994.0,16700000.0,64.8,2160.0,Lower-Middle Income
Kenya,1994.0,26100000.0,57.9,429.0,Low Income
Kyrgyz Republic,1994.0,4530000.0,65.5,610.0,Low Income
Cambodia,1994.0,10600000.0,58.7,392.0,Low Income
Kiribati,1994.0,80300.0,55.1,1730.0,Lower-Middle Income
South Korea,1994.0,45200000.0,73.9,16600.0,High Income
Kuwait,1994.0,1640000.0,78.7,31300.0,High Income
Lao,1994.0,4810000.0,54.9,511.0,Low Income
Lebanon,1994.0,3890000.0,72.7,4300.0,Upper-Middle Income
Liberia,1994.0,2130000.0,48.6,82.0,Low Income
Libya,1994.0,4640000.0,74.3,5390.0,Upper-Middle Income
St. Lucia,1994.0,151000.0,71.0,7440.0,Upper-Middle Income
Sri Lanka,1994.0,18000000.0,72.1,1060.0,Low Income
Lesotho,1994.0,1910000.0,58.3,1120.0,Lower-Middle Income
Lithuania,1994.0,3770000.0,68.5,3310.0,Lower-Middle Income
Luxembourg,1994.0,402000.0,76.3,68200.0,High Income
Latvia,1994.0,2610000.0,65.7,3740.0,Lower-Middle Income
Morocco,1994.0,26200000.0,67.5,2230.0,Lower-Middle Income
Moldova,1994.0,4480000.0,66.4,1050.0,Low Income
Madagascar,1994.0,13400000.0,57.3,478.0,Low Income
Maldives,1994.0,252000.0,68.1,2340.0,Lower-Middle Income
Mexico,1994.0,88300000.0,72.2,8760.0,Upper-Middle Income
North Macedonia,1994.0,1980000.0,70.5,2310.0,Lower-Middle Income
Mali,1994.0,9710000.0,51.4,462.0,Low Income
Malta,1994.0,379000.0,77.7,14200.0,High Income
Myanmar,1994.0,42300000.0,56.6,556.0,Low Income
Montenegro,1994.0,631000.0,74.4,1620.0,Lower-Middle Income
Mongolia,1994.0,2300000.0,59.6,709.0,Low Income
Mozambique,1994.0,14900000.0,52.6,313.0,Low Income
Mauritania,1994.0,2320000.0,60.8,1440.0,Lower-Middle Income
Mauritius,1994.0,1150000.0,70.8,5330.0,Upper-Middle Income
Malawi,1994.0,10100000.0,46.9,264.0,Low Income
Malaysia,1994.0,19600000.0,72.2,5940.0,Upper-Middle Income
Namibia,1994.0,1560000.0,61.0,3740.0,Lower-Middle Income
Niger,1994.0,9490000.0,48.8,495.0,Low Income
Nigeria,1994.0,105000000.0,54.7,511.0,Low Income
Nicaragua,1994.0,4630000.0,73.0,742.0,Low Income
Netherlands,1994.0,15300000.0,77.6,41800.0,High Income
Norway,1994.0,4340000.0,77.8,50900.0,High Income
Nepal,1994.0,21800000.0,61.2,330.0,Low Income
New Zealand,1994.0,3620000.0,76.7,22100.0,High Income
Oman,1994.0,2130000.0,67.7,10200.0,Upper-Middle Income
Pakistan,1994.0,129000000.0,60.6,726.0,Low Income
Panama,1994.0,2660000.0,76.6,5620.0,Upper-Middle Income
Peru,1994.0,24000000.0,71.2,2900.0,Lower-Middle Income
Philippines,1994.0,67700000.0,69.6,1730.0,Lower-Middle Income
Papua New Guinea,1994.0,4450000.0,63.1,1700.0,Lower-Middle Income
Poland,1994.0,38400000.0,71.8,4550.0,Upper-Middle Income
Portugal,1994.0,10000000.0,75.4,17200.0,High Income
Paraguay,1994.0,4500000.0,75.7,2570.0,Lower-Middle Income
Palestine,1994.0,2520000.0,70.6,2330.0,Lower-Middle Income
Qatar,1994.0,501000.0,71.0,28300.0,High Income
Romania,1994.0,22600000.0,69.5,2090.0,Lower-Middle Income
Russia,1994.0,149000000.0,64.2,4370.0,Upper-Middle Income
Rwanda,1994.0,6730000.0,9.5,247.0,Low Income
Saudi Arabia,1994.0,18400000.0,69.2,12700.0,Upper-Middle Income
Sudan,1994.0,22700000.0,60.9,528.0,Low Income
Senegal,1994.0,8420000.0,59.2,1270.0,Lower-Middle Income
Singapore,1994.0,3440000.0,77.0,34300.0,High Income
Solomon Islands,1994.0,365000.0,56.4,1650.0,Lower-Middle Income
Sierra Leone,1994.0,4310000.0,50.8,264.0,Low Income
El Salvador,1994.0,5690000.0,70.9,2130.0,Lower-Middle Income
Somalia,1994.0,6960000.0,50.1,356.0,Low Income
Serbia,1994.0,7970000.0,70.6,3750.0,Lower-Middle Income
South Sudan,1994.0,5140000.0,55.6,565.0,Low Income
Sao Tome and Principe,1994.0,131000.0,64.1,781.0,Low Income
Suriname,1994.0,427000.0,68.8,1810.0,Lower-Middle Income
Slovak Republic,1994.0,5340000.0,72.7,6370.0,Upper-Middle Income
Slovenia,1994.0,1990000.0,74.9,15600.0,High Income
Sweden,1994.0,8720000.0,78.8,45700.0,High Income
Eswatini,1994.0,954000.0,60.9,2590.0,Lower-Middle Income
Seychelles,1994.0,73800.0,70.6,10800.0,Upper-Middle Income
Syria,1994.0,13900000.0,69.5,7940.0,Upper-Middle Income
Chad,1994.0,6590000.0,53.5,363.0,Low Income
Togo,1994.0,4090000.0,57.7,511.0,Low Income
Thailand,1994.0,58600000.0,70.9,3960.0,Lower-Middle Income
Tajikistan,1994.0,5800000.0,64.2,363.0,Low Income
Turkmenistan,1994.0,4130000.0,64.3,874.0,Low Income
Timor-Leste,1994.0,807000.0,62.4,1210.0,Lower-Middle Income
Tonga,1994.0,99700.0,71.3,3000.0,Lower-Middle Income
Trinidad and Tobago,1994.0,1300000.0,69.2,6400.0,Upper-Middle Income
Tunisia,1994.0,9140000.0,73.0,2820.0,Lower-Middle Income
Turkey,1994.0,58300000.0,70.4,4420.0,Upper-Middle Income
Tanzania,1994.0,29600000.0,53.2,264.0,Low Income
Uganda,1994.0,20100000.0,47.9,297.0,Low Income
Ukraine,1994.0,51500000.0,67.9,1630.0,Lower-Middle Income
Uruguay,1994.0,3190000.0,73.6,8310.0,Upper-Middle Income
United States,1994.0,262000000.0,76.0,45600.0,High Income
Uzbekistan,1994.0,22600000.0,66.2,940.0,Low Income
St. Vincent and the Grenadines,1994.0,114000.0,70.3,4390.0,Upper-Middle Income
Venezuela,1994.0,21600000.0,72.3,4520.0,Upper-Middle Income
Vietnam,1994.0,72500000.0,70.5,313.0,Low Income
Vanuatu,1994.0,167000.0,63.2,2000.0,Lower-Middle Income
Samoa,1994.0,173000.0,67.5,1620.0,Lower-Middle Income
Yemen,1994.0,15600000.0,60.5,627.0,Low Income
South Africa,1994.0,43300000.0,63.4,6170.0,Upper-Middle Income
Zambia,1994.0,8470000.0,47.7,577.0,Low Income
Zimbabwe,1994.0,10900000.0,56.2,1040.0,Low Income
Afghanistan,1995.0,16399999.999999998,54.3,224.0,Low Income
Angola,1995.0,13900000.0,51.2,701.0,Low Income
Albania,1995.0,3280000.0,74.6,1020.0,Low Income
United Arab Emirates,1995.0,2430000.0,68.8,37000.0,High Income
Argentina,1995.0,34900000.0,73.4,11700.0,Upper-Middle Income
Armenia,1995.0,3320000.0,70.1,749.0,Low Income
Antigua and Barbuda,1995.0,68400.0,73.3,13000.0,Upper-Middle Income
Australia,1995.0,18000000.0,78.3,30700.0,High Income
Austria,1995.0,7950000.0,77.0,44900.0,High Income
Azerbaijan,1995.0,7890000.0,64.7,287.0,Low Income
Burundi,1995.0,5930000.0,43.4,239.0,Low Income
Belgium,1995.0,10100000.0,77.0,43100.0,High Income
Benin,1995.0,6050000.0,56.9,574.0,Low Income
Burkina Faso,1995.0,10400000.0,50.7,398.0,Low Income
Bangladesh,1995.0,118000000.0,62.2,542.0,Low Income
Bulgaria,1995.0,8480000.0,69.4,2420.0,Lower-Middle Income
Bahrain,1995.0,613000.0,70.5,16500.0,High Income
Bahamas,1995.0,300000.0,70.8,22700.0,High Income
Bosnia and Herzegovina,1995.0,3750000.0,66.2,620.0,Low Income
Belarus,1995.0,10500000.0,68.7,3490.0,Lower-Middle Income
Belize,1995.0,204000.0,72.9,4560.0,Upper-Middle Income
Bolivia,1995.0,7840000.0,64.0,1350.0,Lower-Middle Income
Brazil,1995.0,164000000.0,69.2,5460.0,Upper-Middle Income
Barbados,1995.0,262000.0,73.9,13300.0,High Income
Brunei,1995.0,299000.0,71.5,25000.0,High Income
Bhutan,1995.0,528000.0,63.4,733.0,Low Income
Botswana,1995.0,1540000.0,52.5,5190.0,Upper-Middle Income
Central African Republic,1995.0,3280000.0,44.7,558.0,Low Income
Canada,1995.0,29300000.0,78.1,32800.0,High Income
Switzerland,1995.0,7040000.0,78.9,74500.0,High Income
Chile,1995.0,14400000.0,75.3,7040.0,Upper-Middle Income
China,1995.0,0.0,69.8,860.0,Low Income
Cote d'Ivoire,1995.0,14300000.0,51.7,1120.0,Lower-Middle Income
Cameroon,1995.0,13200000.0,56.6,1320.0,Lower-Middle Income
"Congo, Dem. Rep.",1995.0,43300000.0,53.6,239.0,Low Income
"Congo, Rep.",1995.0,2740000.0,52.3,765.0,Low Income
Colombia,1995.0,36000000.0,72.5,3740.0,Lower-Middle Income
Comoros,1995.0,484000.0,59.8,1350.0,Lower-Middle Income
Cape Verde,1995.0,411000.0,68.7,2250.0,Lower-Middle Income
Costa Rica,1995.0,3570000.0,76.5,5070.0,Upper-Middle Income
Cuba,1995.0,10900000.0,75.4,4060.0,Lower-Middle Income
Cyprus,1995.0,862000.0,75.5,20400.0,High Income
Czech Republic,1995.0,10300000.0,73.4,8210.0,Upper-Middle Income
Germany,1995.0,81100000.0,76.9,47000.0,High Income
Djibouti,1995.0,630000.0,60.5,1830.0,Lower-Middle Income
Denmark,1995.0,5240000.0,75.6,51900.0,High Income
Dominican Republic,1995.0,7870000.0,73.7,3120.0,Lower-Middle Income
Algeria,1995.0,28500000.0,69.0,2470.0,Lower-Middle Income
Ecuador,1995.0,11600000.0,73.6,3140.0,Lower-Middle Income
Egypt,1995.0,64200000.0,66.4,1470.0,Lower-Middle Income
Eritrea,1995.0,2160000.0,53.6,430.0,Low Income
Spain,1995.0,39800000.0,78.1,23600.0,High Income
Estonia,1995.0,1450000.0,68.0,4480.0,Upper-Middle Income
Ethiopia,1995.0,57500000.0,49.6,239.0,Low Income
Finland,1995.0,5110000.0,76.9,35100.0,High Income
Fiji,1995.0,792000.0,66.1,3920.0,Lower-Middle Income
France,1995.0,57400000.0,78.2,41000.0,High Income
"Micronesia, Fed. Sts.",1995.0,110000.0,62.0,3510.0,Lower-Middle Income
Gabon,1995.0,1120000.0,60.4,6230.0,Upper-Middle Income
United Kingdom,1995.0,57900000.0,76.8,33600.0,High Income
Georgia,1995.0,4880000.0,70.0,876.0,Low Income
Ghana,1995.0,17400000.0,59.9,589.0,Low Income
Guinea,1995.0,7470000.0,53.5,797.0,Low Income
Gambia,1995.0,1240000.0,61.4,1100.0,Lower-Middle Income
Guinea-Bissau,1995.0,1120000.0,50.3,350.0,Low Income
Equatorial Guinea,1995.0,561000.0,52.2,398.0,Low Income
Greece,1995.0,10700000.0,77.8,16600.0,High Income
Grenada,1995.0,104000.0,70.7,5270.0,Upper-Middle Income
Guatemala,1995.0,10400000.0,64.1,2170.0,Lower-Middle Income
Guyana,1995.0,752000.0,63.1,1070.0,Low Income
"Hong Kong, China",1995.0,6240000.0,78.7,37500.0,High Income
Honduras,1995.0,5810000.0,69.5,1430.0,Lower-Middle Income
Croatia,1995.0,4810000.0,73.0,7620.0,Upper-Middle Income
Haiti,1995.0,7630000.0,55.4,494.0,Low Income
Hungary,1995.0,10300000.0,70.0,6770.0,Upper-Middle Income
Indonesia,1995.0,198000000.0,66.0,1580.0,Lower-Middle Income
India,1995.0,964000000.0,61.7,589.0,Low Income
Ireland,1995.0,3580000.0,75.7,27000.0,High Income
Iran,1995.0,60800000.0,70.4,2060.0,Lower-Middle Income
Iraq,1995.0,20900000.0,67.2,207.0,Low Income
Iceland,1995.0,268000.0,78.4,38100.0,High Income
Israel,1995.0,5480000.0,77.8,25600.0,High Income
Italy,1995.0,56900000.0,78.2,32900.0,High Income
Jamaica,1995.0,2510000.0,75.3,3650.0,Lower-Middle Income
Jordan,1995.0,4460000.0,71.8,2260.0,Lower-Middle Income
Japan,1995.0,125000000.0,80.2,66600.0,High Income
Kazakhstan,1995.0,16399999.999999998,64.0,2040.0,Lower-Middle Income
Kenya,1995.0,26900000.0,57.0,430.0,Low Income
Kyrgyz Republic,1995.0,4600000.0,65.6,574.0,Low Income
Cambodia,1995.0,10900000.0,59.0,398.0,Low Income
Kiribati,1995.0,81500.0,55.3,1830.0,Lower-Middle Income
South Korea,1995.0,45400000.0,74.3,18800.0,High Income
Kuwait,1995.0,1660000.0,78.3,32700.000000000004,High Income
Lao,1995.0,4930000.0,55.6,558.0,Low Income
Lebanon,1995.0,3960000.0,73.2,5030.0,Upper-Middle Income
Liberia,1995.0,2140000.0,50.3,81.0,Low Income
Libya,1995.0,4730000.0,74.6,5670.0,Upper-Middle Income
St. Lucia,1995.0,152000.0,71.4,7410.0,Upper-Middle Income
Sri Lanka,1995.0,18200000.0,70.9,1100.0,Lower-Middle Income
Lesotho,1995.0,1930000.0,57.1,1100.0,Lower-Middle Income
Lithuania,1995.0,3750000.0,69.0,3520.0,Lower-Middle Income
Luxembourg,1995.0,408000.0,76.6,72900.0,High Income
Latvia,1995.0,2570000.0,66.7,3740.0,Lower-Middle Income
Morocco,1995.0,26600000.0,67.7,2070.0,Lower-Middle Income
Moldova,1995.0,4460000.0,66.0,1030.0,Low Income
Madagascar,1995.0,13900000.0,57.9,446.0,Low Income
Maldives,1995.0,258000.0,68.7,2450.0,Lower-Middle Income
Mexico,1995.0,90000000.0,72.3,7630.0,Upper-Middle Income
North Macedonia,1995.0,1980000.0,70.7,2850.0,Lower-Middle Income
Mali,1995.0,9920000.0,51.7,430.0,Low Income
Malta,1995.0,382000.0,77.8,14700.0,High Income
Myanmar,1995.0,42900000.0,57.0,569.0,Low Income
Montenegro,1995.0,632000.0,74.3,1910.0,Lower-Middle Income
Mongolia,1995.0,2330000.0,59.5,733.0,Low Income
Mozambique,1995.0,15600000.0,52.6,303.0,Low Income
Mauritania,1995.0,2380000.0,61.3,1430.0,Lower-Middle Income
Mauritius,1995.0,1160000.0,71.1,5530.0,Upper-Middle Income
Malawi,1995.0,10100000.0,46.3,255.0,Low Income
Malaysia,1995.0,20100000.0,71.8,6450.0,Upper-Middle Income
Namibia,1995.0,1610000.0,60.3,3920.0,Lower-Middle Income
Niger,1995.0,9810000.0,48.6,414.0,Low Income
Nigeria,1995.0,108000000.0,54.6,494.0,Low Income
Nicaragua,1995.0,4720000.0,71.5,972.0,Low Income
Netherlands,1995.0,15400000.0,77.7,44100.0,High Income
Norway,1995.0,4360000.0,78.0,52100.0,High Income
Nepal,1995.0,22300000.0,61.8,319.0,Low Income
New Zealand,1995.0,3670000.0,76.8,24300.0,High Income
Oman,1995.0,2170000.0,67.9,9990.0,Upper-Middle Income
Pakistan,1995.0,133000000.0,60.3,749.0,Low Income
Panama,1995.0,2720000.0,76.5,5430.0,Upper-Middle Income
Peru,1995.0,24400000.0,71.5,3110.0,Lower-Middle Income
Philippines,1995.0,69300000.0,69.8,1850.0,Lower-Middle Income
Papua New Guinea,1995.0,4620000.0,63.2,1510.0,Lower-Middle Income
Poland,1995.0,38400000.0,72.0,5180.0,Upper-Middle Income
Portugal,1995.0,10100000.0,75.5,17900.0,High Income
Paraguay,1995.0,4600000.0,75.4,2680.0,Lower-Middle Income
Palestine,1995.0,2620000.0,70.9,2380.0,Lower-Middle Income
Qatar,1995.0,515000.0,71.8,28400.0,High Income
Romania,1995.0,22500000.0,69.4,2370.0,Lower-Middle Income
Russia,1995.0,149000000.0,64.8,4210.0,Lower-Middle Income
Rwanda,1995.0,5690000.0,46.4,335.0,Low Income
Saudi Arabia,1995.0,18900000.0,69.4,12400.0,Upper-Middle Income
Sudan,1995.0,23300000.0,61.3,637.0,Low Income
Senegal,1995.0,8630000.0,59.2,1180.0,Lower-Middle Income
Singapore,1995.0,3540000.0,77.1,37600.0,High Income
Solomon Islands,1995.0,375000.0,56.6,1910.0,Lower-Middle Income
Sierra Leone,1995.0,4320000.0,50.6,287.0,Low Income
El Salvador,1995.0,5750000.0,71.6,2360.0,Lower-Middle Income
Somalia,1995.0,7210000.0,50.3,352.0,Low Income
Serbia,1995.0,7980000.0,70.6,4100.0,Lower-Middle Income
South Sudan,1995.0,5300000.0,55.8,567.0,Low Income
Sao Tome and Principe,1995.0,133000.0,64.1,787.0,Low Income
Suriname,1995.0,434000.0,70.9,2100.0,Lower-Middle Income
Slovak Republic,1995.0,5350000.0,72.7,6720.0,Upper-Middle Income
Slovenia,1995.0,1990000.0,75.1,16200.0,High Income
Sweden,1995.0,8760000.0,79.1,44700.0,High Income
Eswatini,1995.0,954000.0,59.3,2900.0,Lower-Middle Income
Seychelles,1995.0,74700.0,71.0,10300.0,Upper-Middle Income
Syria,1995.0,14300000.0,69.8,7850.0,Upper-Middle Income
Chad,1995.0,6890000.0,53.5,335.0,Low Income
Togo,1995.0,4280000.0,57.5,478.0,Low Income
Thailand,1995.0,59400000.0,70.7,4370.0,Upper-Middle Income
Tajikistan,1995.0,5920000.0,64.6,335.0,Low Income
Turkmenistan,1995.0,4230000.0,64.6,988.0,Low Income
Timor-Leste,1995.0,819000.0,62.6,1290.0,Lower-Middle Income
Tonga,1995.0,100000.0,71.6,3330.0,Lower-Middle Income
Trinidad and Tobago,1995.0,1310000.0,69.8,6330.0,Upper-Middle Income
Tunisia,1995.0,9290000.0,73.0,2850.0,Lower-Middle Income
Turkey,1995.0,59300000.0,70.8,4540.0,Upper-Middle Income
Tanzania,1995.0,30600000.0,52.9,271.0,Low Income
Uganda,1995.0,20700000.0,48.0,366.0,Low Income
Ukraine,1995.0,51100000.0,67.0,1470.0,Lower-Middle Income
Uruguay,1995.0,3210000.0,73.7,8810.0,Upper-Middle Income
United States,1995.0,266000000.0,76.1,46300.0,High Income
Uzbekistan,1995.0,23000000.0,65.7,924.0,Low Income
St. Vincent and the Grenadines,1995.0,114000.0,70.5,4600.0,Upper-Middle Income
Venezuela,1995.0,22100000.0,72.6,4840.0,Upper-Middle Income
Vietnam,1995.0,73800000.0,70.8,398.0,Low Income
Vanuatu,1995.0,171000.0,63.3,1980.0,Lower-Middle Income
Samoa,1995.0,175000.0,67.7,1710.0,Lower-Middle Income
Yemen,1995.0,16100000.000000002,61.1,510.0,Low Income
South Africa,1995.0,44000000.0,62.9,6390.0,Upper-Middle Income
Zambia,1995.0,8680000.0,46.8,605.0,Low Income
Zimbabwe,1995.0,11000000.0,54.2,988.0,Low Income
Afghanistan,1996.0,17100000.0,54.7,212.0,Low Income
Angola,1996.0,14400000.0,51.7,502.0,Low Income
Albania,1996.0,3270000.0,74.5,1400.0,Lower-Middle Income
United Arab Emirates,1996.0,2570000.0,68.9,38500.0,High Income
Argentina,1996.0,35400000.0,73.5,12100.0,Upper-Middle Income
Armenia,1996.0,3300000.0,70.4,815.0,Low Income
Antigua and Barbuda,1996.0,69800.0,74.0,13600.0,High Income
Australia,1996.0,18200000.0,78.5,32100.0,High Income
Austria,1996.0,7960000.0,77.3,47200.0,High Income
Azerbaijan,1996.0,7950000.0,65.3,376.0,Low Income
Burundi,1996.0,5930000.0,43.0,219.0,Low Income
Belgium,1996.0,10100000.0,77.3,44800.0,High Income
Benin,1996.0,6200000.0,56.9,549.0,Low Income
Burkina Faso,1996.0,10600000.0,50.0,392.0,Low Income
Bangladesh,1996.0,120000000.0,63.1,580.0,Low Income
Bulgaria,1996.0,8400000.0,69.3,2490.0,Lower-Middle Income
Bahrain,1996.0,633000.0,70.7,16900.0,High Income
Bahamas,1996.0,305000.0,70.4,25000.0,High Income
Bosnia and Herzegovina,1996.0,3910000.0,73.5,1190.0,Lower-Middle Income
Belarus,1996.0,10400000.0,68.9,2380.0,Lower-Middle Income
Belize,1996.0,210000.0,72.2,4520.0,Upper-Middle Income
Bolivia,1996.0,7990000.0,64.6,1410.0,Lower-Middle Income
Brazil,1996.0,166000000.0,69.5,6820.0,Upper-Middle Income
Barbados,1996.0,263000.0,74.1,13600.0,High Income
Brunei,1996.0,306000.0,72.0,25400.0,High Income
Bhutan,1996.0,537000.0,64.2,800.0,Low Income
Botswana,1996.0,1580000.0,50.6,4990.0,Upper-Middle Income
Central African Republic,1996.0,3360000.0,44.2,470.0,Low Income
Canada,1996.0,29600000.0,78.4,33000.0,High Income
Switzerland,1996.0,7070000.0,79.3,78000.0,High Income
Chile,1996.0,14600000.0,75.5,7950.0,Upper-Middle Income
China,1996.0,0.0,70.1,1020.0,Low Income
Cote d'Ivoire,1996.0,14800000.0,51.3,847.0,Low Income
Cameroon,1996.0,13600000.0,56.2,1160.0,Lower-Middle Income
"Congo, Dem. Rep.",1996.0,44100000.0,52.0,204.0,Low Income
"Congo, Rep.",1996.0,2820000.0,52.1,737.0,Low Income
Colombia,1996.0,36600000.0,72.8,3980.0,Lower-Middle Income
Comoros,1996.0,494000.0,59.2,1220.0,Lower-Middle Income
Cape Verde,1996.0,421000.0,69.7,2120.0,Lower-Middle Income
Costa Rica,1996.0,3660000.0,77.1,5080.0,Upper-Middle Income
Cuba,1996.0,11000000.0,75.8,4250.0,Lower-Middle Income
Cyprus,1996.0,880000.0,75.8,21800.0,High Income
Czech Republic,1996.0,10300000.0,74.0,9380.0,Upper-Middle Income
Germany,1996.0,81300000.0,77.1,48400.0,High Income
Djibouti,1996.0,645000.0,60.5,1700.0,Lower-Middle Income
Denmark,1996.0,5260000.0,75.9,54500.0,High Income
Dominican Republic,1996.0,8010000.0,73.5,3400.0,Lower-Middle Income
Algeria,1996.0,29000000.0,69.6,2380.0,Lower-Middle Income
Ecuador,1996.0,11800000.0,73.5,3260.0,Lower-Middle Income
Egypt,1996.0,65599999.99999999,66.9,1600.0,Lower-Middle Income
Eritrea,1996.0,2260000.0,54.0,470.0,Low Income
Spain,1996.0,40000000.0,78.3,24400.0,High Income
Estonia,1996.0,1430000.0,70.0,4770.0,Upper-Middle Income
Ethiopia,1996.0,59300000.0,50.1,235.0,Low Income
Finland,1996.0,5120000.0,77.2,39100.0,High Income
Fiji,1996.0,797000.0,66.0,4170.0,Lower-Middle Income
France,1996.0,57600000.0,78.4,42500.0,High Income
"Micronesia, Fed. Sts.",1996.0,111000.0,62.2,3360.0,Lower-Middle Income
Gabon,1996.0,1150000.0,60.0,6430.0,Upper-Middle Income
United Kingdom,1996.0,58100000.0,77.0,35700.0,High Income
Georgia,1996.0,4760000.0,70.9,1050.0,Low Income
Ghana,1996.0,17800000.0,59.8,596.0,Low Income
Guinea,1996.0,7680000.0,54.0,800.0,Low Income
Gambia,1996.0,1280000.0,61.4,1100.0,Lower-Middle Income
Guinea-Bissau,1996.0,1140000.0,49.5,376.0,Low Income
Equatorial Guinea,1996.0,583000.0,52.7,564.0,Low Income
Greece,1996.0,10800000.0,77.9,17600.0,High Income
Grenada,1996.0,105000.0,71.2,5490.0,Upper-Middle Income
Guatemala,1996.0,10600000.0,65.2,2260.0,Lower-Middle Income
Guyana,1996.0,754000.0,63.0,1300.0,Lower-Middle Income
"Hong Kong, China",1996.0,6330000.0,79.0,37800.0,High Income
Honduras,1996.0,5980000.0,69.4,1360.0,Lower-Middle Income
Croatia,1996.0,4760000.0,73.5,8180.0,Upper-Middle Income
Haiti,1996.0,7770000.0,55.7,564.0,Low Income
Hungary,1996.0,10300000.0,70.8,6850.0,Upper-Middle Income
Indonesia,1996.0,201000000.0,66.4,1710.0,Lower-Middle Income
India,1996.0,983000000.0,62.0,627.0,Low Income
Ireland,1996.0,3610000.0,76.0,29600.0,High Income
Iran,1996.0,61600000.0,70.7,2510.0,Lower-Middle Income
Iraq,1996.0,21600000.0,67.3,611.0,Low Income
Iceland,1996.0,269000.0,79.0,40900.0,High Income
Israel,1996.0,5610000.0,78.0,27400.0,High Income
Italy,1996.0,56900000.0,78.5,34200.0,High Income
Jamaica,1996.0,2530000.0,75.2,3950.0,Lower-Middle Income
Jordan,1996.0,4610000.0,71.8,2240.0,Lower-Middle Income
Japan,1996.0,126000000.0,80.7,67600.0,High Income
Kazakhstan,1996.0,16100000.000000002,63.9,2100.0,Lower-Middle Income
Kenya,1996.0,27600000.0,56.3,533.0,Low Income
Kyrgyz Republic,1996.0,4670000.0,66.3,611.0,Low Income
Cambodia,1996.0,11200000.0,59.1,502.0,Low Income
Kiribati,1996.0,82800.0,55.6,1710.0,Lower-Middle Income
South Korea,1996.0,45700000.0,74.8,20900.0,High Income
Kuwait,1996.0,1700000.0,78.8,32700.000000000004,High Income
Lao,1996.0,5040000.0,56.1,596.0,Low Income
Lebanon,1996.0,4030000.0000000005,73.5,5830.0,Upper-Middle Income
Liberia,1996.0,2200000.0,49.6,90.0,Low Income
Libya,1996.0,4820000.0,73.5,6280.0,Upper-Middle Income
St. Lucia,1996.0,154000.0,71.8,7600.0,Upper-Middle Income
Sri Lanka,1996.0,18300000.0,70.8,1160.0,Lower-Middle Income
Lesotho,1996.0,1960000.0,55.8,1100.0,Lower-Middle Income
Lithuania,1996.0,3720000.0,70.3,3730.0,Lower-Middle Income
Luxembourg,1996.0,413000.0,76.9,76100.0,High Income
Latvia,1996.0,2530000.0,69.0,3880.0,Lower-Middle Income
Morocco,1996.0,27000000.0,68.1,2370.0,Lower-Middle Income
Moldova,1996.0,4430000.0,66.9,967.0,Low Income
Madagascar,1996.0,14300000.0,58.2,470.0,Low Income
Maldives,1996.0,264000.0,69.2,2590.0,Lower-Middle Income
Mexico,1996.0,91600000.0,72.7,7240.0,Upper-Middle Income
North Macedonia,1996.0,1990000.0,71.0,3430.0,Lower-Middle Income
Mali,1996.0,10100000.0,51.9,423.0,Low Income
Malta,1996.0,385000.0,78.0,15700.0,High Income
Myanmar,1996.0,43400000.0,57.4,591.0,Low Income
Montenegro,1996.0,633000.0,74.1,2540.0,Lower-Middle Income
Mongolia,1996.0,2360000.0,59.6,862.0,Low Income
Mozambique,1996.0,16100000.000000002,52.6,329.0,Low Income
Mauritania,1996.0,2430000.0,61.7,1520.0,Lower-Middle Income
Mauritius,1996.0,1170000.0,71.2,5930.0,Upper-Middle Income
Malawi,1996.0,10300000.0,46.0,267.0,Low Income
Malaysia,1996.0,20700000.0,72.2,7060.0,Upper-Middle Income
Namibia,1996.0,1650000.0,59.2,3940.0,Lower-Middle Income
Niger,1996.0,10100000.0,50.0,376.0,Low Income
Nigeria,1996.0,111000000.0,54.4,611.0,Low Income
Nicaragua,1996.0,4810000.0,71.5,1380.0,Lower-Middle Income
Netherlands,1996.0,15500000.0,77.8,46600.0,High Income
Norway,1996.0,4380000.0,78.3,56100.0,High Income
Nepal,1996.0,22800000.0,62.6,329.0,Low Income
New Zealand,1996.0,3730000.0,77.0,26200.0,High Income
Oman,1996.0,2210000.0,68.1,10100.0,Upper-Middle Income
Pakistan,1996.0,137000000.0,60.4,752.0,Low Income
Panama,1996.0,2770000.0,77.0,5600.0,Upper-Middle Income
Peru,1996.0,24900000.0,72.5,3370.0,Lower-Middle Income
Philippines,1996.0,70900000.0,69.9,2070.0,Lower-Middle Income
Papua New Guinea,1996.0,4790000.0,63.4,1460.0,Lower-Middle Income
Poland,1996.0,38400000.0,72.5,6020.0,Upper-Middle Income
Portugal,1996.0,10100000.0,75.6,19000.0,High Income
Paraguay,1996.0,4710000.0,75.1,2890.0,Lower-Middle Income
Palestine,1996.0,2730000.0,71.2,2310.0,Lower-Middle Income
Qatar,1996.0,529000.0,70.6,28900.0,High Income
Romania,1996.0,22400000.0,69.0,2570.0,Lower-Middle Income
Russia,1996.0,148000000.0,66.1,4080.0,Lower-Middle Income
Rwanda,1996.0,6720000.0,47.7,345.0,Low Income
Saudi Arabia,1996.0,19400000.0,69.6,12600.0,Upper-Middle Income
Sudan,1996.0,23900000.0,61.5,627.0,Low Income
Senegal,1996.0,8840000.0,59.5,1100.0,Lower-Middle Income
Singapore,1996.0,3650000.0,77.4,40200.0,High Income
Solomon Islands,1996.0,386000.0,56.7,2070.0,Lower-Middle Income
Sierra Leone,1996.0,4350000.0,51.8,329.0,Low Income
El Salvador,1996.0,5800000.0,72.2,2490.0,Lower-Middle Income
Somalia,1996.0,7470000.0,50.4,358.0,Low Income
Serbia,1996.0,7990000.0,70.4,4360.0,Upper-Middle Income
South Sudan,1996.0,5430000.0,56.2,580.0,Low Income
Sao Tome and Principe,1996.0,135000.0,64.1,787.0,Low Income
Suriname,1996.0,444000.0,71.4,2560.0,Lower-Middle Income
Slovak Republic,1996.0,5360000.0,73.2,7870.0,Upper-Middle Income
Slovenia,1996.0,1990000.0,75.3,16700.0,High Income
Sweden,1996.0,8790000.0,79.3,47700.0,High Income
Eswatini,1996.0,974000.0,57.2,3030.0,Lower-Middle Income
Seychelles,1996.0,75500.0,71.1,10600.0,Upper-Middle Income
Syria,1996.0,14700000.0,70.1,7580.0,Upper-Middle Income
Chad,1996.0,7200000.0,53.1,314.0,Low Income
Togo,1996.0,4450000.0,57.2,486.0,Low Income
Thailand,1996.0,60200000.0,70.6,4630.0,Upper-Middle Income
Tajikistan,1996.0,6040000.0,64.1,267.0,Low Income
Turkmenistan,1996.0,4300000.0,64.2,956.0,Low Income
Timor-Leste,1996.0,831000.0,64.2,1410.0,Lower-Middle Income
Tonga,1996.0,100000.0,71.6,3720.0,Lower-Middle Income
Trinidad and Tobago,1996.0,1310000.0,69.5,6630.0,Upper-Middle Income
Tunisia,1996.0,9430000.0,73.3,3090.0,Lower-Middle Income
Turkey,1996.0,60300000.0,71.5,4580.0,Upper-Middle Income
Tanzania,1996.0,31100000.0,52.7,298.0,Low Income
Uganda,1996.0,21200000.0,48.1,439.0,Low Income
Ukraine,1996.0,50600000.0,67.3,1350.0,Lower-Middle Income
Uruguay,1996.0,3230000.0,73.9,9660.0,Upper-Middle Income
United States,1996.0,269000000.0,76.4,47500.0,High Income
Uzbekistan,1996.0,23500000.0,65.2,941.0,Low Income
St. Vincent and the Grenadines,1996.0,114000.0,70.5,4700.0,Upper-Middle Income
Venezuela,1996.0,22600000.0,73.3,4860.0,Upper-Middle Income
Vietnam,1996.0,74900000.0,71.1,470.0,Low Income
Vanuatu,1996.0,175000.0,63.3,2090.0,Lower-Middle Income
Samoa,1996.0,177000.0,67.8,1820.0,Lower-Middle Income
Yemen,1996.0,16600000.000000002,61.5,470.0,Low Income
South Africa,1996.0,44700000.0,61.8,6350.0,Upper-Middle Income
Zambia,1996.0,8900000.0,46.1,627.0,Low Income
Zimbabwe,1996.0,11200000.0,52.5,1080.0,Low Income
Afghanistan,1997.0,17800000.0,54.5,202.0,Low Income
Angola,1997.0,14900000.0,51.6,705.0,Low Income
Albania,1997.0,3250000.0,72.9,1250.0,Lower-Middle Income
United Arab Emirates,1997.0,2750000.0,69.0,41300.0,High Income
Argentina,1997.0,35800000.0,73.6,12800.0,Upper-Middle Income
Armenia,1997.0,3270000.0,71.1,877.0,Low Income
Antigua and Barbuda,1997.0,71200.0,73.5,14200.0,High Income
Australia,1997.0,18400000.0,78.8,34400.0,High Income
Austria,1997.0,7970000.0,77.7,46300.0,High Income
Azerbaijan,1997.0,8000000.0,65.7,642.0,Low Income
Burundi,1997.0,5920000.0,43.0,235.0,Low Income
Belgium,1997.0,10200000.0,77.5,44600.0,High Income
Benin,1997.0,6390000.0,57.1,595.0,Low Income
Burkina Faso,1997.0,10900000.0,50.8,392.0,Low Income
Bangladesh,1997.0,122000000.0,63.8,627.0,Low Income
Bulgaria,1997.0,8320000.0,68.9,2290.0,Lower-Middle Income
Bahrain,1997.0,653000.0,70.9,16200.0,High Income
Bahamas,1997.0,310000.0,71.1,23800.0,High Income
Bosnia and Herzegovina,1997.0,4050000.0,73.9,1580.0,Lower-Middle Income
Belarus,1997.0,10400000.0,68.7,2380.0,Lower-Middle Income
Belize,1997.0,217000.0,71.4,4530.0,Upper-Middle Income
Bolivia,1997.0,8140000.000000001,65.0,1490.0,Lower-Middle Income
Brazil,1997.0,169000000.0,70.1,7860.0,Upper-Middle Income
Barbados,1997.0,263000.0,74.2,14200.0,High Income
Brunei,1997.0,313000.0,72.1,25400.0,High Income
Bhutan,1997.0,547000.0,64.8,862.0,Low Income
Botswana,1997.0,1620000.0,49.0,5220.0,Upper-Middle Income
Central African Republic,1997.0,3460000.0,43.8,470.0,Low Income
Canada,1997.0,29900000.0,78.6,31400.0,High Income
Switzerland,1997.0,7090000.0,79.6,77300.0,High Income
Chile,1997.0,14800000.0,76.0,8760.0,Upper-Middle Income
China,1997.0,0.0,70.5,1180.0,Lower-Middle Income
Cote d'Ivoire,1997.0,15300000.0,51.1,1050.0,Low Income
Cameroon,1997.0,13900000.0,55.7,1190.0,Lower-Middle Income
"Congo, Dem. Rep.",1997.0,44800000.0,53.1,188.0,Low Income
"Congo, Rep.",1997.0,2880000.0,46.7,924.0,Low Income
Colombia,1997.0,37300000.0,73.5,4170.0,Lower-Middle Income
Comoros,1997.0,505000.0,60.1,1240.0,Lower-Middle Income
Cape Verde,1997.0,431000.0,69.5,2120.0,Lower-Middle Income
Costa Rica,1997.0,3740000.0,77.2,5250.0,Upper-Middle Income
Cuba,1997.0,11000000.0,76.2,3920.0,Lower-Middle Income
Cyprus,1997.0,897000.0,75.9,22400.0,High Income
Czech Republic,1997.0,10300000.0,74.1,9650.0,Upper-Middle Income
Germany,1997.0,81400000.0,77.5,47200.0,High Income
Djibouti,1997.0,668000.0,60.4,1710.0,Lower-Middle Income
Denmark,1997.0,5280000.0,76.3,55100.0,High Income
Dominican Republic,1997.0,8150000.0,73.3,3700.0,Lower-Middle Income
Algeria,1997.0,29500000.0,69.7,2370.0,Lower-Middle Income
Ecuador,1997.0,12000000.0,74.2,3420.0,Lower-Middle Income
Egypt,1997.0,67000000.0,67.2,1770.0,Lower-Middle Income
Eritrea,1997.0,2290000.0,54.5,501.0,Low Income
Spain,1997.0,40200000.0,78.8,24800.0,High Income
Estonia,1997.0,1420000.0,70.3,5460.0,Upper-Middle Income
Ethiopia,1997.0,61200000.0,50.6,219.0,Low Income
Finland,1997.0,5140000.0,77.3,41800.0,High Income
Fiji,1997.0,805000.0,65.9,4040.0,Lower-Middle Income
France,1997.0,57800000.0,78.7,42200.0,High Income
"Micronesia, Fed. Sts.",1997.0,111000.0,62.4,3020.0,Lower-Middle Income
Gabon,1997.0,1180000.0,60.2,6690.0,Upper-Middle Income
United Kingdom,1997.0,58300000.0,77.3,40100.0,High Income
Georgia,1997.0,4640000.0,70.9,1290.0,Lower-Middle Income
Ghana,1997.0,18300000.0,59.5,611.0,Low Income
Guinea,1997.0,7840000.0,54.2,799.0,Low Income
Gambia,1997.0,1320000.0,61.1,1080.0,Low Income
Guinea-Bissau,1997.0,1160000.0,50.0,376.0,Low Income
Equatorial Guinea,1997.0,606000.0,54.4,1360.0,Lower-Middle Income
Greece,1997.0,10900000.0,78.1,19100.0,High Income
Grenada,1997.0,106000.0,71.6,5730.0,Upper-Middle Income
Guatemala,1997.0,10900000.0,65.3,2400.0,Lower-Middle Income
Guyana,1997.0,755000.0,63.3,1390.0,Lower-Middle Income
"Hong Kong, China",1997.0,6440000.0,79.3,40900.0,High Income
Honduras,1997.0,6140000.0,69.6,1430.0,Lower-Middle Income
Croatia,1997.0,4710000.0,73.5,8730.0,Upper-Middle Income
Haiti,1997.0,7920000.0,56.1,611.0,Low Income
Hungary,1997.0,10300000.0,71.0,6890.0,Upper-Middle Income
Indonesia,1997.0,205000000.0,66.7,1720.0,Lower-Middle Income
India,1997.0,0.0,61.9,642.0,Low Income
Ireland,1997.0,3640000.0,76.1,32400.0,High Income
Iran,1997.0,62500000.0,70.9,2800.0,Lower-Middle Income
Iraq,1997.0,22300000.0,67.5,1180.0,Lower-Middle Income
Iceland,1997.0,271000.0,79.2,44600.0,High Income
Israel,1997.0,5740000.0,78.2,29700.0,High Income
Italy,1997.0,56900000.0,78.8,34900.0,High Income
Jamaica,1997.0,2550000.0,75.0,4340.0,Upper-Middle Income
Jordan,1997.0,4730000.0,72.0,2270.0,Lower-Middle Income
Japan,1997.0,126000000.0,81.0,62700.0,High Income
Kazakhstan,1997.0,15800000.0,64.1,2180.0,Lower-Middle Income
Kenya,1997.0,28400000.0,55.5,611.0,Low Income
Kyrgyz Republic,1997.0,4740000.0,66.8,611.0,Low Income
Cambodia,1997.0,11400000.0,59.4,501.0,Low Income
Kiribati,1997.0,84300.0,55.8,2100.0,Lower-Middle Income
South Korea,1997.0,46000000.0,75.3,21200.0,High Income
Kuwait,1997.0,1760000.0,77.8,33600.0,High Income
Lao,1997.0,5150000.0,56.7,580.0,Low Income
Lebanon,1997.0,4110000.0000000005,73.9,6270.0,Upper-Middle Income
Liberia,1997.0,2380000.0,52.4,183.0,Low Income
Libya,1997.0,4900000.0,75.0,7100.0,Upper-Middle Income
St. Lucia,1997.0,155000.0,72.3,7460.0,Upper-Middle Income
Sri Lanka,1997.0,18400000.0,70.5,1250.0,Lower-Middle Income
Lesotho,1997.0,1970000.0,54.1,1080.0,Low Income
Lithuania,1997.0,3690000.0,71.2,4070.0,Lower-Middle Income
Luxembourg,1997.0,418000.0,77.2,77300.0,High Income
Latvia,1997.0,2500000.0,69.7,4260.0,Upper-Middle Income
Morocco,1997.0,27400000.0,68.4,2290.0,Lower-Middle Income
Moldova,1997.0,4390000.0,68.1,987.0,Low Income
Madagascar,1997.0,14800000.0,58.4,470.0,Low Income
Maldives,1997.0,269000.0,69.8,2760.0,Lower-Middle Income
Mexico,1997.0,93200000.0,72.9,7300.0,Upper-Middle Income
North Macedonia,1997.0,2000000.0,71.2,3480.0,Lower-Middle Income
Mali,1997.0,10400000.0,51.1,439.0,Low Income
Malta,1997.0,389000.0,78.2,16500.0,High Income
Myanmar,1997.0,44000000.0,57.7,625.0,Low Income
Montenegro,1997.0,634000.0,73.8,2850.0,Lower-Middle Income
Mongolia,1997.0,2380000.0,60.0,909.0,Low Income
Mozambique,1997.0,16500000.0,52.6,392.0,Low Income
Mauritania,1997.0,2480000.0,62.2,1360.0,Lower-Middle Income
Mauritius,1997.0,1180000.0,71.1,6110.0,Upper-Middle Income
Malawi,1997.0,10500000.0,45.7,313.0,Low Income
Malaysia,1997.0,21200000.0,72.5,7240.0,Upper-Middle Income
Namibia,1997.0,1690000.0,58.0,3920.0,Lower-Middle Income
Niger,1997.0,10500000.0,50.5,376.0,Low Income
Nigeria,1997.0,114000000.0,54.6,689.0,Low Income
Nicaragua,1997.0,4900000.0,72.4,1380.0,Lower-Middle Income
Netherlands,1997.0,15600000.0,78.0,46700.0,High Income
Norway,1997.0,4410000.0,78.5,59400.0,High Income
Nepal,1997.0,23200000.0,63.4,345.0,Low Income
New Zealand,1997.0,3780000.0,77.4,26900.0,High Income
Oman,1997.0,2250000.0,68.4,10700.0,Upper-Middle Income
Pakistan,1997.0,141000000.0,60.5,736.0,Low Income
Panama,1997.0,2830000.0,76.7,5660.0,Upper-Middle Income
Peru,1997.0,25400000.0,73.0,3570.0,Lower-Middle Income
Philippines,1997.0,72700000.0,70.1,2180.0,Lower-Middle Income
Papua New Guinea,1997.0,4960000.0,63.5,1330.0,Lower-Middle Income
Poland,1997.0,38400000.0,72.7,6640.0,Upper-Middle Income
Portugal,1997.0,10100000.0,75.9,19400.0,High Income
Paraguay,1997.0,4820000.0,75.5,2880.0,Lower-Middle Income
Palestine,1997.0,2850000.0,71.4,2550.0,Lower-Middle Income
Qatar,1997.0,551000.0,70.1,36400.0,High Income
Romania,1997.0,22300000.0,69.1,2490.0,Lower-Middle Income
Russia,1997.0,148000000.0,67.2,4150.0,Lower-Middle Income
Rwanda,1997.0,7670000.0,46.8,407.0,Low Income
Saudi Arabia,1997.0,19900000.0,69.8,12900.0,Upper-Middle Income
Sudan,1997.0,24500000.0,61.8,595.0,Low Income
Senegal,1997.0,9050000.0,59.6,1110.0,Lower-Middle Income
Singapore,1997.0,3760000.0,77.9,43400.0,High Income
Solomon Islands,1997.0,397000.0,56.8,2050.0,Lower-Middle Income
Sierra Leone,1997.0,4410000.0,51.5,313.0,Low Income
El Salvador,1997.0,5840000.0,72.1,2650.0,Lower-Middle Income
Somalia,1997.0,7730000.0,50.1,338.0,Low Income
Serbia,1997.0,8000000.0,70.2,4680.0,Upper-Middle Income
South Sudan,1997.0,5590000.0,54.5,621.0,Low Income
Sao Tome and Principe,1997.0,138000.0,64.1,783.0,Low Income
Suriname,1997.0,453000.0,71.5,2880.0,Lower-Middle Income
Slovak Republic,1997.0,5370000.0,73.0,8490.0,Upper-Middle Income
Slovenia,1997.0,1990000.0,75.3,17600.0,High Income
Sweden,1997.0,8810000.0,79.5,49200.0,High Income
Eswatini,1997.0,991000.0,55.4,3070.0,Lower-Middle Income
Seychelles,1997.0,76500.0,71.2,11500.0,Upper-Middle Income
Syria,1997.0,15100000.0,70.4,7030.0,Upper-Middle Income
Chad,1997.0,7450000.0,52.8,329.0,Low Income
Togo,1997.0,4590000.0,56.7,548.0,Low Income
Thailand,1997.0,61000000.0,71.7,4200.0,Lower-Middle Income
Tajikistan,1997.0,6120000.0,65.6,266.0,Low Income
Turkmenistan,1997.0,4360000.0,64.3,862.0,Low Income
Timor-Leste,1997.0,843000.0,63.4,1470.0,Lower-Middle Income
Tonga,1997.0,101000.0,71.4,3670.0,Lower-Middle Income
Trinidad and Tobago,1997.0,1320000.0,70.2,7050.0,Upper-Middle Income
Tunisia,1997.0,9560000.0,73.5,3320.0,Lower-Middle Income
Turkey,1997.0,61300000.0,72.0,5000.0,Upper-Middle Income
Tanzania,1997.0,31800000.0,52.6,345.0,Low Income
Uganda,1997.0,21900000.0,48.4,470.0,Low Income
Ukraine,1997.0,50200000.0,67.9,1390.0,Lower-Middle Income
Uruguay,1997.0,3250000.0,74.1,10900.0,Upper-Middle Income
United States,1997.0,272000000.0,76.8,49000.0,High Income
Uzbekistan,1997.0,23900000.0,65.4,956.0,Low Income
St. Vincent and the Grenadines,1997.0,114000.0,70.9,4810.0,Upper-Middle Income
Venezuela,1997.0,23000000.0,74.1,5440.0,Upper-Middle Income
Vietnam,1997.0,76100000.0,71.3,517.0,Low Income
Vanuatu,1997.0,179000.0,62.1,2180.0,Lower-Middle Income
Samoa,1997.0,179000.0,68.0,1820.0,Lower-Middle Income
Yemen,1997.0,17100000.0,62.0,517.0,Low Income
South Africa,1997.0,45300000.0,59.5,6250.0,Upper-Middle Income
Zambia,1997.0,9130000.0,45.7,627.0,Low Income
Zimbabwe,1997.0,11400000.0,51.2,1100.0,Lower-Middle Income
Afghanistan,1998.0,18500000.0,53.3,193.0,Low Income
Angola,1998.0,15400000.0,50.6,648.0,Low Income
Albania,1998.0,3230000.0,74.8,1360.0,Lower-Middle Income
United Arab Emirates,1998.0,2920000.0,69.2,41300.0,High Income
Argentina,1998.0,36200000.0,73.7,12700.0,Upper-Middle Income
Armenia,1998.0,3240000.0,71.6,932.0,Low Income
Antigua and Barbuda,1998.0,72600.0,74.5,14600.0,High Income
Australia,1998.0,18600000.0,79.1,34400.0,High Income
Austria,1998.0,7980000.0,77.9,44200.0,High Income
Azerbaijan,1998.0,8039999.999999999,66.0,806.0,Low Income
Burundi,1998.0,6040000.0,43.9,237.0,Low Income
Belgium,1998.0,10200000.0,77.7,41900.0,High Income
Benin,1998.0,6580000.0,57.2,584.0,Low Income
Burkina Faso,1998.0,11200000.0,51.6,395.0,Low Income
Bangladesh,1998.0,124000000.0,64.5,663.0,Low Income
Bulgaria,1998.0,8230000.0,69.4,2270.0,Lower-Middle Income
Bahrain,1998.0,672000.0,71.0,15900.0,High Income
Bahamas,1998.0,315000.0,71.4,26600.0,High Income
Bosnia and Herzegovina,1998.0,4120000.0,74.9,2100.0,Lower-Middle Income
Belarus,1998.0,10400000.0,68.4,2460.0,Lower-Middle Income
Belize,1998.0,225000.0,70.6,4390.0,Upper-Middle Income
Bolivia,1998.0,8289999.999999999,65.5,1560.0,Lower-Middle Income
Brazil,1998.0,171000000.0,70.4,7640.0,Upper-Middle Income
Barbados,1998.0,264000.0,74.5,14900.0,High Income
Brunei,1998.0,320000.0,72.2,22800.0,High Income
Bhutan,1998.0,557000.0,65.4,837.0,Low Income
Botswana,1998.0,1660000.0,47.6,5070.0,Upper-Middle Income
Central African Republic,1998.0,3560000.0,43.8,442.0,Low Income
Canada,1998.0,30100000.0,78.8,32000.0,High Income
Switzerland,1998.0,7110000.0,79.9,73000.0,High Income
Chile,1998.0,15000000.0,76.2,8670.0,Upper-Middle Income
China,1998.0,0.0,70.9,1260.0,Lower-Middle Income
Cote d'Ivoire,1998.0,15900000.0,50.9,1200.0,Lower-Middle Income
Cameroon,1998.0,14300000.0,55.2,1170.0,Lower-Middle Income
"Congo, Dem. Rep.",1998.0,45900000.0,53.3,190.0,Low Income
"Congo, Rep.",1998.0,2940000.0,50.3,916.0,Low Income
Colombia,1998.0,37900000.0,74.0,4060.0,Lower-Middle Income
Comoros,1998.0,516000.0,60.3,1150.0,Lower-Middle Income
Cape Verde,1998.0,440000.0,69.7,2100.0,Lower-Middle Income
Costa Rica,1998.0,3820000.0,77.4,5370.0,Upper-Middle Income
Cuba,1998.0,11000000.0,76.3,3540.0,Lower-Middle Income
Cyprus,1998.0,915000.0,76.0,24500.0,High Income
Czech Republic,1998.0,10300000.0,74.7,9650.0,Upper-Middle Income
Germany,1998.0,81500000.0,77.8,44100.0,High Income
Djibouti,1998.0,695000.0,60.2,1640.0,Lower-Middle Income
Denmark,1998.0,5300000.0,76.7,52800.0,High Income
Dominican Republic,1998.0,8279999.999999999,73.2,3870.0,Lower-Middle Income
Algeria,1998.0,29900000.0,70.2,2430.0,Lower-Middle Income
Ecuador,1998.0,12200000.0,74.1,3410.0,Lower-Middle Income
Egypt,1998.0,68400000.0,67.5,1910.0,Lower-Middle Income
Eritrea,1998.0,2320000.0,54.5,521.0,Low Income
Spain,1998.0,40400000.0,79.0,24400.0,High Income
Estonia,1998.0,1410000.0,69.9,5750.0,Upper-Middle Income
Ethiopia,1998.0,63100000.0,51.1,205.0,Low Income
Finland,1998.0,5150000.0,77.6,40800.0,High Income
Fiji,1998.0,814000.0,66.5,3620.0,Lower-Middle Income
France,1998.0,58100000.0,78.8,40800.0,High Income
"Micronesia, Fed. Sts.",1998.0,111000.0,62.5,3080.0,Lower-Middle Income
Gabon,1998.0,1210000.0,60.1,6220.0,Upper-Middle Income
United Kingdom,1998.0,58400000.0,77.5,42500.0,High Income
Georgia,1998.0,4520000.0,70.6,1370.0,Lower-Middle Income
Ghana,1998.0,18700000.0,59.7,616.0,Low Income
Guinea,1998.0,7990000.0,54.3,742.0,Low Income
Gambia,1998.0,1360000.0,61.5,1040.0,Low Income
Guinea-Bissau,1998.0,1180000.0,49.8,253.0,Low Income
Equatorial Guinea,1998.0,630000.0,55.5,1110.0,Lower-Middle Income
Greece,1998.0,10900000.0,78.2,20800.0,High Income
Grenada,1998.0,106000.0,71.9,6300.0,Upper-Middle Income
Guatemala,1998.0,11200000.0,65.4,2540.0,Lower-Middle Income
Guyana,1998.0,757000.0,63.5,1390.0,Lower-Middle Income
"Hong Kong, China",1998.0,6550000.0,79.6,39700.0,High Income
Honduras,1998.0,6310000.0,63.4,1440.0,Lower-Middle Income
Croatia,1998.0,4660000.0,73.8,8640.0,Upper-Middle Income
Haiti,1998.0,8060000.000000001,56.5,632.0,Low Income
Hungary,1998.0,10300000.0,71.0,6970.0,Upper-Middle Income
Indonesia,1998.0,208000000.0,66.8,1040.0,Low Income
India,1998.0,0.0,62.1,648.0,Low Income
Ireland,1998.0,3680000.0,76.3,33800.0,High Income
Iran,1998.0,63500000.0,71.3,2810.0,Lower-Middle Income
Iraq,1998.0,23100000.0,67.9,1450.0,Lower-Middle Income
Iceland,1998.0,274000.0,79.5,46200.0,High Income
Israel,1998.0,5870000.0,78.4,29600.0,High Income
Italy,1998.0,56900000.0,79.0,35100.0,High Income
Jamaica,1998.0,2580000.0,74.9,4570.0,Upper-Middle Income
Jordan,1998.0,4840000.0,72.3,2340.0,Lower-Middle Income
Japan,1998.0,126000000.0,81.0,54400.0,High Income
Kazakhstan,1998.0,15500000.0,64.5,2200.0,Lower-Middle Income
Kenya,1998.0,29100000.0,55.1,679.0,Low Income
Kyrgyz Republic,1998.0,4810000.0,67.2,569.0,Low Income
Cambodia,1998.0,11700000.0,59.6,458.0,Low Income
Kiribati,1998.0,85800.0,56.0,2320.0,Lower-Middle Income
South Korea,1998.0,46300000.0,75.6,16300.0,High Income
Kuwait,1998.0,1820000.0,78.5,31100.0,High Income
Lao,1998.0,5250000.0,57.3,490.0,Low Income
Lebanon,1998.0,4179999.9999999995,74.2,6710.0,Upper-Middle Income
Liberia,1998.0,2640000.0,53.0,234.0,Low Income
Libya,1998.0,4980000.0,74.8,7290.0,Upper-Middle Income
St. Lucia,1998.0,157000.0,72.8,7790.0,Upper-Middle Income
Sri Lanka,1998.0,18600000.0,71.2,1300.0,Lower-Middle Income
Lesotho,1998.0,1990000.0,52.0,979.0,Low Income
Lithuania,1998.0,3670000.0,71.5,4520.0,Upper-Middle Income
Luxembourg,1998.0,424000.0,77.5,73200.0,High Income
Latvia,1998.0,2460000.0,69.3,4530.0,Upper-Middle Income
Morocco,1998.0,27800000.0,68.8,2310.0,Lower-Middle Income
Moldova,1998.0,4350000.0,68.8,916.0,Low Income
Madagascar,1998.0,15300000.0,58.6,474.0,Low Income
Maldives,1998.0,274000.0,70.8,2940.0,Lower-Middle Income
Mexico,1998.0,94800000.0,73.2,7900.0,Upper-Middle Income
North Macedonia,1998.0,2009999.9999999998,71.1,3180.0,Lower-Middle Income
Mali,1998.0,10600000.0,51.0,442.0,Low Income
Malta,1998.0,392000.0,78.5,16200.0,High Income
Myanmar,1998.0,44500000.0,58.1,668.0,Low Income
Montenegro,1998.0,634000.0,73.7,2990.0,Lower-Middle Income
Mongolia,1998.0,2410000.0,60.4,821.0,Low Income
Mozambique,1998.0,16900000.0,52.6,458.0,Low Income
Mauritania,1998.0,2550000.0,62.6,1310.0,Lower-Middle Income
Mauritius,1998.0,1190000.0,71.8,5970.0,Upper-Middle Income
Malawi,1998.0,10700000.0,45.5,316.0,Low Income
Malaysia,1998.0,21800000.0,72.9,5750.0,Upper-Middle Income
Namibia,1998.0,1740000.0,56.5,3740.0,Lower-Middle Income
Niger,1998.0,10900000.0,51.1,395.0,Low Income
Nigeria,1998.0,117000000.0,54.6,695.0,Low Income
Nicaragua,1998.0,4970000.0,70.4,1390.0,Lower-Middle Income
Netherlands,1998.0,15700000.0,78.1,44600.0,High Income
Norway,1998.0,4430000.0,78.5,57000.0,High Income
Nepal,1998.0,23700000.0,64.0,332.0,Low Income
New Zealand,1998.0,3810000.0,77.9,24900.0,High Income
Oman,1998.0,2280000.0,68.6,10300.0,Upper-Middle Income
Pakistan,1998.0,145000000.0,60.7,711.0,Low Income
Panama,1998.0,2890000.0,76.8,5810.0,Upper-Middle Income
Peru,1998.0,25800000.0,73.4,3400.0,Lower-Middle Income
Philippines,1998.0,74500000.0,70.2,2070.0,Lower-Middle Income
Papua New Guinea,1998.0,5140000.0,62.4,1140.0,Lower-Middle Income
Poland,1998.0,38400000.0,73.1,6890.0,Upper-Middle Income
Portugal,1998.0,10200000.0,76.2,19300.0,High Income
Paraguay,1998.0,4920000.0,75.6,2730.0,Lower-Middle Income
Palestine,1998.0,2950000.0,71.7,2810.0,Lower-Middle Income
Qatar,1998.0,581000.0,70.2,39000.0,High Income
Romania,1998.0,22200000.0,69.8,2500.0,Lower-Middle Income
Russia,1998.0,148000000.0,67.5,3360.0,Lower-Middle Income
Rwanda,1998.0,7910000.0,47.9,411.0,Low Income
Saudi Arabia,1998.0,20500000.0,70.0,12700.0,Upper-Middle Income
Sudan,1998.0,25000000.0,62.0,537.0,Low Income
Senegal,1998.0,9260000.0,59.7,1090.0,Lower-Middle Income
Singapore,1998.0,3870000.0,78.3,37900.0,High Income
Solomon Islands,1998.0,408000.0,56.9,1940.0,Lower-Middle Income
Sierra Leone,1998.0,4450000.0,49.8,269.0,Low Income
El Salvador,1998.0,5890000.0,71.4,2760.0,Lower-Middle Income
Somalia,1998.0,8060000.000000001,50.8,335.0,Low Income
Serbia,1998.0,7990000.0,70.7,4720.0,Upper-Middle Income
South Sudan,1998.0,5700000.0,55.4,640.0,Low Income
Sao Tome and Principe,1998.0,140000.0,64.2,790.0,Low Income
Suriname,1998.0,462000.0,70.8,3240.0,Lower-Middle Income
Slovak Republic,1998.0,5370000.0,73.0,8580.0,Upper-Middle Income
Slovenia,1998.0,1990000.0,75.5,17400.0,High Income
Sweden,1998.0,8830000.0,79.6,49100.0,High Income
Eswatini,1998.0,1010000.0,53.0,2750.0,Lower-Middle Income
Seychelles,1998.0,77700.0,71.6,11600.0,Upper-Middle Income
Syria,1998.0,15500000.0,70.4,6960.0,Upper-Middle Income
Chad,1998.0,7710000.0,52.5,347.0,Low Income
Togo,1998.0,4730000.0,56.6,521.0,Low Income
Thailand,1998.0,61700000.0,71.8,3290.0,Lower-Middle Income
Tajikistan,1998.0,6160000.0,65.7,284.0,Low Income
Turkmenistan,1998.0,4430000.0,64.7,884.0,Low Income
Timor-Leste,1998.0,855000.0,63.8,1440.0,Lower-Middle Income
Tonga,1998.0,101000.0,71.0,3540.0,Lower-Middle Income
Trinidad and Tobago,1998.0,1320000.0,69.9,7300.0,Upper-Middle Income
Tunisia,1998.0,9680000.0,73.8,3400.0,Lower-Middle Income
Turkey,1998.0,62200000.0,72.7,5430.0,Upper-Middle Income
Tanzania,1998.0,32600000.0,52.6,426.0,Low Income
Uganda,1998.0,22500000.0,48.7,458.0,Low Income
Ukraine,1998.0,49700000.0,68.7,1340.0,Lower-Middle Income
Uruguay,1998.0,3260000.0,74.1,11400.0,Upper-Middle Income
United States,1998.0,276000000.0,76.9,50600.0,High Income
Uzbekistan,1998.0,24300000.0,65.4,979.0,Low Income
St. Vincent and the Grenadines,1998.0,114000.0,71.0,5040.0,Upper-Middle Income
Venezuela,1998.0,23500000.0,74.0,5400.0,Upper-Middle Income
Vietnam,1998.0,77100000.0,71.7,537.0,Low Income
Vanuatu,1998.0,183000.0,63.5,2290.0,Lower-Middle Income
Samoa,1998.0,180000.0,68.2,1850.0,Lower-Middle Income
Yemen,1998.0,17600000.0,62.5,584.0,Low Income
South Africa,1998.0,45900000.0,58.0,5670.0,Upper-Middle Income
Zambia,1998.0,9370000.0,45.5,569.0,Low Income
Zimbabwe,1998.0,11500000.0,49.7,979.0,Low Income
Afghanistan,1999.0,19300000.0,54.7,183.0,Low Income
Angola,1999.0,15900000.0,51.9,513.0,Low Income
Albania,1999.0,3210000.0,75.1,1480.0,Lower-Middle Income
United Arab Emirates,1999.0,3100000.0,69.2,42500.0,High Income
Argentina,1999.0,36700000.0,73.8,11800.0,Upper-Middle Income
Armenia,1999.0,3210000.0,71.9,949.0,Low Income
Antigua and Barbuda,1999.0,73800.0,74.7,14900.0,High Income
Australia,1999.0,18800000.0,79.4,33300.0,High Income
Austria,1999.0,7990000.0,78.2,42100.0,High Income
Azerbaijan,1999.0,8100000.0,66.2,933.0,Low Income
Burundi,1999.0,6180000.0,44.3,218.0,Low Income
Belgium,1999.0,10200000.0,77.8,40400.0,High Income
Benin,1999.0,6790000.0,57.3,638.0,Low Income
Burkina Faso,1999.0,11500000.0,52.1,420.0,Low Income
Bangladesh,1999.0,127000000.0,65.1,653.0,Low Income
Bulgaria,1999.0,8160000.0,70.0,2300.0,Lower-Middle Income
Bahrain,1999.0,692000.0,71.2,15400.0,High Income
Bahamas,1999.0,320000.0,70.8,37600.0,High Income
Bosnia and Herzegovina,1999.0,4150000.0000000005,75.4,2180.0,Lower-Middle Income
Belarus,1999.0,10300000.0,68.2,2190.0,Lower-Middle Income
Belize,1999.0,233000.0,70.3,4480.0,Upper-Middle Income
Bolivia,1999.0,8440000.0,66.0,1520.0,Lower-Middle Income
Brazil,1999.0,173000000.0,70.8,6410.0,Upper-Middle Income
Barbados,1999.0,264000.0,74.8,15300.0,High Income
Brunei,1999.0,327000.0,72.3,21800.0,High Income
Bhutan,1999.0,571000.0,66.0,871.0,Low Income
Botswana,1999.0,1690000.0,46.4,4900.0,Upper-Middle Income
Central African Republic,1999.0,3660000.0,43.8,436.0,Low Income
Canada,1999.0,30400000.0,79.1,33000.0,High Income
Switzerland,1999.0,7140000.0,80.1,68900.0,High Income
Chile,1999.0,15200000.0,76.5,7960.0,Upper-Middle Income
China,1999.0,0.0,71.2,1340.0,Lower-Middle Income
Cote d'Ivoire,1999.0,16300000.0,51.0,1140.0,Lower-Middle Income
Cameroon,1999.0,14700000.0,54.8,1140.0,Lower-Middle Income
"Congo, Dem. Rep.",1999.0,47200000.0,53.5,171.0,Low Income
"Congo, Rep.",1999.0,3020000.0,52.2,762.0,Low Income
Colombia,1999.0,38600000.0,74.1,3620.0,Lower-Middle Income
Comoros,1999.0,526000.0,61.2,1090.0,Lower-Middle Income
Cape Verde,1999.0,450000.0,69.7,2130.0,Lower-Middle Income
Costa Rica,1999.0,3900000.0,77.3,5380.0,Upper-Middle Income
Cuba,1999.0,11100000.0,76.6,3730.0,Lower-Middle Income
Cyprus,1999.0,932000.0,76.3,22300.0,High Income
Czech Republic,1999.0,10200000.0,75.0,9500.0,Upper-Middle Income
Germany,1999.0,81600000.0,78.1,41700.0,High Income
Djibouti,1999.0,719000.0,60.3,1610.0,Lower-Middle Income
Denmark,1999.0,5320000.0,76.7,51400.0,High Income
Dominican Republic,1999.0,8410000.0,73.4,3950.0,Lower-Middle Income
Algeria,1999.0,30300000.0,70.7,2380.0,Lower-Middle Income
Ecuador,1999.0,12400000.0,74.2,2770.0,Lower-Middle Income
Egypt,1999.0,69900000.0,67.9,2040.0,Lower-Middle Income
Eritrea,1999.0,2360000.0,47.3,482.0,Low Income
Spain,1999.0,40500000.0,79.1,24100.0,High Income
Estonia,1999.0,1400000.0,70.7,5710.0,Upper-Middle Income
Ethiopia,1999.0,65099999.99999999,50.8,187.0,Low Income
Finland,1999.0,5170000.0,77.8,40500.0,High Income
Fiji,1999.0,823000.0,65.9,3660.0,Lower-Middle Income
France,1999.0,58400000.0,78.9,39500.0,High Income
"Micronesia, Fed. Sts.",1999.0,112000.0,62.8,3190.0,Lower-Middle Income
Gabon,1999.0,1240000.0,59.8,5100.0,Upper-Middle Income
United Kingdom,1999.0,58600000.0,77.6,43600.0,High Income
Georgia,1999.0,4390000.0,70.7,1310.0,Lower-Middle Income
Ghana,1999.0,19200000.0,59.7,607.0,Low Income
Guinea,1999.0,8170000.0,54.4,700.0,Low Income
Gambia,1999.0,1400000.0,61.5,995.0,Low Income
Guinea-Bissau,1999.0,1210000.0,50.0,249.0,Low Income
Equatorial Guinea,1999.0,655000.0,56.6,1280.0,Lower-Middle Income
Greece,1999.0,11000000.0,78.2,22100.0,High Income
Grenada,1999.0,107000.0,71.9,6700.0,Upper-Middle Income
Guatemala,1999.0,11500000.0,66.4,2570.0,Lower-Middle Income
Guyana,1999.0,758000.0,64.1,1340.0,Lower-Middle Income
"Hong Kong, China",1999.0,6640000.0,80.0,40100.0,High Income
Honduras,1999.0,6480000.0,69.9,1450.0,Lower-Middle Income
Croatia,1999.0,4610000.0,74.1,8140.0,Upper-Middle Income
Haiti,1999.0,8210000.000000001,57.0,700.0,Low Income
Hungary,1999.0,10200000.0,71.1,6980.0,Upper-Middle Income
Indonesia,1999.0,211000000.0,67.0,887.0,Low Income
India,1999.0,0.0,62.6,684.0,Low Income
Ireland,1999.0,3720000.0,76.4,35300.0,High Income
Iran,1999.0,64500000.0,71.6,2710.0,Lower-Middle Income
Iraq,1999.0,23800000.0,68.3,2010.0,Lower-Middle Income
Iceland,1999.0,278000.0,79.9,47300.0,High Income
Israel,1999.0,5990000.0,78.7,28700.0,High Income
Italy,1999.0,56900000.0,79.3,34200.0,High Income
Jamaica,1999.0,2600000.0,74.5,4850.0,Upper-Middle Income
Jordan,1999.0,4950000.0,72.5,2380.0,Lower-Middle Income
Japan,1999.0,127000000.0,81.2,52500.0,High Income
Kazakhstan,1999.0,15300000.0,64.8,2010.0,Lower-Middle Income
Kenya,1999.0,30000000.0,54.9,669.0,Low Income
Kyrgyz Republic,1999.0,4880000.0,67.6,467.0,Low Income
Cambodia,1999.0,11900000.0,60.0,467.0,Low Income
Kiribati,1999.0,87300.0,56.2,2020.0,Lower-Middle Income
South Korea,1999.0,46500000.0,76.0,16200.0,High Income
Kuwait,1999.0,1880000.0,77.8,26200.0,High Income
Lao,1999.0,5340000.0,57.8,451.0,Low Income
Lebanon,1999.0,4250000.0,74.6,6980.0,Upper-Middle Income
Liberia,1999.0,2790000.0,53.8,281.0,Low Income
Libya,1999.0,5060000.0,74.9,7830.0,Upper-Middle Income
St. Lucia,1999.0,158000.0,73.1,8010.0,Upper-Middle Income
Sri Lanka,1999.0,18700000.0,71.6,1310.0,Lower-Middle Income
Lesotho,1999.0,1990000.0,50.2,949.0,Low Income
Lithuania,1999.0,3630000.0,71.9,4640.0,Upper-Middle Income
Luxembourg,1999.0,429000.0,77.8,72400.0,High Income
Latvia,1999.0,2430000.0,70.1,4650.0,Upper-Middle Income
Morocco,1999.0,28200000.0,68.9,2190.0,Lower-Middle Income
Moldova,1999.0,4300000.0,68.8,793.0,Low Income
Madagascar,1999.0,15700000.0,59.1,436.0,Low Income
Maldives,1999.0,278000.0,71.6,3080.0,Lower-Middle Income
Mexico,1999.0,96300000.0,73.7,8570.0,Upper-Middle Income
North Macedonia,1999.0,2020000.0,71.4,2970.0,Lower-Middle Income
Mali,1999.0,10900000.0,52.9,451.0,Low Income
Malta,1999.0,396000.0,78.6,16700.0,High Income
Myanmar,1999.0,45000000.0,58.5,695.0,Low Income
Montenegro,1999.0,634000.0,73.6,2720.0,Lower-Middle Income
Mongolia,1999.0,2430000.0,60.7,747.0,Low Income
Mozambique,1999.0,17300000.0,52.4,513.0,Low Income
Mauritania,1999.0,2620000.0,63.1,1280.0,Lower-Middle Income
Mauritius,1999.0,1210000.0,71.9,5690.0,Upper-Middle Income
Malawi,1999.0,11000000.0,45.5,280.0,Low Income
Malaysia,1999.0,22400000.0,72.1,5260.0,Upper-Middle Income
Namibia,1999.0,1780000.0,55.2,3480.0,Lower-Middle Income
Niger,1999.0,11200000.0,51.5,373.0,Low Income
Nigeria,1999.0,120000000.0,54.6,716.0,Low Income
Nicaragua,1999.0,5050000.0,73.3,1450.0,Lower-Middle Income
Netherlands,1999.0,15800000.0,78.1,44600.0,High Income
Norway,1999.0,4460000.0,78.7,55300.0,High Income
Nepal,1999.0,24100000.0,64.8,342.0,Low Income
New Zealand,1999.0,3830000.0,78.0,23400.0,High Income
Oman,1999.0,2310000.0,68.8,9910.0,Upper-Middle Income
Pakistan,1999.0,150000000.0,60.9,684.0,Low Income
Panama,1999.0,2940000.0,77.3,5830.0,Upper-Middle Income
Peru,1999.0,26300000.0,74.4,3160.0,Lower-Middle Income
Philippines,1999.0,76200000.0,70.5,1940.0,Lower-Middle Income
Papua New Guinea,1999.0,5320000.0,63.3,980.0,Low Income
Poland,1999.0,38400000.0,73.2,6910.0,Upper-Middle Income
Portugal,1999.0,10200000.0,76.4,19100.0,High Income
Paraguay,1999.0,5030000.0,75.5,2490.0,Lower-Middle Income
Palestine,1999.0,3040000.0,71.9,2800.0,Lower-Middle Income
Qatar,1999.0,613000.0,70.6,39000.0,High Income
Romania,1999.0,22000000.0,70.7,2500.0,Lower-Middle Income
Russia,1999.0,147000000.0,66.2,2720.0,Lower-Middle Income
Rwanda,1999.0,8010000.0,49.3,436.0,Low Income
Saudi Arabia,1999.0,21000000.0,70.2,11900.0,Upper-Middle Income
Sudan,1999.0,25600000.0,62.9,513.0,Low Income
Senegal,1999.0,9480000.0,60.1,1070.0,Low Income
Singapore,1999.0,3970000.0,78.8,36300.0,High Income
Solomon Islands,1999.0,419000.0,57.0,1800.0,Lower-Middle Income
Sierra Leone,1999.0,4480000.0,50.0,233.0,Low Income
El Salvador,1999.0,5920000.0,72.8,2820.0,Lower-Middle Income
Somalia,1999.0,8380000.000000001,51.1,334.0,Low Income
Serbia,1999.0,7960000.0,68.9,4060.0,Lower-Middle Income
South Sudan,1999.0,5850000.0,56.3,670.0,Low Income
Sao Tome and Principe,1999.0,142000.0,64.6,797.0,Low Income
Suriname,1999.0,470000.0,70.2,3030.0,Lower-Middle Income
Slovak Republic,1999.0,5370000.0,73.3,8370.0,Upper-Middle Income
Slovenia,1999.0,1990000.0,75.8,17600.0,High Income
Sweden,1999.0,8850000.0,79.8,48700.0,High Income
Eswatini,1999.0,1020000.0,50.7,2690.0,Lower-Middle Income
Seychelles,1999.0,78800.0,71.8,11300.0,Upper-Middle Income
Syria,1999.0,15900000.0,70.9,6340.0,Upper-Middle Income
Chad,1999.0,7980000.0,52.5,311.0,Low Income
Togo,1999.0,4870000.0,56.5,482.0,Low Income
Thailand,1999.0,62400000.0,71.4,3080.0,Lower-Middle Income
Tajikistan,1999.0,6190000.0,66.3,280.0,Low Income
Turkmenistan,1999.0,4500000.0,65.5,964.0,Low Income
Timor-Leste,1999.0,867000.0,58.5,920.0,Low Income
Tonga,1999.0,102000.0,70.6,3380.0,Lower-Middle Income
Trinidad and Tobago,1999.0,1330000.0,69.8,7610.0,Upper-Middle Income
Tunisia,1999.0,9790000.0,74.0,3520.0,Lower-Middle Income
Turkey,1999.0,63200000.0,72.8,5580.0,Upper-Middle Income
Tanzania,1999.0,33500000.0,53.0,513.0,Low Income
Uganda,1999.0,23300000.0,49.1,451.0,Low Income
Ukraine,1999.0,49300000.0,68.3,1180.0,Lower-Middle Income
Uruguay,1999.0,3280000.0,74.4,11300.0,Upper-Middle Income
United States,1999.0,279000000.0,76.9,52400.0,High Income
Uzbekistan,1999.0,24600000.0,65.5,1010.0,Low Income
St. Vincent and the Grenadines,1999.0,114000.0,71.1,5150.0,Upper-Middle Income
Venezuela,1999.0,24000000.0,70.3,5550.0,Upper-Middle Income
Vietnam,1999.0,78100000.0,72.0,544.0,Low Income
Vanuatu,1999.0,187000.0,63.0,2220.0,Lower-Middle Income
Samoa,1999.0,182000.0,68.3,1890.0,Lower-Middle Income
Yemen,1999.0,18100000.0,63.0,591.0,Low Income
South Africa,1999.0,46400000.0,57.2,5410.0,Upper-Middle Income
Zambia,1999.0,9620000.0,45.3,544.0,Low Income
Zimbabwe,1999.0,11700000.0,48.5,887.0,Low Income
Afghanistan,2000.0,19500000.0,54.7,178.0,Low Income
Angola,2000.0,16399999.999999998,52.8,540.0,Low Income
Albania,2000.0,3180000.0,75.4,1650.0,Lower-Middle Income
United Arab Emirates,2000.0,3280000.0,69.1,47100.0,High Income
Argentina,2000.0,37100000.0,74.2,11200.0,Upper-Middle Income
Armenia,2000.0,3170000.0,72.4,990.0,Low Income
Antigua and Barbuda,2000.0,75100.0,74.8,15100.0,High Income
Australia,2000.0,19000000.0,79.7,31700.0,High Income
Austria,2000.0,8010000.0,78.5,40200.0,High Income
Azerbaijan,2000.0,8189999.999999999,66.5,945.0,Low Income
Burundi,2000.0,6310000.0,44.7,195.0,Low Income
Belgium,2000.0,10300000.0,78.0,38800.0,High Income
Benin,2000.0,7000000.0,57.4,720.0,Low Income
Burkina Faso,2000.0,11900000.0,52.5,405.0,Low Income
Bangladesh,2000.0,129000000.0,65.5,660.0,Low Income
Bulgaria,2000.0,8100000.0,70.2,2490.0,Lower-Middle Income
Bahrain,2000.0,711000.0,71.7,16400.0,High Income
Bahamas,2000.0,325000.0,71.3,39500.0,High Income
Bosnia and Herzegovina,2000.0,4179999.9999999995,75.5,2310.0,Lower-Middle Income
Belarus,2000.0,10300000.0,69.0,2070.0,Lower-Middle Income
Belize,2000.0,240000.0,70.0,4720.0,Upper-Middle Income
Bolivia,2000.0,8590000.0,66.5,1470.0,Lower-Middle Income
Brazil,2000.0,176000000.0,71.2,5890.0,Upper-Middle Income
Barbados,2000.0,265000.0,74.7,16200.0,High Income
Brunei,2000.0,334000.0,72.5,22000.0,High Income
Bhutan,2000.0,587000.0,65.7,1050.0,Low Income
Botswana,2000.0,1730000.0,45.5,4750.0,Upper-Middle Income
Central African Republic,2000.0,3760000.0,43.8,390.0,Low Income
Canada,2000.0,30700000.0,79.4,33900.0,High Income
Switzerland,2000.0,7180000.0,80.3,67000.0,High Income
Chile,2000.0,15400000.0,76.9,7590.0,Upper-Middle Income
China,2000.0,0.0,71.3,1410.0,Lower-Middle Income
Cote d'Ivoire,2000.0,16800000.0,51.1,975.0,Low Income
Cameroon,2000.0,15100000.0,54.5,1050.0,Low Income
"Congo, Dem. Rep.",2000.0,48600000.0,53.9,195.0,Low Income
"Congo, Rep.",2000.0,3130000.0,53.0,855.0,Low Income
Colombia,2000.0,39200000.0,74.2,3510.0,Lower-Middle Income
Comoros,2000.0,537000.0,61.4,1100.0,Lower-Middle Income
Cape Verde,2000.0,458000.0,70.3,2120.0,Lower-Middle Income
Costa Rica,2000.0,3980000.0,77.9,5350.0,Upper-Middle Income
Cuba,2000.0,11100000.0,77.0,3930.0,Lower-Middle Income
Cyprus,2000.0,948000.0,76.7,21300.0,High Income
Czech Republic,2000.0,10200000.0,75.2,9510.0,Upper-Middle Income
Germany,2000.0,81600000.0,78.4,39200.0,High Income
Djibouti,2000.0,742000.0,60.4,1590.0,Lower-Middle Income
Denmark,2000.0,5340000.0,77.2,48900.0,High Income
Dominican Republic,2000.0,8540000.0,73.7,4020.0,Lower-Middle Income
Algeria,2000.0,30800000.0,71.0,2390.0,Lower-Middle Income
Ecuador,2000.0,12600000.0,74.5,2330.0,Lower-Middle Income
Egypt,2000.0,71400000.0,68.5,2130.0,Lower-Middle Income
Eritrea,2000.0,2390000.0,54.8,450.0,Low Income
Spain,2000.0,40700000.0,79.5,23700.0,High Income
Estonia,2000.0,1400000.0,71.0,6250.0,Upper-Middle Income
Ethiopia,2000.0,67000000.0,51.1,195.0,Low Income
Finland,2000.0,5180000.0,78.0,39700.0,High Income
Fiji,2000.0,833000.0,65.8,3340.0,Lower-Middle Income
France,2000.0,58700000.0,79.2,37400.0,High Income
"Micronesia, Fed. Sts.",2000.0,112000.0,62.6,3310.0,Lower-Middle Income
Gabon,2000.0,1270000.0,59.6,4650.0,Upper-Middle Income
United Kingdom,2000.0,58900000.0,78.0,43900.0,High Income
Georgia,2000.0,4270000.0,70.7,1190.0,Lower-Middle Income
Ghana,2000.0,19700000.0,59.6,510.0,Low Income
Guinea,2000.0,8340000.0,54.3,600.0,Low Income
Gambia,2000.0,1440000.0,61.6,930.0,Low Income
Guinea-Bissau,2000.0,1230000.0,51.5,315.0,Low Income
Equatorial Guinea,2000.0,685000.0,57.6,1160.0,Lower-Middle Income
Greece,2000.0,11000000.0,78.4,23100.0,High Income
Grenada,2000.0,107000.0,72.0,6910.0,Upper-Middle Income
Guatemala,2000.0,11700000.0,66.7,2510.0,Lower-Middle Income
Guyana,2000.0,759000.0,64.0,1340.0,Lower-Middle Income
"Hong Kong, China",2000.0,6730000.0,80.4,40400.0,High Income
Honduras,2000.0,6660000.0,70.1,1530.0,Lower-Middle Income
Croatia,2000.0,4550000.0,74.7,7890.0,Upper-Middle Income
Haiti,2000.0,8359999.999999999,57.4,825.0,Low Income
Hungary,2000.0,10200000.0,71.9,6930.0,Upper-Middle Income
Indonesia,2000.0,214000000.0,67.2,870.0,Low Income
India,2000.0,0.0,62.9,660.0,Low Income
Ireland,2000.0,3770000.0,76.8,36200.0,High Income
Iran,2000.0,65500000.0,71.9,2640.0,Lower-Middle Income
Iraq,2000.0,24600000.0,68.6,2400.0,Lower-Middle Income
Iceland,2000.0,281000.0,80.3,47300.0,High Income
Israel,2000.0,6120000.0,78.9,29000.0,High Income
Italy,2000.0,57000000.0,79.6,32800.0,High Income
Jamaica,2000.0,2610000.0,74.6,4860.0,Upper-Middle Income
Jordan,2000.0,5060000.0,72.9,2510.0,Lower-Middle Income
Japan,2000.0,127000000.0,81.6,54300.0,High Income
Kazakhstan,2000.0,15200000.0,64.7,1910.0,Lower-Middle Income
Kenya,2000.0,30900000.0,54.8,615.0,Low Income
Kyrgyz Republic,2000.0,4940000.0,67.2,420.0,Low Income
Cambodia,2000.0,12100000.0,60.4,450.0,Low Income
Kiribati,2000.0,88800.0,56.4,2000.0,Lower-Middle Income
South Korea,2000.0,46800000.0,76.3,16500.0,High Income
Kuwait,2000.0,1930000.0,78.1,27000.0,High Income
Lao,2000.0,5430000.0,58.4,420.0,Low Income
Lebanon,2000.0,4320000.0,74.8,6900.0,Upper-Middle Income
Liberia,2000.0,2900000.0,54.8,362.0,Low Income
Libya,2000.0,5150000.0,74.9,7990.0,Upper-Middle Income
St. Lucia,2000.0,160000.0,73.4,7870.0,Upper-Middle Income
Sri Lanka,2000.0,18800000.0,71.5,1310.0,Lower-Middle Income
Lesotho,2000.0,2000000.0,48.5,870.0,Low Income
Lithuania,2000.0,3600000.0,72.2,4810.0,Upper-Middle Income
Luxembourg,2000.0,436000.0,78.0,68500.0,High Income
Latvia,2000.0,2390000.0,70.7,4980.0,Upper-Middle Income
Morocco,2000.0,28600000.0,69.5,2090.0,Lower-Middle Income
Moldova,2000.0,4250000.0,68.9,735.0,Low Income
Madagascar,2000.0,16200000.0,59.5,435.0,Low Income
Maldives,2000.0,283000.0,72.2,3100.0,Lower-Middle Income
Mexico,2000.0,97900000.0,74.2,9310.0,Upper-Middle Income
North Macedonia,2000.0,2040000.0,71.5,2880.0,Lower-Middle Income
Mali,2000.0,11200000.0,53.3,420.0,Low Income
Malta,2000.0,399000.0,78.8,17100.0,High Income
Myanmar,2000.0,45500000.0,58.9,709.0,Low Income
Montenegro,2000.0,633000.0,73.7,2810.0,Lower-Middle Income
Mongolia,2000.0,2450000.0,61.0,705.0,Low Income
Mozambique,2000.0,17800000.0,52.2,480.0,Low Income
Mauritania,2000.0,2700000.0,63.6,1100.0,Lower-Middle Income
Mauritius,2000.0,1220000.0,72.3,5850.0,Upper-Middle Income
Malawi,2000.0,11200000.0,45.9,240.0,Low Income
Malaysia,2000.0,22900000.0,73.0,5190.0,Upper-Middle Income
Namibia,2000.0,1820000.0,53.9,3360.0,Lower-Middle Income
Niger,2000.0,11600000.0,51.9,330.0,Low Income
Nigeria,2000.0,123000000.0,54.6,705.0,Low Income
Nicaragua,2000.0,5120000.0,73.7,1440.0,Lower-Middle Income
Netherlands,2000.0,15900000.0,78.3,43200.0,High Income
Norway,2000.0,4490000.0,78.9,54800.0,High Income
Nepal,2000.0,24600000.0,65.4,345.0,Low Income
New Zealand,2000.0,3860000.0,78.4,21100.0,High Income
Oman,2000.0,2340000.0,69.1,10600.0,Upper-Middle Income
Pakistan,2000.0,154000000.0,61.0,720.0,Low Income
Panama,2000.0,3000000.0,78.0,5820.0,Upper-Middle Income
Peru,2000.0,26700000.0,74.6,2950.0,Lower-Middle Income
Philippines,2000.0,78000000.0,70.3,1770.0,Lower-Middle Income
Papua New Guinea,2000.0,5510000.0,63.1,855.0,Low Income
Poland,2000.0,38500000.0,73.9,7000.0,Upper-Middle Income
Portugal,2000.0,10300000.0,76.8,18300.0,High Income
Paraguay,2000.0,5120000.0,75.6,2160.0,Lower-Middle Income
Palestine,2000.0,3140000.0,70.2,2330.0,Lower-Middle Income
Qatar,2000.0,646000.0,71.2,40200.0,High Income
Romania,2000.0,21900000.0,71.2,2570.0,Lower-Middle Income
Russia,2000.0,147000000.0,65.6,2570.0,Lower-Middle Income
Rwanda,2000.0,8109999.999999999,50.5,420.0,Low Income
Saudi Arabia,2000.0,21500000.0,70.4,12200.0,Upper-Middle Income
Sudan,2000.0,26300000.0,63.3,510.0,Low Income
Senegal,2000.0,9700000.0,60.6,1010.0,Low Income
Singapore,2000.0,4050000.0,79.4,35500.0,High Income
Solomon Islands,2000.0,430000.0,57.0,1470.0,Lower-Middle Income
Sierra Leone,2000.0,4580000.0,51.6,210.0,Low Income
El Salvador,2000.0,5960000.0,73.1,2850.0,Lower-Middle Income
Somalia,2000.0,8720000.0,51.4,333.0,Low Income
Serbia,2000.0,7940000.0,71.4,2420.0,Lower-Middle Income
South Sudan,2000.0,6110000.0,57.0,713.0,Low Income
Sao Tome and Principe,2000.0,144000.0,65.0,787.0,Low Income
Suriname,2000.0,479000.0,69.8,2950.0,Lower-Middle Income
Slovak Republic,2000.0,5380000.0,73.7,8290.0,Upper-Middle Income
Slovenia,2000.0,1980000.0,76.3,16900.0,High Income
Sweden,2000.0,8870000.0,80.0,47400.0,High Income
Eswatini,2000.0,1030000.0,48.3,2510.0,Lower-Middle Income
Seychelles,2000.0,80100.0,72.2,10900.0,Upper-Middle Income
Syria,2000.0,16300000.0,71.6,6100.0,Upper-Middle Income
Chad,2000.0,8260000.0,52.3,270.0,Low Income
Togo,2000.0,5010000.0,56.4,465.0,Low Income
Thailand,2000.0,63100000.0,71.8,2970.0,Lower-Middle Income
Tajikistan,2000.0,6270000.0,66.6,255.0,Low Income
Turkmenistan,2000.0,4570000.0,66.3,900.0,Low Income
Timor-Leste,2000.0,878000.0,65.5,1050.0,Low Income
Tonga,2000.0,103000.0,70.7,3120.0,Lower-Middle Income
Trinidad and Tobago,2000.0,1330000.0,70.5,8100.0,Upper-Middle Income
Tunisia,2000.0,9890000.0,74.3,3400.0,Lower-Middle Income
Turkey,2000.0,64099999.99999999,74.7,6480.0,Upper-Middle Income
Tanzania,2000.0,34500000.0,53.4,615.0,Low Income
Uganda,2000.0,24000000.0,49.6,405.0,Low Income
Ukraine,2000.0,48900000.0,68.0,1050.0,Low Income
Uruguay,2000.0,3290000.0,74.8,10600.0,Upper-Middle Income
United States,2000.0,282000000.0,77.0,53900.0,High Income
Uzbekistan,2000.0,24900000.0,65.1,945.0,Low Income
St. Vincent and the Grenadines,2000.0,114000.0,71.1,5200.0,Upper-Middle Income
Venezuela,2000.0,24400000.0,74.2,6180.0,Upper-Middle Income
Vietnam,2000.0,79000000.0,72.2,570.0,Low Income
Vanuatu,2000.0,192000.0,63.6,2150.0,Lower-Middle Income
Samoa,2000.0,184000.0,68.5,2010.0,Lower-Middle Income
Yemen,2000.0,18600000.0,63.5,645.0,Low Income
South Africa,2000.0,46800000.0,55.6,5130.0,Upper-Middle Income
Zambia,2000.0,9890000.0,45.3,495.0,Low Income
Zimbabwe,2000.0,11800000.0,47.5,765.0,Low Income
Afghanistan,2001.0,19700000.0,54.8,173.0,Low Income
Angola,2001.0,16900000.0,53.4,573.0,Low Income
Albania,2001.0,3150000.0,76.0,1880.0,Lower-Middle Income
United Arab Emirates,2001.0,3450000.0,69.2,47000.0,High Income
Argentina,2001.0,37500000.0,74.3,10300.0,Upper-Middle Income
Armenia,2001.0,3130000.0,72.5,1040.0,Low Income
Antigua and Barbuda,2001.0,76200.0,75.1,14500.0,High Income
Australia,2001.0,19200000.0,80.1,29600.0,High Income
Austria,2001.0,8039999.999999999,78.9,37100.0,High Income
Azerbaijan,2001.0,8279999.999999999,67.1,999.0,Low Income
Burundi,2001.0,6470000.0,45.8,191.0,Low Income
Belgium,2001.0,10300000.0,78.3,35900.0,High Income
Benin,2001.0,7210000.0,57.6,778.0,Low Income
Burkina Faso,2001.0,12200000.0,52.9,411.0,Low Income
Bangladesh,2001.0,132000000.0,66.0,646.0,Low Income
Bulgaria,2001.0,8029999.999999999,70.4,2600.0,Lower-Middle Income
Bahrain,2001.0,730000.0,73.4,16900.0,High Income
Bahamas,2001.0,330000.0,71.3,39000.0,High Income
Bosnia and Herzegovina,2001.0,4190000.0000000005,75.3,2380.0,Lower-Middle Income
Belarus,2001.0,10200000.0,68.6,1910.0,Lower-Middle Income
Belize,2001.0,248000.0,70.6,4600.0,Upper-Middle Income
Bolivia,2001.0,8750000.0,67.2,1400.0,Lower-Middle Income
Brazil,2001.0,178000000.0,71.5,4920.0,Upper-Middle Income
Barbados,2001.0,265000.0,75.2,15600.0,High Income
Brunei,2001.0,341000.0,72.8,23600.0,High Income
Bhutan,2001.0,603000.0,67.1,1100.0,Lower-Middle Income
Botswana,2001.0,1760000.0,45.0,4790.0,Upper-Middle Income
Central African Republic,2001.0,3840000.0,43.9,382.0,Low Income
Canada,2001.0,31000000.0,79.6,33800.0,High Income
Switzerland,2001.0,7220000.0,80.6,61800.0,High Income
Chile,2001.0,15500000.0,77.0,7050.0,Upper-Middle Income
China,2001.0,0.0,71.7,1480.0,Lower-Middle Income
Cote d'Ivoire,2001.0,17200000.0,51.5,881.0,Low Income
Cameroon,2001.0,15500000.0,54.3,984.0,Low Income
"Congo, Dem. Rep.",2001.0,50100000.0,54.2,206.0,Low Income
"Congo, Rep.",2001.0,3250000.0,54.0,925.0,Low Income
Colombia,2001.0,39800000.0,74.4,3420.0,Lower-Middle Income
Comoros,2001.0,548000.0,62.2,1030.0,Low Income
Cape Verde,2001.0,466000.0,70.6,1980.0,Lower-Middle Income
Costa Rica,2001.0,4050000.0,77.9,5390.0,Upper-Middle Income
Cuba,2001.0,11100000.0,77.2,4050.0,Lower-Middle Income
Cyprus,2001.0,965000.0,77.1,20800.0,High Income
Czech Republic,2001.0,10200000.0,75.5,9330.0,Upper-Middle Income
Germany,2001.0,81500000.0,78.7,36300.0,High Income
Djibouti,2001.0,765000.0,60.5,1570.0,Lower-Middle Income
Denmark,2001.0,5360000.0,77.3,46100.0,High Income
Dominican Republic,2001.0,8670000.0,73.8,4020.0,Lower-Middle Income
Algeria,2001.0,31200000.0,71.3,2450.0,Lower-Middle Income
Ecuador,2001.0,12800000.0,75.0,2280.0,Lower-Middle Income
Egypt,2001.0,72900000.0,68.3,2100.0,Lower-Middle Income
Eritrea,2001.0,2460000.0,56.1,455.0,Low Income
Spain,2001.0,41000000.0,79.8,22800.0,High Income
Estonia,2001.0,1390000.0,70.8,6330.0,Upper-Middle Income
Ethiopia,2001.0,69000000.0,53.3,191.0,Low Income
Finland,2001.0,5190000.0,78.4,37900.0,High Income
Fiji,2001.0,841000.0,66.2,3140.0,Lower-Middle Income
France,2001.0,59000000.0,79.3,35000.0,High Income
"Micronesia, Fed. Sts.",2001.0,112000.0,63.2,3320.0,Lower-Middle Income
Gabon,2001.0,1310000.0,59.5,5040.0,Upper-Middle Income
United Kingdom,2001.0,59100000.0,78.3,42500.0,High Income
Georgia,2001.0,4139999.9999999995,70.8,1150.0,Lower-Middle Income
Ghana,2001.0,20200000.0,59.5,441.0,Low Income
Guinea,2001.0,8450000.0,54.7,529.0,Low Income
Gambia,2001.0,1480000.0,61.7,823.0,Low Income
Guinea-Bissau,2001.0,1260000.0,51.8,367.0,Low Income
Equatorial Guinea,2001.0,719000.0,58.9,1320.0,Lower-Middle Income
Greece,2001.0,11100000.0,78.7,24400.0,High Income
Grenada,2001.0,108000.0,72.1,6620.0,Upper-Middle Income
Guatemala,2001.0,12000000.0,67.2,2350.0,Lower-Middle Income
Guyana,2001.0,760000.0,63.9,1290.0,Lower-Middle Income
"Hong Kong, China",2001.0,6800000.0,80.7,38700.0,High Income
Honduras,2001.0,6840000.0,70.2,1530.0,Lower-Middle Income
Croatia,2001.0,4510000.0,74.9,7860.0,Upper-Middle Income
Haiti,2001.0,8510000.0,57.8,940.0,Low Income
Hungary,2001.0,10200000.0,72.5,7040.0,Upper-Middle Income
Indonesia,2001.0,217000000.0,67.5,1060.0,Low Income
India,2001.0,0.0,63.3,661.0,Low Income
Ireland,2001.0,3830000.0,77.3,35300.0,High Income
Iran,2001.0,66700000.0,72.2,2630.0,Lower-Middle Income
Iraq,2001.0,25400000.0,69.0,2540.0,Lower-Middle Income
Iceland,2001.0,285000.0,80.6,45100.0,High Income
Israel,2001.0,6240000.0,79.0,28400.0,High Income
Italy,2001.0,57000000.0,79.9,31100.0,High Income
Jamaica,2001.0,2630000.0,74.7,4760.0,Upper-Middle Income
Jordan,2001.0,5160000.0,73.0,2560.0,Lower-Middle Income
Japan,2001.0,127000000.0,81.9,54000.0,High Income
Kazakhstan,2001.0,15300000.0,64.7,2000.0,Lower-Middle Income
Kenya,2001.0,31800000.0,54.9,588.0,Low Income
Kyrgyz Republic,2001.0,4980000.0,67.3,411.0,Low Income
Cambodia,2001.0,12300000.0,60.9,455.0,Low Income
Kiribati,2001.0,90500.0,56.7,1970.0,Lower-Middle Income
South Korea,2001.0,47100000.0,76.9,17600.0,High Income
Kuwait,2001.0,1990000.0,79.2,27400.0,High Income
Lao,2001.0,5520000.0,59.0,455.0,Low Income
Lebanon,2001.0,4390000.0,75.1,6550.0,Upper-Middle Income
Liberia,2001.0,2980000.0,55.7,359.0,Low Income
Libya,2001.0,5280000.0,75.0,7730.0,Upper-Middle Income
St. Lucia,2001.0,161000.0,73.5,7330.0,Upper-Middle Income
Sri Lanka,2001.0,18900000.0,72.6,1220.0,Lower-Middle Income
Lesotho,2001.0,2000000.0,47.3,940.0,Low Income
Lithuania,2001.0,3560000.0,71.7,5070.0,Upper-Middle Income
Luxembourg,2001.0,441000.0,78.4,66000.0,High Income
Latvia,2001.0,2360000.0,70.1,5290.0,Upper-Middle Income
Morocco,2001.0,28900000.0,69.9,2060.0,Lower-Middle Income
Moldova,2001.0,4200000.0,69.2,734.0,Low Income
Madagascar,2001.0,16700000.0,60.0,441.0,Low Income
Maldives,2001.0,287000.0,72.8,3290.0,Lower-Middle Income
Mexico,2001.0,99400000.0,74.6,9900.0,Upper-Middle Income
North Macedonia,2001.0,2049999.9999999998,71.4,2670.0,Lower-Middle Income
Mali,2001.0,11600000.0,53.8,441.0,Low Income
Malta,2001.0,402000.0,79.0,16100.000000000002,High Income
Myanmar,2001.0,46000000.0,59.4,736.0,Low Income
Montenegro,2001.0,633000.0,73.8,2830.0,Lower-Middle Income
Mongolia,2001.0,2470000.0,61.3,705.0,Low Income
Mozambique,2001.0,18200000.0,52.3,470.0,Low Income
Mauritania,2001.0,2760000.0,64.1,955.0,Low Income
Mauritius,2001.0,1230000.0,72.6,5830.0,Upper-Middle Income
Malawi,2001.0,11500000.0,46.3,206.0,Low Income
Malaysia,2001.0,23500000.0,73.3,5210.0,Upper-Middle Income
Namibia,2001.0,1860000.0,53.1,3070.0,Lower-Middle Income
Niger,2001.0,12000000.0,52.3,323.0,Low Income
Nigeria,2001.0,126000000.0,54.8,778.0,Low Income
Nicaragua,2001.0,5190000.0,73.7,1430.0,Lower-Middle Income
Netherlands,2001.0,16000000.0,78.4,40200.0,High Income
Norway,2001.0,4510000.0,79.1,56100.0,High Income
Nepal,2001.0,25000000.0,66.1,353.0,Low Income
New Zealand,2001.0,3890000.0,78.6,20300.0,High Income
Oman,2001.0,2370000.0,69.5,11500.0,Upper-Middle Income
Pakistan,2001.0,159000000.0,61.2,749.0,Low Income
Panama,2001.0,3060000.0,78.1,5630.0,Upper-Middle Income
Peru,2001.0,27000000.0,75.5,2790.0,Lower-Middle Income
Philippines,2001.0,79600000.0,70.2,1720.0,Lower-Middle Income
Papua New Guinea,2001.0,5700000.0,62.9,749.0,Low Income
Poland,2001.0,38700000.0,74.3,6920.0,Upper-Middle Income
Portugal,2001.0,10400000.0,77.2,17400.0,High Income
Paraguay,2001.0,5210000.0,76.0,2070.0,Lower-Middle Income
Palestine,2001.0,3230000.0,69.6,2010.0,Lower-Middle Income
Qatar,2001.0,679000.0,71.5,40200.0,High Income
Romania,2001.0,21800000.0,71.2,2590.0,Lower-Middle Income
Russia,2001.0,146000000.0,65.5,2610.0,Lower-Middle Income
Rwanda,2001.0,8220000.000000001,51.5,397.0,Low Income
Saudi Arabia,2001.0,22100000.0,70.6,12500.0,Upper-Middle Income
Sudan,2001.0,26900000.0,63.7,514.0,Low Income
Senegal,2001.0,9940000.0,61.1,955.0,Low Income
Singapore,2001.0,4120000.0,79.8,32500.0,High Income
Solomon Islands,2001.0,440000.0,56.9,1350.0,Lower-Middle Income
Sierra Leone,2001.0,4860000.0,52.2,220.0,Low Income
El Salvador,2001.0,5990000.0,73.0,2860.0,Lower-Middle Income
Somalia,2001.0,9070000.0,51.8,333.0,Low Income
Serbia,2001.0,7920000.0,71.9,2260.0,Lower-Middle Income
South Sudan,2001.0,6390000.0,57.7,736.0,Low Income
Sao Tome and Principe,2001.0,146000.0,65.5,796.0,Low Income
Suriname,2001.0,487000.0,69.6,2450.0,Lower-Middle Income
Slovak Republic,2001.0,5380000.0,73.9,8400.0,Upper-Middle Income
Slovenia,2001.0,1980000.0,76.3,16100.000000000002,High Income
Sweden,2001.0,8900000.0,80.2,43700.0,High Income
Eswatini,2001.0,1040000.0,46.3,2500.0,Lower-Middle Income
Seychelles,2001.0,81300.0,72.3,10700.0,Upper-Middle Income
Syria,2001.0,16700000.0,72.4,6430.0,Upper-Middle Income
Chad,2001.0,8540000.0,52.5,279.0,Low Income
Togo,2001.0,5150000.0,56.3,426.0,Low Income
Thailand,2001.0,63600000.0,72.8,2880.0,Lower-Middle Income
Tajikistan,2001.0,6410000.0,66.8,235.0,Low Income
Turkmenistan,2001.0,4640000.0,66.7,955.0,Low Income
Timor-Leste,2001.0,893000.0,65.8,1200.0,Lower-Middle Income
Tonga,2001.0,103000.0,71.0,2980.0,Lower-Middle Income
Trinidad and Tobago,2001.0,1340000.0,70.6,8920.0,Upper-Middle Income
Tunisia,2001.0,10000000.0,74.5,3290.0,Lower-Middle Income
Turkey,2001.0,65099999.99999999,75.0,5260.0,Upper-Middle Income
Tanzania,2001.0,35400000.0,54.0,602.0,Low Income
Uganda,2001.0,24800000.0,50.3,367.0,Low Income
Ukraine,2001.0,48400000.0,68.2,1070.0,Low Income
Uruguay,2001.0,3300000.0,75.0,9550.0,Upper-Middle Income
United States,2001.0,285000000.0,77.1,53900.0,High Income
Uzbekistan,2001.0,25200000.0,65.1,823.0,Low Income
St. Vincent and the Grenadines,2001.0,114000.0,71.7,5360.0,Upper-Middle Income
Venezuela,2001.0,24900000.0,74.1,6760.0,Upper-Middle Income
Vietnam,2001.0,79800000.0,72.4,588.0,Low Income
Vanuatu,2001.0,197000.0,63.6,2010.0,Lower-Middle Income
Samoa,2001.0,186000.0,68.6,2140.0,Lower-Middle Income
Yemen,2001.0,19100000.0,64.0,705.0,Low Income
South Africa,2001.0,47200000.0,54.8,4690.0,Upper-Middle Income
Zambia,2001.0,10200000.0,45.2,514.0,Low Income
Zimbabwe,2001.0,11900000.0,47.0,793.0,Low Income
Afghanistan,2002.0,21000000.0,55.5,366.0,Low Income
Angola,2002.0,17500000.0,54.5,860.0,Low Income
Albania,2002.0,3120000.0,75.9,2000.0,Lower-Middle Income
United Arab Emirates,2002.0,3630000.0,69.4,45100.0,High Income
Argentina,2002.0,37900000.0,74.3,5890.0,Upper-Middle Income
Armenia,2002.0,3110000.0,72.7,1170.0,Lower-Middle Income
Antigua and Barbuda,2002.0,77200.0,75.4,14100.0,High Income
Australia,2002.0,19500000.0,80.3,29200.0,High Income
Austria,2002.0,8080000.0,79.0,36400.0,High Income
Azerbaijan,2002.0,8369999.999999999,67.2,1080.0,Low Income
Burundi,2002.0,6650000.0,46.9,189.0,Low Income
Belgium,2002.0,10400000.0,78.5,35000.0,High Income
Benin,2002.0,7430000.0,57.9,772.0,Low Income
Burkina Faso,2002.0,12600000.0,53.4,393.0,Low Income
Bangladesh,2002.0,134000000.0,66.3,641.0,Low Income
Bulgaria,2002.0,7970000.0,70.7,2870.0,Lower-Middle Income
Bahrain,2002.0,748000.0,72.7,17600.0,High Income
Bahamas,2002.0,334000.0,71.9,39600.0,High Income
Bosnia and Herzegovina,2002.0,4200000.0,75.1,2550.0,Lower-Middle Income
Belarus,2002.0,10100000.0,68.0,2010.0,Lower-Middle Income
Belize,2002.0,256000.0,71.4,4660.0,Upper-Middle Income
Bolivia,2002.0,8900000.0,67.6,1340.0,Lower-Middle Income
Brazil,2002.0,180000000.0,71.8,4520.0,Upper-Middle Income
Barbados,2002.0,266000.0,75.1,15500.0,High Income
Brunei,2002.0,347000.0,72.9,25000.0,High Income
Bhutan,2002.0,619000.0,67.7,1180.0,Lower-Middle Income
Botswana,2002.0,1800000.0,44.9,4270.0,Upper-Middle Income
Central African Republic,2002.0,3930000.0,44.2,364.0,Low Income
Canada,2002.0,31300000.0,79.8,34400.0,High Income
Switzerland,2002.0,7280000.0,80.9,59400.0,High Income
Chile,2002.0,15700000.0,77.4,6620.0,Upper-Middle Income
China,2002.0,0.0,72.0,1620.0,Lower-Middle Income
Cote d'Ivoire,2002.0,17700000.0,51.7,831.0,Low Income
Cameroon,2002.0,15900000.0,54.2,976.0,Low Income
"Congo, Dem. Rep.",2002.0,51700000.0,54.4,277.0,Low Income
"Congo, Rep.",2002.0,3330000.0,54.7,976.0,Low Income
Colombia,2002.0,40500000.0,73.4,3450.0,Lower-Middle Income
Comoros,2002.0,559000.0,62.5,991.0,Low Income
Cape Verde,2002.0,473000.0,70.8,1890.0,Lower-Middle Income
Costa Rica,2002.0,4120000.0,78.4,5490.0,Upper-Middle Income
Cuba,2002.0,11200000.0,77.9,4110.0,Lower-Middle Income
Cyprus,2002.0,982000.0,77.3,21100.0,High Income
Czech Republic,2002.0,10200000.0,75.7,9690.0,Upper-Middle Income
Germany,2002.0,81400000.0,78.8,34400.0,High Income
Djibouti,2002.0,789000.0,60.6,1560.0,Lower-Middle Income
Denmark,2002.0,5380000.0,77.4,45000.0,High Income
Dominican Republic,2002.0,8800000.0,73.9,4210.0,Lower-Middle Income
Algeria,2002.0,31600000.0,71.8,2520.0,Lower-Middle Income
Ecuador,2002.0,13100000.0,74.1,2520.0,Lower-Middle Income
Egypt,2002.0,74400000.0,68.3,1940.0,Lower-Middle Income
Eritrea,2002.0,2550000.0,56.6,437.0,Low Income
Spain,2002.0,41500000.0,79.9,22700.0,High Income
Estonia,2002.0,1380000.0,71.4,6730.0,Upper-Middle Income
Ethiopia,2002.0,71100000.0,54.2,175.0,Low Income
Finland,2002.0,5200000.0,78.6,37200.0,High Income
Fiji,2002.0,850000.0,66.6,3150.0,Lower-Middle Income
France,2002.0,59400000.0,79.5,33600.0,High Income
"Micronesia, Fed. Sts.",2002.0,112000.0,62.5,3310.0,Lower-Middle Income
Gabon,2002.0,1340000.0,59.8,5260.0,Upper-Middle Income
United Kingdom,2002.0,59400000.0,78.5,42500.0,High Income
Georgia,2002.0,4059999.9999999995,70.4,1220.0,Lower-Middle Income
Ghana,2002.0,20800000.0,59.5,393.0,Low Income
Guinea,2002.0,8580000.0,55.1,510.0,Low Income
Gambia,2002.0,1520000.0,61.7,641.0,Low Income
Guinea-Bissau,2002.0,1290000.0,52.1,437.0,Low Income
Equatorial Guinea,2002.0,754000.0,60.0,1850.0,Lower-Middle Income
Greece,2002.0,11100000.0,78.9,26200.0,High Income
Grenada,2002.0,108000.0,72.1,6780.0,Upper-Middle Income
Guatemala,2002.0,12300000.0,67.8,2330.0,Lower-Middle Income
Guyana,2002.0,760000.0,63.9,1300.0,Lower-Middle Income
"Hong Kong, China",2002.0,6850000.0,81.1,36800.0,High Income
Honduras,2002.0,7020000.0,70.4,1550.0,Lower-Middle Income
Croatia,2002.0,4480000.0,75.0,8250.0,Upper-Middle Income
Haiti,2002.0,8660000.0,58.2,1050.0,Low Income
Hungary,2002.0,10100000.0,72.6,7710.0,Upper-Middle Income
Indonesia,2002.0,220000000.0,67.7,1150.0,Lower-Middle Income
India,2002.0,0.0,63.8,670.0,Low Income
Ireland,2002.0,3890000.0,77.8,36200.0,High Income
Iran,2002.0,67300000.0,72.5,2740.0,Lower-Middle Income
Iraq,2002.0,26300000.0,69.3,2070.0,Lower-Middle Income
Iceland,2002.0,288000.0,80.8,45100.0,High Income
Israel,2002.0,6360000.0,78.9,27000.0,High Income
Italy,2002.0,57100000.0,80.2,30200.0,High Income
Jamaica,2002.0,2640000.0,75.5,4750.0,Upper-Middle Income
Jordan,2002.0,5280000.0,73.3,2590.0,Lower-Middle Income
Japan,2002.0,127000000.0,82.2,50700.0,High Income
Kazakhstan,2002.0,15300000.0,64.7,2230.0,Lower-Middle Income
Kenya,2002.0,32799999.999999996,55.0,554.0,Low Income
Kyrgyz Republic,2002.0,5030000.0,67.2,423.0,Low Income
Cambodia,2002.0,12600000.0,61.5,466.0,Low Income
Kiribati,2002.0,92400.0,57.0,1820.0,Lower-Middle Income
South Korea,2002.0,47300000.0,77.3,18700.0,High Income
Kuwait,2002.0,2049999.9999999998,78.6,27600.0,High Income
Lao,2002.0,5610000.0,59.7,466.0,Low Income
Lebanon,2002.0,4450000.0,75.3,6120.0,Upper-Middle Income
Liberia,2002.0,3060000.0,55.4,364.0,Low Income
Libya,2002.0,5410000.0,75.0,7530.0,Upper-Middle Income
St. Lucia,2002.0,162000.0,73.6,7300.0,Upper-Middle Income
Sri Lanka,2002.0,19100000.0,73.4,1220.0,Lower-Middle Income
Lesotho,2002.0,2000000.0,46.1,860.0,Low Income
Lithuania,2002.0,3520000.0,72.0,5570.0,Upper-Middle Income
Luxembourg,2002.0,446000.0,78.7,61800.0,High Income
Latvia,2002.0,2330000.0,70.5,5740.0,Upper-Middle Income
Morocco,2002.0,29300000.0,70.3,2000.0,Lower-Middle Income
Moldova,2002.0,4150000.0000000005,69.1,860.0,Low Income
Madagascar,2002.0,17200000.0,60.0,408.0,Low Income
Maldives,2002.0,292000.0,73.7,3820.0,Lower-Middle Income
Mexico,2002.0,101000000.0,74.6,10300.0,Upper-Middle Income
North Macedonia,2002.0,2060000.0,71.5,2700.0,Lower-Middle Income
Mali,2002.0,12000000.0,54.3,423.0,Low Income
Malta,2002.0,405000.0,79.1,15600.0,High Income
Myanmar,2002.0,46500000.0,59.8,772.0,Low Income
Montenegro,2002.0,633000.0,73.9,2870.0,Lower-Middle Income
Mongolia,2002.0,2490000.0,61.7,772.0,Low Income
Mozambique,2002.0,18700000.0,52.2,423.0,Low Income
Mauritania,2002.0,2820000.0,64.5,947.0,Low Income
Mauritius,2002.0,1230000.0,72.7,5770.0,Upper-Middle Income
Malawi,2002.0,11800000.0,46.7,248.0,Low Income
Malaysia,2002.0,24100000.0,73.5,5520.0,Upper-Middle Income
Namibia,2002.0,1890000.0,52.5,2930.0,Lower-Middle Income
Niger,2002.0,12500000.0,53.3,321.0,Low Income
Nigeria,2002.0,130000000.0,55.1,918.0,Low Income
Nicaragua,2002.0,5260000.0,73.6,1400.0,Lower-Middle Income
Netherlands,2002.0,16100000.000000002,78.6,39400.0,High Income
Norway,2002.0,4540000.0,79.3,58100.0,High Income
Nepal,2002.0,25300000.0,66.2,350.0,Low Income
New Zealand,2002.0,3950000.0,78.8,20600.0,High Income
Oman,2002.0,2400000.0,69.6,11700.0,Upper-Middle Income
Pakistan,2002.0,163000000.0,61.4,772.0,Low Income
Panama,2002.0,3120000.0,78.1,5740.0,Upper-Middle Income
Peru,2002.0,27300000.0,75.9,2860.0,Lower-Middle Income
Philippines,2002.0,81300000.0,70.2,1650.0,Lower-Middle Income
Papua New Guinea,2002.0,5890000.0,62.7,699.0,Low Income
Poland,2002.0,38600000.0,74.7,7140.0,Upper-Middle Income
Portugal,2002.0,10400000.0,77.5,17100.0,High Income
Paraguay,2002.0,5290000.0,76.1,1940.0,Lower-Middle Income
Palestine,2002.0,3310000.0,68.8,1730.0,Lower-Middle Income
Qatar,2002.0,713000.0,71.5,41400.0,High Income
Romania,2002.0,21700000.0,71.2,2840.0,Lower-Middle Income
Russia,2002.0,146000000.0,65.4,3060.0,Lower-Middle Income
Rwanda,2002.0,8369999.999999999,53.2,379.0,Low Income
Saudi Arabia,2002.0,22600000.0,70.7,12200.0,Upper-Middle Income
Sudan,2002.0,27600000.0,63.9,554.0,Low Income
Senegal,2002.0,10200000.0,61.4,903.0,Low Income
Singapore,2002.0,4179999.9999999995,80.1,32100.0,High Income
Solomon Islands,2002.0,451000.0,56.9,1210.0,Lower-Middle Income
Sierra Leone,2002.0,5140000.0,52.4,291.0,Low Income
El Salvador,2002.0,6010000.0,74.3,2910.0,Lower-Middle Income
Somalia,2002.0,9410000.0,52.2,335.0,Low Income
Serbia,2002.0,7900000.0,72.2,2220.0,Lower-Middle Income
South Sudan,2002.0,6690000.0,58.1,759.0,Low Income
Sao Tome and Principe,2002.0,150000.0,65.9,800.0,Low Income
Suriname,2002.0,496000.0,69.5,2810.0,Lower-Middle Income
Slovak Republic,2002.0,5380000.0,74.1,8770.0,Upper-Middle Income
Slovenia,2002.0,1980000.0,76.8,15900.0,High Income
Sweden,2002.0,8930000.0,80.3,42400.0,High Income
Eswatini,2002.0,1050000.0,45.0,2290.0,Lower-Middle Income
Seychelles,2002.0,82400.0,72.1,9980.0,Upper-Middle Income
Syria,2002.0,17200000.0,72.8,6820.0,Upper-Middle Income
Chad,2002.0,8840000.0,52.6,291.0,Low Income
Togo,2002.0,5280000.0,56.3,437.0,Low Income
Thailand,2002.0,64200000.0,73.1,2900.0,Lower-Middle Income
Tajikistan,2002.0,6540000.0,67.0,248.0,Low Income
Turkmenistan,2002.0,4700000.0,66.6,1090.0,Lower-Middle Income
Timor-Leste,2002.0,910000.0,66.1,1090.0,Lower-Middle Income
Tonga,2002.0,104000.0,71.0,2910.0,Lower-Middle Income
Trinidad and Tobago,2002.0,1350000.0,71.2,9850.0,Upper-Middle Income
Tunisia,2002.0,10100000.0,74.7,3180.0,Lower-Middle Income
Turkey,2002.0,66000000.0,75.2,5230.0,Upper-Middle Income
Tanzania,2002.0,36400000.0,54.6,612.0,Low Income
Uganda,2002.0,25500000.0,51.0,364.0,Low Income
Ukraine,2002.0,48000000.0,68.1,1150.0,Lower-Middle Income
Uruguay,2002.0,3310000.0,75.0,7490.0,Upper-Middle Income
United States,2002.0,288000000.0,77.2,54400.0,High Income
Uzbekistan,2002.0,25600000.0,65.0,656.0,Low Income
St. Vincent and the Grenadines,2002.0,113000.0,71.7,5760.0,Upper-Middle Income
Venezuela,2002.0,25300000.0,74.0,5810.0,Upper-Middle Income
Vietnam,2002.0,80600000.0,72.5,612.0,Low Income
Vanuatu,2002.0,202000.0,63.6,1790.0,Lower-Middle Income
Samoa,2002.0,187000.0,68.8,2220.0,Lower-Middle Income
Yemen,2002.0,19700000.0,64.5,758.0,Low Income
South Africa,2002.0,47700000.0,53.7,4360.0,Upper-Middle Income
Zambia,2002.0,10500000.0,45.9,525.0,Low Income
Zimbabwe,2002.0,12000000.0,46.6,714.0,Low Income
Afghanistan,2003.0,22600000.0,56.5,380.0,Low Income
Angola,2003.0,18100000.0,55.1,990.0,Low Income
Albania,2003.0,3090000.0,75.6,2300.0,Lower-Middle Income
United Arab Emirates,2003.0,3810000.0,69.3,45700.0,High Income
Argentina,2003.0,38300000.0,74.4,5090.0,Upper-Middle Income
Armenia,2003.0,3080000.0,72.8,1340.0,Lower-Middle Income
Antigua and Barbuda,2003.0,78100.0,75.6,14700.0,High Income
Australia,2003.0,19700000.0,80.6,29500.0,High Income
Austria,2003.0,8119999.999999999,79.1,39100.0,High Income
Azerbaijan,2003.0,8460000.0,67.1,1170.0,Lower-Middle Income
Burundi,2003.0,6860000.0,47.9,167.0,Low Income
Belgium,2003.0,10400000.0,78.7,37700.0,High Income
Benin,2003.0,7660000.0,58.1,836.0,Low Income
Burkina Faso,2003.0,13000000.0,54.0,446.0,Low Income
Bangladesh,2003.0,137000000.0,66.7,641.0,Low Income
Bulgaria,2003.0,7920000.0,70.9,3300.0,Lower-Middle Income
Bahrain,2003.0,778000.0,72.2,18000.0,High Income
Bahamas,2003.0,338000.0,72.4,38700.0,High Income
Bosnia and Herzegovina,2003.0,4179999.9999999995,75.3,2830.0,Lower-Middle Income
Belarus,2003.0,10100000.0,68.6,2270.0,Lower-Middle Income
Belize,2003.0,264000.0,71.8,4770.0,Upper-Middle Income
Bolivia,2003.0,9060000.0,68.1,1270.0,Lower-Middle Income
Brazil,2003.0,183000000.0,72.0,4170.0,Lower-Middle Income
Barbados,2003.0,267000.0,74.9,15700.0,High Income
Brunei,2003.0,354000.0,72.9,24800.0,High Income
Bhutan,2003.0,635000.0,68.2,1270.0,Lower-Middle Income
Botswana,2003.0,1830000.0,45.7,4700.0,Upper-Middle Income
Central African Republic,2003.0,4030000.0000000005,44.5,362.0,Low Income
Canada,2003.0,31600000.0,80.0,36000.0,High Income
Switzerland,2003.0,7330000.0,81.1,65200.0,High Income
Chile,2003.0,15900000.0,77.4,6290.0,Upper-Middle Income
China,2003.0,0.0,72.3,1780.0,Lower-Middle Income
Cote d'Ivoire,2003.0,18100000.0,52.1,878.0,Low Income
Cameroon,2003.0,16399999.999999998,54.3,1100.0,Lower-Middle Income
"Congo, Dem. Rep.",2003.0,53200000.0,54.8,237.0,Low Income
"Congo, Rep.",2003.0,3420000.0,55.3,976.0,Low Income
Colombia,2003.0,41100000.0,75.2,3300.0,Lower-Middle Income
Comoros,2003.0,570000.0,63.3,1100.0,Lower-Middle Income
Cape Verde,2003.0,480000.0,71.2,2120.0,Lower-Middle Income
Costa Rica,2003.0,4190000.0000000005,78.5,5620.0,Upper-Middle Income
Cuba,2003.0,11200000.0,77.8,4320.0,Upper-Middle Income
Cyprus,2003.0,1000000.0,77.7,23300.0,High Income
Czech Republic,2003.0,10200000.0,75.6,11300.0,Upper-Middle Income
Germany,2003.0,81300000.0,78.9,36300.0,High Income
Djibouti,2003.0,806000.0,60.9,1680.0,Lower-Middle Income
Denmark,2003.0,5400000.0,77.7,48400.0,High Income
Dominican Republic,2003.0,8920000.0,73.5,3680.0,Lower-Middle Income
Algeria,2003.0,32100000.0,72.0,2690.0,Lower-Middle Income
Ecuador,2003.0,13300000.0,73.9,2940.0,Lower-Middle Income
Egypt,2003.0,76000000.0,68.2,1730.0,Lower-Middle Income
Eritrea,2003.0,2650000.0,57.0,418.0,Low Income
Spain,2003.0,42200000.0,80.0,25100.0,High Income
Estonia,2003.0,1370000.0,72.1,7990.0,Upper-Middle Income
Ethiopia,2003.0,73200000.0,55.0,153.0,Low Income
Finland,2003.0,5210000.0,78.8,40000.0,High Income
Fiji,2003.0,858000.0,66.5,3360.0,Lower-Middle Income
France,2003.0,59700000.0,79.7,36100.0,High Income
"Micronesia, Fed. Sts.",2003.0,112000.0,63.6,3320.0,Lower-Middle Income
Gabon,2003.0,1380000.0,59.8,5410.0,Upper-Middle Income
United Kingdom,2003.0,59600000.0,78.6,45000.0,High Income
Georgia,2003.0,4019999.9999999995,70.6,1380.0,Lower-Middle Income
Ghana,2003.0,21300000.0,59.6,446.0,Low Income
Guinea,2003.0,8770000.0,55.4,474.0,Low Income
Gambia,2003.0,1570000.0,61.8,544.0,Low Income
Guinea-Bissau,2003.0,1320000.0,52.4,460.0,Low Income
Equatorial Guinea,2003.0,790000.0,60.5,1660.0,Lower-Middle Income
Greece,2003.0,11100000.0,79.1,27100.0,High Income
Grenada,2003.0,109000.0,72.2,7370.0,Upper-Middle Income
Guatemala,2003.0,12600000.0,68.1,2330.0,Lower-Middle Income
Guyana,2003.0,761000.0,64.1,1310.0,Lower-Middle Income
"Hong Kong, China",2003.0,6890000.0,81.4,36700.0,High Income
Honduras,2003.0,7200000.0,70.5,1560.0,Lower-Middle Income
Croatia,2003.0,4460000.0,75.1,9380.0,Upper-Middle Income
Haiti,2003.0,8810000.0,58.5,920.0,Low Income
Hungary,2003.0,10100000.0,72.7,9240.0,Upper-Middle Income
Indonesia,2003.0,223000000.0,67.8,1250.0,Lower-Middle Income
India,2003.0,0.0,64.5,725.0,Low Income
Ireland,2003.0,3960000.0,78.3,41700.0,High Income
Iran,2003.0,68000000.0,71.8,3070.0,Lower-Middle Income
Iraq,2003.0,27100000.0,68.1,1190.0,Lower-Middle Income
Iceland,2003.0,290000.0,81.2,47000.0,High Income
Israel,2003.0,6480000.0,79.5,26000.0,High Income
Italy,2003.0,57400000.0,80.3,32500.0,High Income
Jamaica,2003.0,2650000.0,76.3,4790.0,Upper-Middle Income
Jordan,2003.0,5400000.0,73.8,2650.0,Lower-Middle Income
Japan,2003.0,128000000.0,82.3,48900.0,High Income
Kazakhstan,2003.0,15400000.0,64.6,2520.0,Lower-Middle Income
Kenya,2003.0,33800000.0,55.2,557.0,Low Income
Kyrgyz Republic,2003.0,5080000.0,67.1,474.0,Low Income
Cambodia,2003.0,12800000.0,62.2,488.0,Low Income
Kiribati,2003.0,94300.0,57.2,1830.0,Lower-Middle Income
South Korea,2003.0,47500000.0,77.7,19200.0,High Income
Kuwait,2003.0,2100000.0,78.9,31500.0,High Income
Lao,2003.0,5690000.0,60.4,474.0,Low Income
Lebanon,2003.0,4500000.0,75.3,5280.0,Upper-Middle Income
Liberia,2003.0,3090000.0,55.5,251.0,Low Income
Libya,2003.0,5540000.0,75.5,7190.0,Upper-Middle Income
St. Lucia,2003.0,163000.0,73.8,7480.0,Upper-Middle Income
Sri Lanka,2003.0,19300000.0,73.4,1310.0,Lower-Middle Income
Lesotho,2003.0,1990000.0,45.0,934.0,Low Income
Lithuania,2003.0,3470000.0,72.0,6550.0,Upper-Middle Income
Luxembourg,2003.0,451000.0,79.0,64000.0,High Income
Latvia,2003.0,2290000.0,71.0,6510.0,Upper-Middle Income
Morocco,2003.0,29700000.0,70.3,2150.0,Lower-Middle Income
Moldova,2003.0,4090000.0,69.1,990.0,Low Income
Madagascar,2003.0,17700000.0,60.3,474.0,Low Income
Maldives,2003.0,297000.0,74.4,4740.0,Upper-Middle Income
Mexico,2003.0,102000000.0,74.7,10300.0,Upper-Middle Income
North Macedonia,2003.0,2069999.9999999998,71.7,2940.0,Lower-Middle Income
Mali,2003.0,12300000.0,54.9,488.0,Low Income
Malta,2003.0,407000.0,79.3,17000.0,High Income
Myanmar,2003.0,46900000.0,60.3,782.0,Low Income
Montenegro,2003.0,632000.0,73.8,3400.0,Lower-Middle Income
Mongolia,2003.0,2520000.0,62.1,850.0,Low Income
Mozambique,2003.0,19200000.0,52.1,446.0,Low Income
Mauritania,2003.0,2880000.0,65.0,990.0,Low Income
Mauritius,2003.0,1240000.0,72.9,6150.0,Upper-Middle Income
Malawi,2003.0,12100000.0,47.4,307.0,Low Income
Malaysia,2003.0,24700000.0,73.5,5800.0,Upper-Middle Income
Namibia,2003.0,1920000.0,52.1,3180.0,Lower-Middle Income
Niger,2003.0,12900000.0,53.7,348.0,Low Income
Nigeria,2003.0,133000000.0,55.5,990.0,Low Income
Nicaragua,2003.0,5320000.0,73.6,1390.0,Lower-Middle Income
Netherlands,2003.0,16100000.000000002,78.9,43100.0,High Income
Norway,2003.0,4570000.0,79.7,62400.0,High Income
Nepal,2003.0,25700000.0,67.0,362.0,Low Income
New Zealand,2003.0,4019999.9999999995,79.1,23600.0,High Income
Oman,2003.0,2430000.0,69.8,11600.0,Upper-Middle Income
Pakistan,2003.0,167000000.0,61.5,794.0,Low Income
Panama,2003.0,3180000.0,78.0,5630.0,Upper-Middle Income
Peru,2003.0,27600000.0,76.0,2900.0,Lower-Middle Income
Philippines,2003.0,82900000.0,70.3,1630.0,Lower-Middle Income
Papua New Guinea,2003.0,6090000.0,62.5,655.0,Low Income
Poland,2003.0,38600000.0,74.9,7670.0,Upper-Middle Income
Portugal,2003.0,10500000.0,77.8,18500.0,High Income
Paraguay,2003.0,5350000.0,75.8,1710.0,Lower-Middle Income
Palestine,2003.0,3380000.0,70.0,1910.0,Lower-Middle Income
Qatar,2003.0,749000.0,71.7,42800.0,High Income
Romania,2003.0,21500000.0,71.5,3140.0,Lower-Middle Income
Russia,2003.0,145000000.0,65.2,3610.0,Lower-Middle Income
Rwanda,2003.0,8570000.0,54.5,348.0,Low Income
Saudi Arabia,2003.0,23200000.0,70.9,13200.0,Upper-Middle Income
Sudan,2003.0,28200000.0,64.1,599.0,Low Income
Senegal,2003.0,10400000.0,62.2,1020.0,Low Income
Singapore,2003.0,4230000.0,80.4,32700.000000000004,High Income
Solomon Islands,2003.0,461000.0,56.9,1200.0,Lower-Middle Income
Sierra Leone,2003.0,5350000.0,52.6,376.0,Low Income
El Salvador,2003.0,6030000.0,73.9,2970.0,Lower-Middle Income
Somalia,2003.0,9760000.0,52.6,337.0,Low Income
Serbia,2003.0,7890000.0,72.2,3330.0,Lower-Middle Income
South Sudan,2003.0,6990000.0,58.4,791.0,Low Income
Sao Tome and Principe,2003.0,154000.0,66.2,836.0,Low Income
Suriname,2003.0,504000.0,69.8,3070.0,Lower-Middle Income
Slovak Republic,2003.0,5370000.0,74.2,9700.0,Upper-Middle Income
Slovenia,2003.0,1990000.0,77.0,17600.0,High Income
Sweden,2003.0,8960000.0,80.5,45600.0,High Income
Eswatini,2003.0,1060000.0,43.9,2370.0,Lower-Middle Income
Seychelles,2003.0,83600.0,71.9,10400.0,Upper-Middle Income
Syria,2003.0,17600000.0,73.8,7180.0,Upper-Middle Income
Chad,2003.0,9200000.0,52.8,293.0,Low Income
Togo,2003.0,5420000.0,56.4,488.0,Low Income
Thailand,2003.0,64800000.0,73.6,3040.0,Lower-Middle Income
Tajikistan,2003.0,6670000.0,67.3,293.0,Low Income
Turkmenistan,2003.0,4760000.0,66.5,1380.0,Lower-Middle Income
Timor-Leste,2003.0,927000.0,66.5,934.0,Low Income
Tonga,2003.0,104000.0,71.1,2790.0,Lower-Middle Income
Trinidad and Tobago,2003.0,1350000.0,71.1,11200.0,Upper-Middle Income
Tunisia,2003.0,10200000.0,74.9,3420.0,Lower-Middle Income
Turkey,2003.0,66900000.00000001,75.7,5510.0,Upper-Middle Income
Tanzania,2003.0,37300000.0,55.3,599.0,Low Income
Uganda,2003.0,26400000.0,51.8,362.0,Low Income
Ukraine,2003.0,47600000.0,68.3,1370.0,Lower-Middle Income
Uruguay,2003.0,3310000.0,75.0,5920.0,Upper-Middle Income
United States,2003.0,291000000.0,77.3,55400.0,High Income
Uzbekistan,2003.0,25900000.0,64.9,585.0,Low Income
St. Vincent and the Grenadines,2003.0,113000.0,72.2,6100.0,Upper-Middle Income
Venezuela,2003.0,25800000.0,73.5,4860.0,Upper-Middle Income
Vietnam,2003.0,81500000.0,72.6,641.0,Low Income
Vanuatu,2003.0,207000.0,63.7,1900.0,Lower-Middle Income
Samoa,2003.0,187000.0,68.9,2310.0,Lower-Middle Income
Yemen,2003.0,20200000.0,64.9,767.0,Low Income
South Africa,2003.0,48100000.0,52.7,4570.0,Upper-Middle Income
Zambia,2003.0,10800000.0,46.6,571.0,Low Income
Zimbabwe,2003.0,12100000.0,46.4,613.0,Low Income
Afghanistan,2004.0,23600000.0,57.1,369.0,Low Income
Angola,2004.0,18800000.0,55.5,1320.0,Lower-Middle Income
Albania,2004.0,3060000.0,75.8,2750.0,Lower-Middle Income
United Arab Emirates,2004.0,3990000.0,69.1,47400.0,High Income
Argentina,2004.0,38700000.0,74.9,4420.0,Upper-Middle Income
Armenia,2004.0,3070000.0,73.0,1550.0,Lower-Middle Income
Antigua and Barbuda,2004.0,78900.0,75.7,15000.0,High Income
Australia,2004.0,19900000.0,80.9,33500.0,High Income
Austria,2004.0,8170000.0,79.5,44200.0,High Income
Azerbaijan,2004.0,8560000.0,67.2,1260.0,Lower-Middle Income
Burundi,2004.0,7120000.0,49.2,157.0,Low Income
Belgium,2004.0,10500000.0,79.1,43000.0,High Income
Benin,2004.0,7890000.0,58.5,956.0,Low Income
Burkina Faso,2004.0,13400000.0,54.6,511.0,Low Income
Bangladesh,2004.0,139000000.0,67.1,668.0,Low Income
Bulgaria,2004.0,7870000.0,71.0,4010.0,Lower-Middle Income
Bahrain,2004.0,833000.0,72.3,19100.0,High Income
Bahamas,2004.0,343000.0,72.4,38300.0,High Income
Bosnia and Herzegovina,2004.0,4139999.9999999995,75.5,3540.0,Lower-Middle Income
Belarus,2004.0,10000000.0,69.0,2840.0,Lower-Middle Income
Belize,2004.0,272000.0,72.0,4660.0,Upper-Middle Income
Bolivia,2004.0,9220000.0,68.6,1250.0,Lower-Middle Income
Brazil,2004.0,185000000.0,72.3,4390.0,Upper-Middle Income
Barbados,2004.0,269000.0,74.9,16100.000000000002,High Income
Brunei,2004.0,360000.0,72.9,26200.0,High Income
Bhutan,2004.0,650000.0,68.6,1350.0,Lower-Middle Income
Botswana,2004.0,1860000.0,47.5,5140.0,Upper-Middle Income
Central African Republic,2004.0,4120000.0,44.8,393.0,Low Income
Canada,2004.0,31900000.0,80.2,39200.0,High Income
Switzerland,2004.0,7380000.0,81.4,72300.0,High Income
Chile,2004.0,16000000.0,77.6,6800.0,Upper-Middle Income
China,2004.0,0.0,72.5,1980.0,Lower-Middle Income
Cote d'Ivoire,2004.0,18500000.0,52.6,1010.0,Low Income
Cameroon,2004.0,16800000.0,54.6,1300.0,Lower-Middle Income
"Congo, Dem. Rep.",2004.0,54800000.0,55.5,249.0,Low Income
"Congo, Rep.",2004.0,3540000.0,56.1,1010.0,Low Income
Colombia,2004.0,41600000.0,75.6,3430.0,Lower-Middle Income
Comoros,2004.0,581000.0,63.8,1250.0,Lower-Middle Income
Cape Verde,2004.0,487000.0,71.5,2490.0,Lower-Middle Income
Costa Rica,2004.0,4250000.0,78.6,5740.0,Upper-Middle Income
Cuba,2004.0,11200000.0,77.8,4570.0,Upper-Middle Income
Cyprus,2004.0,1020000.0,77.9,26500.0,High Income
Czech Republic,2004.0,10300000.0,76.1,13400.0,High Income
Germany,2004.0,81300000.0,79.3,41400.0,High Income
Djibouti,2004.0,818000.0,61.0,1830.0,Lower-Middle Income
Denmark,2004.0,5420000.0,78.0,55900.0,High Income
Dominican Republic,2004.0,9040000.0,72.6,3350.0,Lower-Middle Income
Algeria,2004.0,32500000.0,72.6,2950.0,Lower-Middle Income
Ecuador,2004.0,13500000.0,73.9,3340.0,Lower-Middle Income
Egypt,2004.0,77500000.0,68.5,1570.0,Lower-Middle Income
Eritrea,2004.0,2760000.0,57.4,445.0,Low Income
Spain,2004.0,43000000.0,80.3,28900.0,High Income
Estonia,2004.0,1360000.0,72.5,9830.0,Upper-Middle Income
Ethiopia,2004.0,75300000.0,55.9,183.0,Low Income
Finland,2004.0,5230000.0,79.0,46200.0,High Income
Fiji,2004.0,867000.0,67.1,3960.0,Lower-Middle Income
France,2004.0,60100000.0,80.3,41100.0,High Income
"Micronesia, Fed. Sts.",2004.0,111000.0,63.7,3200.0,Lower-Middle Income
Gabon,2004.0,1420000.0,60.2,5650.0,Upper-Middle Income
United Kingdom,2004.0,60000000.0,79.0,49600.0,High Income
Georgia,2004.0,3990000.0,70.7,1590.0,Lower-Middle Income
Ghana,2004.0,21900000.0,59.8,498.0,Low Income
Guinea,2004.0,8960000.0,55.7,485.0,Low Income
Gambia,2004.0,1610000.0,62.0,616.0,Low Income
Guinea-Bissau,2004.0,1350000.0,52.7,498.0,Low Income
Equatorial Guinea,2004.0,826000.0,60.9,2250.0,Lower-Middle Income
Greece,2004.0,11100000.0,79.2,27500.0,High Income
Grenada,2004.0,110000.0,71.8,7010.0,Upper-Middle Income
Guatemala,2004.0,12900000.0,68.4,2420.0,Lower-Middle Income
Guyana,2004.0,760000.0,64.3,1350.0,Lower-Middle Income
"Hong Kong, China",2004.0,6920000.0,81.7,36800.0,High Income
Honduras,2004.0,7380000.0,70.7,1570.0,Lower-Middle Income
Croatia,2004.0,4440000.0,75.6,11300.0,Upper-Middle Income
Haiti,2004.0,8960000.0,57.5,852.0,Low Income
Hungary,2004.0,10100000.0,73.1,11300.0,Upper-Middle Income
Indonesia,2004.0,226000000.0,66.3,1420.0,Lower-Middle Income
India,2004.0,0.0,65.2,799.0,Low Income
Ireland,2004.0,4030000.0000000005,78.7,49400.0,High Income
Iran,2004.0,69100000.0,73.2,3300.0,Lower-Middle Income
Iraq,2004.0,27900000.0,68.3,1800.0,Lower-Middle Income
Iceland,2004.0,292000.0,81.4,55100.0,High Income
Israel,2004.0,6600000.0,79.9,26200.0,High Income
Italy,2004.0,57900000.0,80.8,37000.0,High Income
Jamaica,2004.0,2660000.0,76.8,4780.0,Upper-Middle Income
Jordan,2004.0,5530000.0,74.0,2830.0,Lower-Middle Income
Japan,2004.0,128000000.0,82.5,50200.0,High Income
Kazakhstan,2004.0,15500000.0,64.6,3010.0,Lower-Middle Income
Kenya,2004.0,34800000.0,55.7,590.0,Low Income
Kyrgyz Republic,2004.0,5140000.0,67.4,524.0,Low Income
Cambodia,2004.0,13000000.0,62.9,524.0,Low Income
Kiribati,2004.0,96200.0,57.5,1940.0,Lower-Middle Income
South Korea,2004.0,47700000.0,78.3,21200.0,High Income
Kuwait,2004.0,2150000.0,78.8,37400.0,High Income
Lao,2004.0,5770000.0,61.1,511.0,Low Income
Lebanon,2004.0,4570000.0,75.4,6200.0,Upper-Middle Income
Liberia,2004.0,3120000.0,58.5,275.0,Low Income
Libya,2004.0,5690000.0,76.4,6730.0,Upper-Middle Income
St. Lucia,2004.0,164000.0,74.0,7860.0,Upper-Middle Income
Sri Lanka,2004.0,19500000.0,69.0,1390.0,Lower-Middle Income
Lesotho,2004.0,1990000.0,44.2,1060.0,Low Income
Lithuania,2004.0,3420000.0,72.0,7870.0,Upper-Middle Income
Luxembourg,2004.0,458000.0,79.2,81900.0,High Income
Latvia,2004.0,2260000.0,71.3,7640.0,Upper-Middle Income
Morocco,2004.0,30000000.0,70.5,2400.0,Lower-Middle Income
Moldova,2004.0,4050000.0,69.4,1190.0,Lower-Middle Income
Madagascar,2004.0,18300000.0,60.6,445.0,Low Income
Maldives,2004.0,302000.0,73.9,4940.0,Upper-Middle Income
Mexico,2004.0,104000000.0,75.0,10200.0,Upper-Middle Income
North Macedonia,2004.0,2080000.0,72.2,3390.0,Lower-Middle Income
Mali,2004.0,12800000.0,55.6,524.0,Low Income
Malta,2004.0,409000.0,79.6,18500.0,High Income
Myanmar,2004.0,47300000.0,60.8,777.0,Low Income
Montenegro,2004.0,633000.0,73.8,4060.0,Lower-Middle Income
Mongolia,2004.0,2540000.0,62.5,996.0,Low Income
Mozambique,2004.0,19700000.0,52.1,472.0,Low Income
Mauritania,2004.0,2950000.0,65.5,1050.0,Low Income
Mauritius,2004.0,1250000.0,73.2,6770.0,Upper-Middle Income
Malawi,2004.0,12400000.0,48.0,393.0,Low Income
Malaysia,2004.0,25300000.0,73.8,6210.0,Upper-Middle Income
Namibia,2004.0,1940000.0,52.4,3800.0,Lower-Middle Income
Niger,2004.0,13400000.0,55.0,367.0,Low Income
Nigeria,2004.0,137000000.0,56.0,1140.0,Lower-Middle Income
Nicaragua,2004.0,5390000.0,73.7,1420.0,Lower-Middle Income
Netherlands,2004.0,16200000.0,79.3,48800.0,High Income
Norway,2004.0,4590000.0,80.1,70900.0,High Income
Nepal,2004.0,26000000.0,67.2,367.0,Low Income
New Zealand,2004.0,4080000.0,79.4,28200.0,High Income
Oman,2004.0,2470000.0,70.2,12300.0,Upper-Middle Income
Pakistan,2004.0,171000000.0,61.8,865.0,Low Income
Panama,2004.0,3240000.0,78.2,5840.0,Upper-Middle Income
Peru,2004.0,27900000.0,76.7,2990.0,Lower-Middle Income
Philippines,2004.0,84600000.0,70.4,1690.0,Lower-Middle Income
Papua New Guinea,2004.0,6290000.0,62.3,707.0,Low Income
Poland,2004.0,38600000.0,75.0,8190.0,Upper-Middle Income
Portugal,2004.0,10500000.0,78.4,21100.0,High Income
Paraguay,2004.0,5420000.0,75.2,1770.0,Lower-Middle Income
Palestine,2004.0,3460000.0,69.8,2150.0,Lower-Middle Income
Qatar,2004.0,778000.0,72.2,47400.0,High Income
Romania,2004.0,21300000.0,72.0,3880.0,Lower-Middle Income
Russia,2004.0,144000000.0,65.5,4470.0,Upper-Middle Income
Rwanda,2004.0,8790000.0,56.3,354.0,Low Income
Saudi Arabia,2004.0,23700000.0,71.1,14500.0,High Income
Sudan,2004.0,28800000.0,64.2,655.0,Low Income
Senegal,2004.0,10700000.0,62.7,1140.0,Lower-Middle Income
Singapore,2004.0,4270000.0,80.7,34300.0,High Income
Solomon Islands,2004.0,472000.0,56.8,1180.0,Lower-Middle Income
Sierra Leone,2004.0,5530000.0,52.9,367.0,Low Income
El Salvador,2004.0,6040000.0,73.6,2970.0,Lower-Middle Income
Somalia,2004.0,10100000.0,52.8,339.0,Low Income
Serbia,2004.0,7860000.0,72.3,4260.0,Upper-Middle Income
South Sudan,2004.0,7320000.0,58.9,809.0,Low Income
Sao Tome and Principe,2004.0,158000.0,66.5,917.0,Low Income
Suriname,2004.0,511000.0,70.1,3700.0,Lower-Middle Income
Slovak Republic,2004.0,5370000.0,74.6,11800.0,Upper-Middle Income
Slovenia,2004.0,2000000.0,77.4,20500.0,High Income
Sweden,2004.0,9000000.0,80.7,52100.0,High Income
Eswatini,2004.0,1070000.0,43.1,2830.0,Lower-Middle Income
Seychelles,2004.0,84700.0,72.0,12200.0,Upper-Middle Income
Syria,2004.0,18100000.0,74.1,7640.0,Upper-Middle Income
Chad,2004.0,9610000.0,53.2,445.0,Low Income
Togo,2004.0,5570000.0,56.7,511.0,Low Income
Thailand,2004.0,65300000.0,73.7,3320.0,Lower-Middle Income
Tajikistan,2004.0,6800000.0,67.5,354.0,Low Income
Turkmenistan,2004.0,4820000.0,66.2,1720.0,Lower-Middle Income
Timor-Leste,2004.0,946000.0,67.1,1020.0,Low Income
Tonga,2004.0,105000.0,71.4,2830.0,Lower-Middle Income
Trinidad and Tobago,2004.0,1360000.0,71.6,12700.0,Upper-Middle Income
Tunisia,2004.0,10300000.0,75.1,3800.0,Lower-Middle Income
Turkey,2004.0,67800000.0,76.3,6910.0,Upper-Middle Income
Tanzania,2004.0,38400000.0,55.9,616.0,Low Income
Uganda,2004.0,27100000.0,52.6,367.0,Low Income
Ukraine,2004.0,47300000.0,68.0,1660.0,Lower-Middle Income
Uruguay,2004.0,3310000.0,75.2,5410.0,Upper-Middle Income
United States,2004.0,294000000.0,77.7,57000.0,High Income
Uzbekistan,2004.0,26200000.0,64.8,603.0,Low Income
St. Vincent and the Grenadines,2004.0,113000.0,72.3,6200.0,Upper-Middle Income
Venezuela,2004.0,26200000.0,74.6,5390.0,Upper-Middle Income
Vietnam,2004.0,82300000.0,72.7,694.0,Low Income
Vanuatu,2004.0,212000.0,63.7,2080.0,Lower-Middle Income
Samoa,2004.0,188000.0,69.0,2610.0,Lower-Middle Income
Yemen,2004.0,20700000.0,65.3,799.0,Low Income
South Africa,2004.0,48600000.0,52.2,5480.0,Upper-Middle Income
Zambia,2004.0,11200000.0,47.7,603.0,Low Income
Zimbabwe,2004.0,12200000.0,46.4,590.0,Low Income
Afghanistan,2005.0,24400000.0,57.6,395.0,Low Income
Angola,2005.0,19500000.0,56.4,1740.0,Lower-Middle Income
Albania,2005.0,3030000.0,76.2,3320.0,Lower-Middle Income
United Arab Emirates,2005.0,4280000.0,69.2,47500.0,High Income
Argentina,2005.0,39100000.0,75.3,5400.0,Upper-Middle Income
Armenia,2005.0,3050000.0,73.0,1950.0,Lower-Middle Income
Antigua and Barbuda,2005.0,79900.0,75.9,15700.0,High Income
Australia,2005.0,20200000.0,81.2,38500.0,High Income
Austria,2005.0,8230000.0,79.8,49000.0,High Income
Azerbaijan,2005.0,8660000.0,67.3,1630.0,Lower-Middle Income
Burundi,2005.0,7390000.0,50.3,177.0,Low Income
Belgium,2005.0,10500000.0,79.3,47800.0,High Income
Benin,2005.0,8150000.0,58.8,1040.0,Low Income
Burkina Faso,2005.0,13900000.0,55.3,583.0,Low Income
Bangladesh,2005.0,141000000.0,67.4,696.0,Low Income
Bulgaria,2005.0,7820000.0,71.1,4810.0,Upper-Middle Income
Bahrain,2005.0,902000.0,72.7,21000.0,High Income
Bahamas,2005.0,348000.0,73.2,38700.0,High Income
Bosnia and Herzegovina,2005.0,4090000.0,75.3,3880.0,Lower-Middle Income
Belarus,2005.0,9940000.0,68.8,3570.0,Lower-Middle Income
Belize,2005.0,280000.0,72.4,4580.0,Upper-Middle Income
Bolivia,2005.0,9380000.0,69.0,1290.0,Lower-Middle Income
Brazil,2005.0,187000000.0,72.8,5070.0,Upper-Middle Income
Barbados,2005.0,269000.0,75.2,16800.0,High Income
Brunei,2005.0,367000.0,73.0,29200.0,High Income
Bhutan,2005.0,663000.0,69.0,1520.0,Lower-Middle Income
Botswana,2005.0,1890000.0,49.9,6240.0,Upper-Middle Income
Central African Republic,2005.0,4210000.0,45.2,431.0,Low Income
Canada,2005.0,32200000.000000004,80.4,44100.0,High Income
Switzerland,2005.0,7430000.0,81.7,79900.0,High Income
Chile,2005.0,16200000.0,77.9,7860.0,Upper-Middle Income
China,2005.0,0.0,73.0,2230.0,Lower-Middle Income
Cote d'Ivoire,2005.0,19000000.0,53.5,1180.0,Lower-Middle Income
Cameroon,2005.0,17300000.0,55.0,1390.0,Lower-Middle Income
"Congo, Dem. Rep.",2005.0,56600000.0,56.1,253.0,Low Income
"Congo, Rep.",2005.0,3670000.0,57.0,1420.0,Lower-Middle Income
Colombia,2005.0,42200000.0,76.5,3800.0,Lower-Middle Income
Comoros,2005.0,593000.0,64.1,1380.0,Lower-Middle Income
Cape Verde,2005.0,493000.0,71.8,2740.0,Lower-Middle Income
Costa Rica,2005.0,4320000.0,79.4,5880.0,Upper-Middle Income
Cuba,2005.0,11200000.0,77.7,5020.0,Upper-Middle Income
Cyprus,2005.0,1040000.0,77.9,30400.0,High Income
Czech Republic,2005.0,10300000.0,76.4,15800.0,High Income
Germany,2005.0,81200000.0,79.6,45200.0,High Income
Djibouti,2005.0,831000.0,61.4,1870.0,Lower-Middle Income
Denmark,2005.0,5440000.0,78.3,62800.0,High Income
Dominican Republic,2005.0,9160000.0,72.6,3850.0,Lower-Middle Income
Algeria,2005.0,33000000.0,72.9,3430.0,Lower-Middle Income
Ecuador,2005.0,13800000.0,73.6,3650.0,Lower-Middle Income
Egypt,2005.0,79100000.0,68.8,1550.0,Lower-Middle Income
Eritrea,2005.0,2830000.0,57.7,494.0,Low Income
Spain,2005.0,43700000.0,80.6,32800.0,High Income
Estonia,2005.0,1350000.0,73.0,12300.0,Upper-Middle Income
Ethiopia,2005.0,77500000.0,57.0,203.0,Low Income
Finland,2005.0,5250000.0,79.3,50900.0,High Income
Fiji,2005.0,875000.0,67.1,4520.0,Upper-Middle Income
France,2005.0,60500000.0,80.6,45400.0,High Income
"Micronesia, Fed. Sts.",2005.0,111000.0,63.8,3240.0,Lower-Middle Income
Gabon,2005.0,1460000.0,61.1,6990.0,Upper-Middle Income
United Kingdom,2005.0,60400000.0,79.3,54200.0,High Income
Georgia,2005.0,3960000.0,71.0,1930.0,Lower-Middle Income
Ghana,2005.0,22500000.0,60.0,583.0,Low Income
Guinea,2005.0,9140000.0,56.0,456.0,Low Income
Gambia,2005.0,1660000.0,62.2,658.0,Low Income
Guinea-Bissau,2005.0,1380000.0,52.8,545.0,Low Income
Equatorial Guinea,2005.0,865000.0,61.1,4930.0,Upper-Middle Income
Greece,2005.0,11100000.0,79.4,28800.0,High Income
Grenada,2005.0,110000.0,72.4,8420.0,Upper-Middle Income
Guatemala,2005.0,13100000.0,68.4,2530.0,Lower-Middle Income
Guyana,2005.0,760000.0,64.4,1380.0,Lower-Middle Income
"Hong Kong, China",2005.0,6940000.0,81.9,36600.0,High Income
Honduras,2005.0,7560000.0,70.9,1620.0,Lower-Middle Income
Croatia,2005.0,4430000.0,75.6,13000.0,Upper-Middle Income
Haiti,2005.0,9110000.0,59.0,874.0,Low Income
Hungary,2005.0,10100000.0,73.1,13200.0,Upper-Middle Income
Indonesia,2005.0,229000000.0,68.3,1550.0,Lower-Middle Income
India,2005.0,0.0,65.4,899.0,Low Income
Ireland,2005.0,4120000.0,79.1,56400.0,High Income
Iran,2005.0,70200000.0,73.5,3750.0,Lower-Middle Income
Iraq,2005.0,28700000.0,67.7,1810.0,Lower-Middle Income
Iceland,2005.0,297000.0,81.6,64000.0,High Income
Israel,2005.0,6710000.0,80.3,27200.0,High Income
Italy,2005.0,58200000.0,81.0,41100.0,High Income
Jamaica,2005.0,2680000.0,77.4,4810.0,Upper-Middle Income
Jordan,2005.0,5680000.0,74.1,2960.0,Lower-Middle Income
Japan,2005.0,128000000.0,82.5,51400.0,High Income
Kazakhstan,2005.0,15700000.0,64.6,3710.0,Lower-Middle Income
Kenya,2005.0,35800000.0,56.5,646.0,Low Income
Kyrgyz Republic,2005.0,5190000.0,67.4,570.0,Low Income
Cambodia,2005.0,13200000.0,63.7,583.0,Low Income
Kiribati,2005.0,98200.0,57.7,2150.0,Lower-Middle Income
South Korea,2005.0,47900000.0,78.8,23500.0,High Income
Kuwait,2005.0,2240000.0,78.7,44600.0,High Income
Lao,2005.0,5850000.0,61.7,583.0,Low Income
Lebanon,2005.0,4640000.0,75.4,6190.0,Upper-Middle Income
Liberia,2005.0,3270000.0,59.2,317.0,Low Income
Libya,2005.0,5840000.0,76.8,8690.0,Upper-Middle Income
St. Lucia,2005.0,165000.0,74.3,7890.0,Upper-Middle Income
Sri Lanka,2005.0,19700000.0,73.3,1530.0,Lower-Middle Income
Lesotho,2005.0,1980000.0,43.9,1290.0,Lower-Middle Income
Lithuania,2005.0,3370000.0,71.3,9570.0,Upper-Middle Income
Luxembourg,2005.0,465000.0,79.5,92500.0,High Income
Latvia,2005.0,2230000.0,70.9,9360.0,Upper-Middle Income
Morocco,2005.0,30400000.0,70.8,2620.0,Lower-Middle Income
Moldova,2005.0,4000000.0,68.9,1420.0,Lower-Middle Income
Madagascar,2005.0,18800000.0,61.1,431.0,Low Income
Maldives,2005.0,307000.0,75.8,4380.0,Upper-Middle Income
Mexico,2005.0,105000000.0,75.0,10200.0,Upper-Middle Income
North Macedonia,2005.0,2080000.0,72.5,3820.0,Lower-Middle Income
Mali,2005.0,13200000.0,56.2,583.0,Low Income
Malta,2005.0,410000.0,80.0,19800.0,High Income
Myanmar,2005.0,47700000.0,61.4,795.0,Low Income
Montenegro,2005.0,633000.0,73.8,4640.0,Upper-Middle Income
Mongolia,2005.0,2560000.0,62.9,1140.0,Lower-Middle Income
Mozambique,2005.0,20200000.0,52.1,507.0,Low Income
Mauritania,2005.0,3010000.0,65.8,1190.0,Lower-Middle Income
Mauritius,2005.0,1260000.0,73.2,7090.0,Upper-Middle Income
Malawi,2005.0,12800000.0,48.9,380.0,Low Income
Malaysia,2005.0,25900000.0,74.1,6670.0,Upper-Middle Income
Namibia,2005.0,1960000.0,53.5,4470.0,Upper-Middle Income
Niger,2005.0,13900000.0,55.6,418.0,Low Income
Nigeria,2005.0,140000000.0,56.6,1300.0,Lower-Middle Income
Nicaragua,2005.0,5450000.0,73.5,1470.0,Lower-Middle Income
Netherlands,2005.0,16300000.0,79.6,53200.0,High Income
Norway,2005.0,4620000.0,80.4,80800.0,High Income
Nepal,2005.0,26300000.0,67.7,393.0,Low Income
New Zealand,2005.0,4130000.0,79.8,32200.000000000004,High Income
Oman,2005.0,2520000.0,70.3,13500.0,High Income
Pakistan,2005.0,174000000.0,61.0,937.0,Low Income
Panama,2005.0,3310000.0,78.2,6070.0,Upper-Middle Income
Peru,2005.0,28100000.0,77.2,3220.0,Lower-Middle Income
Philippines,2005.0,86300000.0,70.3,1750.0,Lower-Middle Income
Papua New Guinea,2005.0,6500000.0,62.2,823.0,Low Income
Poland,2005.0,38600000.0,75.2,9300.0,Upper-Middle Income
Portugal,2005.0,10500000.0,78.8,23500.0,High Income
Paraguay,2005.0,5480000.0,75.6,1930.0,Lower-Middle Income
Palestine,2005.0,3540000.0,71.1,2250.0,Lower-Middle Income
Qatar,2005.0,849000.0,72.3,48500.0,High Income
Romania,2005.0,21100000.0,72.4,4910.0,Upper-Middle Income
Russia,2005.0,144000000.0,65.0,5640.0,Upper-Middle Income
Rwanda,2005.0,9030000.0,58.2,405.0,Low Income
Saudi Arabia,2005.0,24400000.0,71.2,16000.0,High Income
Sudan,2005.0,29500000.0,65.5,760.0,Low Income
Senegal,2005.0,11000000.0,63.2,1250.0,Lower-Middle Income
Singapore,2005.0,4340000.0,81.3,36500.0,High Income
Solomon Islands,2005.0,482000.0,56.8,1240.0,Lower-Middle Income
Sierra Leone,2005.0,5680000.0,53.3,367.0,Low Income
El Salvador,2005.0,6040000.0,73.6,3070.0,Lower-Middle Income
Somalia,2005.0,10500000.0,53.5,340.0,Low Income
Serbia,2005.0,7830000.0,72.3,4850.0,Upper-Middle Income
South Sudan,2005.0,7660000.0,59.3,856.0,Low Income
Sao Tome and Principe,2005.0,162000.0,66.7,1040.0,Low Income
Suriname,2005.0,516000.0,70.6,4200.0,Lower-Middle Income
Slovak Republic,2005.0,5380000.0,74.5,14400.0,High Income
Slovenia,2005.0,2000000.0,78.1,23200.0,High Income
Sweden,2005.0,9050000.0,81.0,58000.0,High Income
Eswatini,2005.0,1070000.0,43.3,3900.0,Lower-Middle Income
Seychelles,2005.0,85900.0,72.2,14100.0,High Income
Syria,2005.0,18600000.0,74.4,8100.0,Upper-Middle Income
Chad,2005.0,10000000.0,53.7,595.0,Low Income
Togo,2005.0,5710000.0,56.9,507.0,Low Income
Thailand,2005.0,65800000.0,74.8,3530.0,Lower-Middle Income
Tajikistan,2005.0,6930000.0,67.5,481.0,Low Income
Turkmenistan,2005.0,4890000.0,65.8,2010.0,Lower-Middle Income
Timor-Leste,2005.0,969000.0,67.7,1180.0,Lower-Middle Income
Tonga,2005.0,106000.0,72.0,3050.0,Lower-Middle Income
Trinidad and Tobago,2005.0,1370000.0,71.9,14200.0,High Income
Tunisia,2005.0,10400000.0,75.4,4000.0,Lower-Middle Income
Turkey,2005.0,68700000.0,76.8,8640.0,Upper-Middle Income
Tanzania,2005.0,39400000.0,56.5,633.0,Low Income
Uganda,2005.0,27900000.0,53.9,393.0,Low Income
Ukraine,2005.0,46900000.0,67.8,1950.0,Lower-Middle Income
Uruguay,2005.0,3320000.0,75.5,5980.0,Upper-Middle Income
United States,2005.0,297000000.0,77.7,58500.0,High Income
Uzbekistan,2005.0,26600000.0,64.5,671.0,Low Income
St. Vincent and the Grenadines,2005.0,112000.0,72.6,6280.0,Upper-Middle Income
Venezuela,2005.0,26700000.0,75.0,6310.0,Upper-Middle Income
Vietnam,2005.0,83100000.0,72.8,798.0,Low Income
Vanuatu,2005.0,218000.0,63.8,2250.0,Lower-Middle Income
Samoa,2005.0,189000.0,69.0,2940.0,Lower-Middle Income
Yemen,2005.0,21300000.0,65.8,886.0,Low Income
South Africa,2005.0,49000000.0,52.1,7100.0,Upper-Middle Income
Zambia,2005.0,11600000.0,48.7,709.0,Low Income
Zimbabwe,2005.0,12200000.0,46.8,583.0,Low Income
Afghanistan,2006.0,25400000.0,58.0,404.0,Low Income
Angola,2006.0,20200000.0,57.0,2250.0,Lower-Middle Income
Albania,2006.0,3000000.0,76.9,3800.0,Lower-Middle Income
United Arab Emirates,2006.0,4900000.0,69.5,49000.0,High Income
Argentina,2006.0,39500000.0,75.4,6820.0,Upper-Middle Income
Armenia,2006.0,3030000.0,73.1,2520.0,Lower-Middle Income
Antigua and Barbuda,2006.0,80900.0,75.9,17200.0,High Income
Australia,2006.0,20500000.0,81.5,42500.0,High Income
Austria,2006.0,8270000.0,80.1,51600.0,High Income
Azerbaijan,2006.0,8760000.0,67.7,2390.0,Lower-Middle Income
Burundi,2006.0,7660000.0,54.5,187.0,Low Income
Belgium,2006.0,10600000.0,79.6,49700.0,High Income
Benin,2006.0,8400000.0,59.1,1070.0,Low Income
Burkina Faso,2006.0,14300000.0,56.0,610.0,Low Income
Bangladesh,2006.0,143000000.0,67.8,710.0,Low Income
Bulgaria,2006.0,7770000.0,71.2,5350.0,Upper-Middle Income
Bahrain,2006.0,971000.0,73.0,22300.0,High Income
Bahamas,2006.0,353000.0,73.0,38300.0,High Income
Bosnia and Herzegovina,2006.0,4059999.9999999995,75.6,4250.0,Lower-Middle Income
Belarus,2006.0,9870000.0,69.5,4370.0,Upper-Middle Income
Belize,2006.0,289000.0,72.6,4660.0,Upper-Middle Income
Bolivia,2006.0,9540000.0,69.3,1380.0,Lower-Middle Income
Brazil,2006.0,189000000.0,73.1,6040.0,Upper-Middle Income
Barbados,2006.0,270000.0,75.4,17700.0,High Income
Brunei,2006.0,373000.0,73.2,34300.0,High Income
Bhutan,2006.0,673000.0,69.5,1660.0,Lower-Middle Income
Botswana,2006.0,1930000.0,51.4,6770.0,Upper-Middle Income
Central African Republic,2006.0,4290000.0,45.6,436.0,Low Income
Canada,2006.0,32500000.0,80.7,47900.0,High Income
Switzerland,2006.0,7480000.0,81.9,81700.0,High Income
Chile,2006.0,16300000.0,78.2,9140.0,Upper-Middle Income
China,2006.0,0.0,73.7,2570.0,Lower-Middle Income
Cote d'Ivoire,2006.0,19400000.0,54.4,1170.0,Lower-Middle Income
Cameroon,2006.0,17800000.0,55.4,1440.0,Lower-Middle Income
"Congo, Dem. Rep.",2006.0,58400000.0,56.7,286.0,Low Income
"Congo, Rep.",2006.0,3810000.0,57.8,1990.0,Lower-Middle Income
Colombia,2006.0,42800000.0,76.7,4360.0,Upper-Middle Income
Comoros,2006.0,605000.0,64.4,1410.0,Lower-Middle Income
Cape Verde,2006.0,499000.0,72.9,2860.0,Lower-Middle Income
Costa Rica,2006.0,4380000.0,79.1,6300.0,Upper-Middle Income
Cuba,2006.0,11300000.0,78.4,5640.0,Upper-Middle Income
Cyprus,2006.0,1060000.0,78.2,31900.0,High Income
Czech Republic,2006.0,10300000.0,77.0,17400.0,High Income
Germany,2006.0,81200000.0,79.9,47600.0,High Income
Djibouti,2006.0,847000.0,61.4,2070.0,Lower-Middle Income
Denmark,2006.0,5460000.0,78.5,66700.0,High Income
Dominican Republic,2006.0,9280000.0,72.7,4530.0,Upper-Middle Income
Algeria,2006.0,33400000.0,73.3,3870.0,Lower-Middle Income
Ecuador,2006.0,14000000.0,73.6,3860.0,Lower-Middle Income
Egypt,2006.0,80600000.0,68.9,1640.0,Lower-Middle Income
Eritrea,2006.0,2880000.0,58.3,510.0,Low Income
Spain,2006.0,44400000.0,81.0,34600.0,High Income
Estonia,2006.0,1350000.0,73.3,14300.0,High Income
Ethiopia,2006.0,79700000.0,58.2,224.0,Low Income
Finland,2006.0,5270000.0,79.6,53300.0,High Income
Fiji,2006.0,883000.0,67.1,4470.0,Upper-Middle Income
France,2006.0,60900000.0,80.8,47100.0,High Income
"Micronesia, Fed. Sts.",2006.0,110000.0,63.8,3190.0,Lower-Middle Income
Gabon,2006.0,1500000.0,61.7,7150.0,Upper-Middle Income
United Kingdom,2006.0,60800000.0,79.5,56200.0,High Income
Georgia,2006.0,3930000.0,71.5,2380.0,Lower-Middle Income
Ghana,2006.0,23100000.0,60.3,747.0,Low Income
Guinea,2006.0,9330000.0,56.3,498.0,Low Income
Gambia,2006.0,1710000.0,62.4,797.0,Low Income
Guinea-Bissau,2006.0,1410000.0,53.6,548.0,Low Income
Equatorial Guinea,2006.0,905000.0,62.0,10100.0,Upper-Middle Income
Greece,2006.0,11100000.0,79.7,30600.0,High Income
Grenada,2006.0,111000.0,72.5,8010.0,Upper-Middle Income
Guatemala,2006.0,13400000.0,68.9,2680.0,Lower-Middle Income
Guyana,2006.0,758000.0,65.0,1830.0,Lower-Middle Income
"Hong Kong, China",2006.0,6960000.0,82.1,37700.0,High Income
Honduras,2006.0,7750000.0,71.1,1680.0,Lower-Middle Income
Croatia,2006.0,4420000.0,76.0,14200.0,High Income
Haiti,2006.0,9270000.0,59.5,984.0,Low Income
Hungary,2006.0,10100000.0,73.5,14000.0,High Income
Indonesia,2006.0,232000000.0,68.4,1720.0,Lower-Middle Income
India,2006.0,0.0,65.6,984.0,Low Income
Ireland,2006.0,4230000.0,79.4,59600.0,High Income
Iran,2006.0,71300000.0,74.0,4330.0,Upper-Middle Income
Iraq,2006.0,28900000.0,66.6,2270.0,Lower-Middle Income
Iceland,2006.0,304000.0,81.7,66500.0,High Income
Israel,2006.0,6830000.0,80.4,27900.0,High Income
Italy,2006.0,58400000.0,81.3,42600.0,High Income
Jamaica,2006.0,2690000.0,77.5,5080.0,Upper-Middle Income
Jordan,2006.0,6080000.0,74.5,3130.0,Lower-Middle Income
Japan,2006.0,128000000.0,82.8,49700.0,High Income
Kazakhstan,2006.0,15800000.0,64.8,4810.0,Upper-Middle Income
Kenya,2006.0,36900000.0,57.5,722.0,Low Income
Kyrgyz Republic,2006.0,5250000.0,67.2,622.0,Low Income
Cambodia,2006.0,13500000.0,64.5,647.0,Low Income
Kiribati,2006.0,100000.0,58.0,2130.0,Lower-Middle Income
South Korea,2006.0,48000000.0,79.3,25900.0,High Income
Kuwait,2006.0,2360000.0,78.8,52700.0,High Income
Lao,2006.0,5950000.0,62.3,635.0,Low Income
Lebanon,2006.0,4720000.0,75.1,6050.0,Upper-Middle Income
Liberia,2006.0,3460000.0,60.0,361.0,Low Income
Libya,2006.0,5970000.0,76.9,10700.0,Upper-Middle Income
St. Lucia,2006.0,166000.0,74.6,9040.0,Upper-Middle Income
Sri Lanka,2006.0,19900000.0,73.6,1690.0,Lower-Middle Income
Lesotho,2006.0,1980000.0,44.2,1410.0,Lower-Middle Income
Lithuania,2006.0,3320000.0,70.9,11000.0,Upper-Middle Income
Luxembourg,2006.0,472000.0,79.8,88800.0,High Income
Latvia,2006.0,2200000.0,70.5,11100.0,Upper-Middle Income
Morocco,2006.0,30800000.0,71.0,2790.0,Lower-Middle Income
Moldova,2006.0,3940000.0,69.4,1590.0,Lower-Middle Income
Madagascar,2006.0,19400000.0,61.5,411.0,Low Income
Maldives,2006.0,314000.0,76.3,5650.0,Upper-Middle Income
Mexico,2006.0,107000000.0,75.3,10800.0,Upper-Middle Income
North Macedonia,2006.0,2080000.0,72.3,4170.0,Lower-Middle Income
Mali,2006.0,13600000.0,56.6,622.0,Low Income
Malta,2006.0,411000.0,80.3,20400.0,High Income
Myanmar,2006.0,48100000.0,62.0,827.0,Low Income
Montenegro,2006.0,633000.0,73.9,5380.0,Upper-Middle Income
Mongolia,2006.0,2580000.0,63.5,1390.0,Lower-Middle Income
Mozambique,2006.0,20700000.0,52.3,523.0,Low Income
Mauritania,2006.0,3080000.0,66.5,1420.0,Lower-Middle Income
Mauritius,2006.0,1260000.0,73.3,7380.0,Upper-Middle Income
Malawi,2006.0,13100000.0,50.1,386.0,Low Income
Malaysia,2006.0,26500000.0,74.4,7270.0,Upper-Middle Income
Namibia,2006.0,1990000.0,55.3,5020.0,Upper-Middle Income
Niger,2006.0,14400000.0,56.7,448.0,Low Income
Nigeria,2006.0,144000000.0,57.2,1680.0,Lower-Middle Income
Nicaragua,2006.0,5530000.0,74.3,1490.0,Lower-Middle Income
Netherlands,2006.0,16300000.0,80.0,57200.0,High Income
Norway,2006.0,4660000.0,80.5,87200.0,High Income
Nepal,2006.0,26500000.0,68.0,423.0,Low Income
New Zealand,2006.0,4179999.9999999995,80.0,32900.0,High Income
Oman,2006.0,2560000.0,70.1,15800.0,High Income
Pakistan,2006.0,178000000.0,62.3,996.0,Low Income
Panama,2006.0,3370000.0,78.2,6350.0,Upper-Middle Income
Peru,2006.0,28400000.0,77.7,3500.0,Lower-Middle Income
Philippines,2006.0,87900000.0,70.2,1860.0,Lower-Middle Income
Papua New Guinea,2006.0,6710000.0,62.2,984.0,Low Income
Poland,2006.0,38500000.0,75.3,10500.0,Upper-Middle Income
Portugal,2006.0,10500000.0,79.2,24100.0,High Income
Paraguay,2006.0,5530000.0,75.6,2290.0,Lower-Middle Income
Palestine,2006.0,3630000.0,69.6,2130.0,Lower-Middle Income
Qatar,2006.0,1020000.0,72.1,63300.0,High Income
Romania,2006.0,20900000.0,72.8,6100.0,Upper-Middle Income
Russia,2006.0,143000000.0,66.5,7230.0,Upper-Middle Income
Rwanda,2006.0,9270000.0,60.2,448.0,Low Income
Saudi Arabia,2006.0,25400000.0,71.2,17600.0,High Income
Sudan,2006.0,30300000.0,65.8,871.0,Low Income
Senegal,2006.0,11300000.0,63.7,1280.0,Lower-Middle Income
Singapore,2006.0,4490000.0,81.6,40500.0,High Income
Solomon Islands,2006.0,493000.0,56.9,1300.0,Lower-Middle Income
Sierra Leone,2006.0,5810000.0,53.7,373.0,Low Income
El Salvador,2006.0,6030000.0,73.7,3200.0,Lower-Middle Income
Somalia,2006.0,10800000.0,53.8,340.0,Low Income
Serbia,2006.0,7790000.0,72.7,5230.0,Upper-Middle Income
South Sudan,2006.0,8029999.999999999,59.2,919.0,Low Income
Sao Tome and Principe,2006.0,166000.0,67.2,1170.0,Lower-Middle Income
Suriname,2006.0,522000.0,71.2,5030.0,Upper-Middle Income
Slovak Republic,2006.0,5380000.0,74.7,16100.000000000002,High Income
Slovenia,2006.0,2009999.9999999998,78.3,24700.0,High Income
Sweden,2006.0,9100000.0,81.1,61200.0,High Income
Eswatini,2006.0,1080000.0,44.1,4110.0,Lower-Middle Income
Seychelles,2006.0,87100.0,72.4,15700.0,High Income
Syria,2006.0,19400000.0,74.5,8890.0,Upper-Middle Income
Chad,2006.0,10400000.0,53.9,660.0,Low Income
Togo,2006.0,5870000.0,57.5,510.0,Low Income
Thailand,2006.0,66300000.0,75.4,3860.0,Lower-Middle Income
Tajikistan,2006.0,7060000.0,67.6,585.0,Low Income
Turkmenistan,2006.0,4950000.0,66.2,2350.0,Lower-Middle Income
Timor-Leste,2006.0,995000.0,68.4,1630.0,Lower-Middle Income
Tonga,2006.0,106000.0,72.1,3390.0,Lower-Middle Income
Trinidad and Tobago,2006.0,1380000.0,72.5,16500.0,High Income
Tunisia,2006.0,10500000.0,75.5,4150.0,Lower-Middle Income
Turkey,2006.0,69600000.0,77.0,9810.0,Upper-Middle Income
Tanzania,2006.0,40600000.0,57.3,647.0,Low Income
Uganda,2006.0,28800000.0,55.5,436.0,Low Income
Ukraine,2006.0,46600000.0,68.4,2430.0,Lower-Middle Income
Uruguay,2006.0,3320000.0,75.9,6710.0,Upper-Middle Income
United States,2006.0,300000000.0,78.0,59600.0,High Income
Uzbekistan,2006.0,26900000.0,65.0,759.0,Low Income
St. Vincent and the Grenadines,2006.0,111000.0,72.9,6810.0,Upper-Middle Income
Venezuela,2006.0,27100000.0,74.8,7630.0,Upper-Middle Income
Vietnam,2006.0,84000000.0,72.9,896.0,Low Income
Vanuatu,2006.0,223000.0,63.9,2480.0,Lower-Middle Income
Samoa,2006.0,189000.0,69.2,3190.0,Lower-Middle Income
Yemen,2006.0,22000000.0,66.2,1010.0,Low Income
South Africa,2006.0,49500000.0,52.3,7860.0,Upper-Middle Income
Zambia,2006.0,12000000.0,50.0,896.0,Low Income
Zimbabwe,2006.0,12300000.0,47.4,548.0,Low Income
Afghanistan,2007.0,25900000.0,58.5,449.0,Low Income
Angola,2007.0,20900000.0,58.0,3050.0,Lower-Middle Income
Albania,2007.0,2980000.0,77.5,4290.0,Upper-Middle Income
United Arab Emirates,2007.0,5870000.0,70.0,49100.0,High Income
Argentina,2007.0,39900000.0,75.3,8070.0,Upper-Middle Income
Armenia,2007.0,3000000.0,73.5,3420.0,Lower-Middle Income
Antigua and Barbuda,2007.0,82000.0,75.1,18700.0,High Income
Australia,2007.0,20800000.0,81.5,46300.0,High Income
Austria,2007.0,8289999.999999999,80.3,55100.0,High Income
Azerbaijan,2007.0,8880000.0,68.2,3380.0,Lower-Middle Income
Burundi,2007.0,7940000.0,55.7,211.0,Low Income
Belgium,2007.0,10700000.0,79.8,52900.0,High Income
Benin,2007.0,8650000.0,59.5,1140.0,Lower-Middle Income
Burkina Faso,2007.0,14800000.0,56.5,632.0,Low Income
Bangladesh,2007.0,144000000.0,68.2,756.0,Low Income
Bulgaria,2007.0,7720000.0,71.5,5970.0,Upper-Middle Income
Bahrain,2007.0,1040000.0,73.6,24400.0,High Income
Bahamas,2007.0,358000.0,73.6,38500.0,High Income
Bosnia and Herzegovina,2007.0,4010000.0,75.3,4860.0,Upper-Middle Income
Belarus,2007.0,9830000.0,70.4,5340.0,Upper-Middle Income
Belize,2007.0,297000.0,73.1,4550.0,Upper-Middle Income
Bolivia,2007.0,9710000.0,69.6,1510.0,Lower-Middle Income
Brazil,2007.0,191000000.0,73.3,7670.0,Upper-Middle Income
Barbados,2007.0,271000.0,75.5,19200.0,High Income
Brunei,2007.0,379000.0,73.5,38300.0,High Income
Bhutan,2007.0,682000.0,69.9,2030.0,Lower-Middle Income
Botswana,2007.0,1970000.0,53.4,7100.0,Upper-Middle Income
Central African Republic,2007.0,4380000.0,46.1,471.0,Low Income
Canada,2007.0,32900000.0,80.9,53400.0,High Income
Switzerland,2007.0,7540000.0,82.2,79900.0,High Income
Chile,2007.0,16500000.0,78.4,10800.0,Upper-Middle Income
China,2007.0,0.0,74.2,3110.0,Lower-Middle Income
Cote d'Ivoire,2007.0,19800000.0,55.3,1200.0,Lower-Middle Income
Cameroon,2007.0,18300000.0,55.9,1490.0,Lower-Middle Income
"Congo, Dem. Rep.",2007.0,60300000.0,57.1,322.0,Low Income
"Congo, Rep.",2007.0,3960000.0,58.5,2110.0,Lower-Middle Income
Colombia,2007.0,43300000.0,77.3,5120.0,Upper-Middle Income
Comoros,2007.0,617000.0,64.5,1450.0,Lower-Middle Income
Cape Verde,2007.0,505000.0,73.2,3490.0,Lower-Middle Income
Costa Rica,2007.0,4440000.0,80.3,7040.0,Upper-Middle Income
Cuba,2007.0,11300000.0,78.5,6200.0,Upper-Middle Income
Cyprus,2007.0,1070000.0,78.3,33900.0,High Income
Czech Republic,2007.0,10300000.0,77.2,19600.0,High Income
Germany,2007.0,81200000.0,80.0,50100.0,High Income
Djibouti,2007.0,865000.0,62.1,2140.0,Lower-Middle Income
Denmark,2007.0,5480000.0,78.7,69100.0,High Income
Dominican Republic,2007.0,9400000.0,72.9,5490.0,Upper-Middle Income
Algeria,2007.0,34000000.0,73.6,4460.0,Upper-Middle Income
Ecuador,2007.0,14300000.0,73.7,4090.0,Lower-Middle Income
Egypt,2007.0,82200000.0,69.2,1900.0,Lower-Middle Income
Eritrea,2007.0,2930000.0,58.7,520.0,Low Income
Spain,2007.0,45200000.0,81.2,36800.0,High Income
Estonia,2007.0,1340000.0,73.3,16600.0,High Income
Ethiopia,2007.0,82000000.0,59.5,273.0,Low Income
Finland,2007.0,5290000.0,79.7,57200.0,High Income
Fiji,2007.0,891000.0,67.1,4700.0,Upper-Middle Income
France,2007.0,61300000.0,81.1,49700.0,High Income
"Micronesia, Fed. Sts.",2007.0,110000.0,63.9,3180.0,Lower-Middle Income
Gabon,2007.0,1550000.0,62.0,8170.0,Upper-Middle Income
United Kingdom,2007.0,61300000.0,79.8,59000.0,High Income
Georgia,2007.0,3910000.0,72.0,2950.0,Lower-Middle Income
Ghana,2007.0,23700000.0,60.5,979.0,Low Income
Guinea,2007.0,9550000.0,56.5,582.0,Low Income
Gambia,2007.0,1760000.0,62.6,867.0,Low Income
Guinea-Bissau,2007.0,1450000.0,54.3,582.0,Low Income
Equatorial Guinea,2007.0,949000.0,62.5,14400.0,High Income
Greece,2007.0,11100000.0,79.6,32600.0,High Income
Grenada,2007.0,112000.0,72.6,8460.0,Upper-Middle Income
Guatemala,2007.0,13700000.0,69.5,2940.0,Lower-Middle Income
Guyana,2007.0,757000.0,65.2,2830.0,Lower-Middle Income
"Hong Kong, China",2007.0,7000000.0,82.3,39700.0,High Income
Honduras,2007.0,7920000.0,71.2,1830.0,Lower-Middle Income
Croatia,2007.0,4410000.0,75.9,15800.0,High Income
Haiti,2007.0,9420000.0,60.0,1120.0,Lower-Middle Income
Hungary,2007.0,10000000.0,73.6,14600.0,High Income
Indonesia,2007.0,235000000.0,68.7,1980.0,Lower-Middle Income
India,2007.0,0.0,65.8,1130.0,Lower-Middle Income
Ireland,2007.0,4360000.0,79.7,62600.0,High Income
Iran,2007.0,72300000.0,74.4,5290.0,Upper-Middle Income
Iraq,2007.0,28700000.0,67.2,2970.0,Lower-Middle Income
Iceland,2007.0,312000.0,81.9,76700.0,High Income
Israel,2007.0,6950000.0,80.8,29800.0,High Income
Italy,2007.0,58800000.0,81.5,44500.0,High Income
Jamaica,2007.0,2700000.0,76.3,5350.0,Upper-Middle Income
Jordan,2007.0,6470000.0,75.5,3380.0,Lower-Middle Income
Japan,2007.0,128000000.0,82.9,48000.0,High Income
Kazakhstan,2007.0,16000000.0,65.3,6170.0,Upper-Middle Income
Kenya,2007.0,38000000.0,58.5,867.0,Low Income
Kyrgyz Republic,2007.0,5290000.0,67.6,756.0,Low Income
Cambodia,2007.0,13700000.0,65.2,731.0,Low Income
Kiribati,2007.0,102000.0,58.2,2260.0,Lower-Middle Income
South Korea,2007.0,48200000.0,79.8,29000.0,High Income
Kuwait,2007.0,2510000.0,79.0,59000.0,High Income
Lao,2007.0,6040000.0,62.9,768.0,Low Income
Lebanon,2007.0,4810000.0,75.5,6700.0,Upper-Middle Income
Liberia,2007.0,3630000.0,60.6,409.0,Low Income
Libya,2007.0,6100000.0,76.0,12900.0,Upper-Middle Income
St. Lucia,2007.0,168000.0,75.0,9290.0,Upper-Middle Income
Sri Lanka,2007.0,20100000.0,74.0,1920.0,Lower-Middle Income
Lesotho,2007.0,1980000.0,45.1,1610.0,Lower-Middle Income
Lithuania,2007.0,3270000.0,70.6,13100.0,Upper-Middle Income
Luxembourg,2007.0,480000.0,80.2,106000.0,High Income
Latvia,2007.0,2180000.0,70.9,13900.0,High Income
Morocco,2007.0,31200000.0,71.2,2950.0,Lower-Middle Income
Moldova,2007.0,3880000.0,69.6,1780.0,Lower-Middle Income
Madagascar,2007.0,19900000.0,61.9,471.0,Low Income
Maldives,2007.0,325000.0,76.8,5550.0,Upper-Middle Income
Mexico,2007.0,108000000.0,75.6,11500.0,Upper-Middle Income
North Macedonia,2007.0,2080000.0,72.4,4490.0,Upper-Middle Income
Mali,2007.0,14100000.0,57.1,657.0,Low Income
Malta,2007.0,412000.0,80.4,21800.0,High Income
Myanmar,2007.0,48400000.0,62.6,871.0,Low Income
Montenegro,2007.0,632000.0,74.1,6340.0,Upper-Middle Income
Mongolia,2007.0,2610000.0,64.0,1750.0,Lower-Middle Income
Mozambique,2007.0,21300000.0,52.8,570.0,Low Income
Mauritania,2007.0,3150000.0,66.9,1510.0,Lower-Middle Income
Mauritius,2007.0,1270000.0,73.8,8040.0,Upper-Middle Income
Malawi,2007.0,13500000.0,51.6,409.0,Low Income
Malaysia,2007.0,27100000.0,74.5,8210.0,Upper-Middle Income
Namibia,2007.0,2009999.9999999998,57.4,5240.0,Upper-Middle Income
Niger,2007.0,14900000.0,57.2,471.0,Low Income
Nigeria,2007.0,148000000.0,57.9,2000.0,Lower-Middle Income
Nicaragua,2007.0,5610000.0,73.9,1600.0,Lower-Middle Income
Netherlands,2007.0,16399999.999999998,80.3,60800.0,High Income
Norway,2007.0,4710000.0,80.7,97200.0,High Income
Nepal,2007.0,26700000.0,68.3,458.0,Low Income
New Zealand,2007.0,4220000.0,80.2,34900.0,High Income
Oman,2007.0,2610000.0,69.9,18000.0,High Income
Pakistan,2007.0,182000000.0,62.7,1070.0,Low Income
Panama,2007.0,3430000.0,78.5,7150.0,Upper-Middle Income
Peru,2007.0,28600000.0,78.3,3980.0,Lower-Middle Income
Philippines,2007.0,89600000.0,70.5,2130.0,Lower-Middle Income
Papua New Guinea,2007.0,6920000.0,62.3,1330.0,Lower-Middle Income
Poland,2007.0,38500000.0,75.4,12300.0,Upper-Middle Income
Portugal,2007.0,10600000.0,79.4,25800.0,High Income
Paraguay,2007.0,5590000.0,76.0,2870.0,Lower-Middle Income
Palestine,2007.0,3720000.0,71.6,2220.0,Lower-Middle Income
Qatar,2007.0,1230000.0,72.2,71900.0,High Income
Romania,2007.0,20700000.0,73.4,7920.0,Upper-Middle Income
Russia,2007.0,143000000.0,67.5,9370.0,Upper-Middle Income
Rwanda,2007.0,9520000.0,61.6,508.0,Low Income
Saudi Arabia,2007.0,26400000.0,71.3,19600.0,High Income
Sudan,2007.0,31200000.0,66.3,1130.0,Lower-Middle Income
Senegal,2007.0,11600000.0,64.4,1360.0,Lower-Middle Income
Singapore,2007.0,4660000.0,81.8,44600.0,High Income
Solomon Islands,2007.0,505000.0,56.8,1390.0,Lower-Middle Income
Sierra Leone,2007.0,5940000.0,54.1,446.0,Low Income
El Salvador,2007.0,6040000.0,74.1,3320.0,Lower-Middle Income
Somalia,2007.0,11100000.0,53.9,340.0,Low Income
Serbia,2007.0,7760000.0,73.2,5980.0,Upper-Middle Income
South Sudan,2007.0,8420000.0,59.6,998.0,Low Income
Sao Tome and Principe,2007.0,170000.0,67.6,1190.0,Lower-Middle Income
Suriname,2007.0,528000.0,71.6,6260.0,Upper-Middle Income
Slovak Republic,2007.0,5380000.0,74.7,18500.0,High Income
Slovenia,2007.0,2020000.0,78.6,27000.0,High Income
Sweden,2007.0,9160000.0,81.3,64800.0,High Income
Eswatini,2007.0,1080000.0,44.9,4310.0,Upper-Middle Income
Seychelles,2007.0,88300.0,72.5,15200.0,High Income
Syria,2007.0,20700000.0,74.6,9900.0,Upper-Middle Income
Chad,2007.0,10700000.0,54.8,781.0,Low Income
Togo,2007.0,6050000.0,57.8,520.0,Low Income
Thailand,2007.0,66800000.0,76.0,4370.0,Upper-Middle Income
Tajikistan,2007.0,7190000.0,67.7,719.0,Low Income
Turkmenistan,2007.0,5020000.0,66.6,2870.0,Lower-Middle Income
Timor-Leste,2007.0,1020000.0,69.0,2280.0,Lower-Middle Income
Tonga,2007.0,107000.0,72.1,3590.0,Lower-Middle Income
Trinidad and Tobago,2007.0,1380000.0,72.8,18600.0,High Income
Tunisia,2007.0,10600000.0,75.7,4390.0,Upper-Middle Income
Turkey,2007.0,70500000.0,77.1,11100.0,Upper-Middle Income
Tanzania,2007.0,41700000.0,58.5,669.0,Low Income
Uganda,2007.0,29600000.0,56.5,483.0,Low Income
Ukraine,2007.0,46300000.0,68.1,3210.0,Lower-Middle Income
Uruguay,2007.0,3330000.0,75.7,7920.0,Upper-Middle Income
United States,2007.0,303000000.0,78.2,60100.0,High Income
Uzbekistan,2007.0,27300000.0,65.3,954.0,Low Income
St. Vincent and the Grenadines,2007.0,111000.0,73.1,7320.0,Upper-Middle Income
Venezuela,2007.0,27500000.0,74.6,9450.0,Upper-Middle Income
Vietnam,2007.0,84800000.0,72.9,1040.0,Low Income
Vanuatu,2007.0,228000.0,64.0,2600.0,Lower-Middle Income
Samoa,2007.0,190000.0,69.3,3530.0,Lower-Middle Income
Yemen,2007.0,22600000.0,66.5,1100.0,Lower-Middle Income
South Africa,2007.0,50000000.0,53.2,8210.0,Upper-Middle Income
Zambia,2007.0,12400000.0,51.9,1120.0,Lower-Middle Income
Zimbabwe,2007.0,12500000.0,48.2,520.0,Low Income
Afghanistan,2008.0,26400000.0,59.2,456.0,Low Income
Angola,2008.0,21700000.0,58.8,3670.0,Lower-Middle Income
Albania,2008.0,2950000.0,77.6,4890.0,Upper-Middle Income
United Arab Emirates,2008.0,6990000.0,70.4,48300.0,High Income
Argentina,2008.0,40300000.0,75.7,9290.0,Upper-Middle Income
Armenia,2008.0,2980000.0,73.5,4360.0,Upper-Middle Income
Antigua and Barbuda,2008.0,83300.0,75.2,18500.0,High Income
Australia,2008.0,21200000.0,81.7,51300.0,High Income
Austria,2008.0,8320000.0,80.5,59500.0,High Income
Azerbaijan,2008.0,9000000.0,68.5,4710.0,Upper-Middle Income
Burundi,2008.0,8279999.999999999,56.8,230.0,Low Income
Belgium,2008.0,10700000.0,79.9,56300.0,High Income
Benin,2008.0,8910000.0,60.1,1250.0,Lower-Middle Income
Burkina Faso,2008.0,15200000.0,57.1,691.0,Low Income
Bangladesh,2008.0,145000000.0,69.0,800.0,Low Income
Bulgaria,2008.0,7670000.0,71.9,7350.0,Upper-Middle Income
Bahrain,2008.0,1110000.0,74.0,25300.0,High Income
Bahamas,2008.0,363000.0,73.5,37500.0,High Income
Bosnia and Herzegovina,2008.0,3940000.0,75.9,5730.0,Upper-Middle Income
Belarus,2008.0,9790000.0,70.5,6630.0,Upper-Middle Income
Belize,2008.0,306000.0,73.6,4700.0,Upper-Middle Income
Bolivia,2008.0,9880000.0,69.8,1790.0,Lower-Middle Income
Brazil,2008.0,193000000.0,73.5,9230.0,Upper-Middle Income
Barbados,2008.0,273000.0,75.8,19600.0,High Income
Brunei,2008.0,385000.0,73.8,41400.0,High Income
Bhutan,2008.0,690000.0,70.3,2140.0,Lower-Middle Income
Botswana,2008.0,2009999.9999999998,54.7,6950.0,Upper-Middle Income
Central African Republic,2008.0,4470000.0,46.8,509.0,Low Income
Canada,2008.0,33200000.000000004,81.1,55300.0,High Income
Switzerland,2008.0,7640000.0,82.4,79100.0,High Income
Chile,2008.0,16700000.0,78.7,12200.0,Upper-Middle Income
China,2008.0,0.0,74.3,3760.0,Lower-Middle Income
Cote d'Ivoire,2008.0,20200000.0,56.3,1320.0,Lower-Middle Income
Cameroon,2008.0,18800000.0,56.6,1590.0,Lower-Middle Income
"Congo, Dem. Rep.",2008.0,62200000.0,57.5,351.0,Low Income
"Congo, Rep.",2008.0,4090000.0,59.4,2590.0,Lower-Middle Income
Colombia,2008.0,43800000.0,77.6,5710.0,Upper-Middle Income
Comoros,2008.0,629000.0,65.3,1560.0,Lower-Middle Income
Cape Verde,2008.0,510000.0,73.9,4000.0,Lower-Middle Income
Costa Rica,2008.0,4500000.0,80.3,7770.0,Upper-Middle Income
Cuba,2008.0,11300000.0,78.4,6610.0,Upper-Middle Income
Cyprus,2008.0,1090000.0,78.8,38700.0,High Income
Czech Republic,2008.0,10400000.0,77.3,22400.0,High Income
Germany,2008.0,81200000.0,80.2,52800.0,High Income
Djibouti,2008.0,883000.0,62.5,2210.0,Lower-Middle Income
Denmark,2008.0,5500000.0,79.0,73200.0,High Income
Dominican Republic,2008.0,9520000.0,73.3,5770.0,Upper-Middle Income
Algeria,2008.0,34600000.0,73.9,5100.0,Upper-Middle Income
Ecuador,2008.0,14500000.0,73.8,4660.0,Upper-Middle Income
Egypt,2008.0,83800000.0,69.3,2230.0,Lower-Middle Income
Eritrea,2008.0,3010000.0,59.1,497.0,Low Income
Spain,2008.0,46000000.0,81.4,39000.0,High Income
Estonia,2008.0,1340000.0,74.4,18400.0,High Income
Ethiopia,2008.0,84400000.0,60.8,339.0,Low Income
Finland,2008.0,5310000.0,80.0,60700.0,High Income
Fiji,2008.0,897000.0,67.1,4820.0,Upper-Middle Income
France,2008.0,61700000.0,81.2,52600.0,High Income
"Micronesia, Fed. Sts.",2008.0,109000.0,64.0,3140.0,Lower-Middle Income
Gabon,2008.0,1600000.0,62.2,8870.0,Upper-Middle Income
United Kingdom,2008.0,61700000.0,80.0,59000.0,High Income
Georgia,2008.0,3880000.0,71.5,3420.0,Lower-Middle Income
Ghana,2008.0,24300000.0,61.0,1390.0,Lower-Middle Income
Guinea,2008.0,9780000.0,56.9,751.0,Low Income
Gambia,2008.0,1820000.0,62.9,981.0,Low Income
Guinea-Bissau,2008.0,1490000.0,54.8,618.0,Low Income
Equatorial Guinea,2008.0,995000.0,62.9,17300.0,High Income
Greece,2008.0,11100000.0,80.0,34700.0,High Income
Grenada,2008.0,112000.0,72.5,8800.0,Upper-Middle Income
Guatemala,2008.0,14000000.0,69.9,3160.0,Lower-Middle Income
Guyana,2008.0,754000.0,65.3,4660.0,Upper-Middle Income
"Hong Kong, China",2008.0,7050000.0,82.5,41100.0,High Income
Honduras,2008.0,8100000.0,71.3,1960.0,Lower-Middle Income
Croatia,2008.0,4390000.0,75.9,17400.0,High Income
Haiti,2008.0,9580000.0,60.2,1220.0,Lower-Middle Income
Hungary,2008.0,10000000.0,74.2,16100.000000000002,High Income
Indonesia,2008.0,238000000.0,68.9,2350.0,Lower-Middle Income
India,2008.0,0.0,66.1,1210.0,Lower-Middle Income
Ireland,2008.0,4450000.0,80.0,61600.0,High Income
Iran,2008.0,73300000.0,74.8,6020.0,Upper-Middle Income
Iraq,2008.0,29200000.0,69.3,4300.0,Upper-Middle Income
Iceland,2008.0,318000.0,82.2,60600.0,High Income
Israel,2008.0,7070000.0,81.0,31800.0,High Income
Italy,2008.0,59200000.0,81.6,45900.0,High Income
Jamaica,2008.0,2710000.0,75.2,5520.0,Upper-Middle Income
Jordan,2008.0,6630000.0,76.2,3770.0,Lower-Middle Income
Japan,2008.0,128000000.0,83.1,47000.0,High Income
Kazakhstan,2008.0,16200000.0,66.3,7400.0,Upper-Middle Income
Kenya,2008.0,39200000.0,59.4,993.0,Low Income
Kyrgyz Republic,2008.0,5350000.0,68.3,921.0,Low Income
Cambodia,2008.0,13900000.0,65.9,812.0,Low Income
Kiribati,2008.0,104000.0,58.4,2340.0,Lower-Middle Income
South Korea,2008.0,48400000.0,80.2,28900.0,High Income
Kuwait,2008.0,2650000.0,78.1,62600.0,High Income
Lao,2008.0,6140000.0,63.6,909.0,Low Income
Lebanon,2008.0,4890000.0,75.4,7340.0,Upper-Middle Income
Liberia,2008.0,3780000.0,61.1,472.0,Low Income
Libya,2008.0,6230000.0,75.9,14800.0,High Income
St. Lucia,2008.0,169000.0,75.3,9800.0,Upper-Middle Income
Sri Lanka,2008.0,20300000.0,73.3,2170.0,Lower-Middle Income
Lesotho,2008.0,2000000.0,46.3,1560.0,Lower-Middle Income
Lithuania,2008.0,3220000.0,71.4,15400.0,High Income
Luxembourg,2008.0,489000.0,80.6,104000.0,High Income
Latvia,2008.0,2150000.0,72.1,16400.0,High Income
Morocco,2008.0,31600000.0,71.4,3270.0,Lower-Middle Income
Moldova,2008.0,3810000.0,69.9,2270.0,Lower-Middle Income
Madagascar,2008.0,20500000.0,62.1,545.0,Low Income
Maldives,2008.0,337000.0,77.2,6570.0,Upper-Middle Income
Mexico,2008.0,110000000.0,75.2,11800.0,Upper-Middle Income
North Macedonia,2008.0,2089999.9999999998,72.9,5290.0,Upper-Middle Income
Mali,2008.0,14600000.0,57.6,739.0,Low Income
Malta,2008.0,413000.0,80.6,24700.0,High Income
Myanmar,2008.0,48700000.0,57.7,901.0,Low Income
Montenegro,2008.0,631000.0,74.3,7840.0,Upper-Middle Income
Mongolia,2008.0,2630000.0,64.5,2180.0,Lower-Middle Income
Mozambique,2008.0,21800000.0,53.4,606.0,Low Income
Mauritania,2008.0,3230000.0,67.4,1670.0,Lower-Middle Income
Mauritius,2008.0,1280000.0,73.7,8960.0,Upper-Middle Income
Malawi,2008.0,13900000.0,53.4,448.0,Low Income
Malaysia,2008.0,27700000.0,74.3,9100.0,Upper-Middle Income
Namibia,2008.0,2040000.0,59.2,5230.0,Upper-Middle Income
Niger,2008.0,15500000.0,58.3,533.0,Low Income
Nigeria,2008.0,152000000.0,58.5,2390.0,Lower-Middle Income
Nicaragua,2008.0,5690000.0,74.0,1680.0,Lower-Middle Income
Netherlands,2008.0,16500000.0,80.5,63800.0,High Income
Norway,2008.0,4770000.0,80.9,106000.0,High Income
Nepal,2008.0,26900000.0,68.5,521.0,Low Income
New Zealand,2008.0,4260000.0,80.4,34700.0,High Income
Oman,2008.0,2650000.0,70.0,21100.0,High Income
Pakistan,2008.0,186000000.0,62.9,1110.0,Lower-Middle Income
Panama,2008.0,3500000.0,78.4,7920.0,Upper-Middle Income
Peru,2008.0,28800000.0,78.5,4590.0,Upper-Middle Income
Philippines,2008.0,91300000.0,70.4,2440.0,Lower-Middle Income
Papua New Guinea,2008.0,7140000.0,62.5,1700.0,Lower-Middle Income
Poland,2008.0,38500000.0,75.6,14500.0,High Income
Portugal,2008.0,10600000.0,79.7,27400.0,High Income
Paraguay,2008.0,5650000.0,76.0,3730.0,Lower-Middle Income
Palestine,2008.0,3810000.0,69.3,2470.0,Lower-Middle Income
Qatar,2008.0,1440000.0,72.5,79400.0,High Income
Romania,2008.0,20600000.0,73.4,10700.0,Upper-Middle Income
Russia,2008.0,143000000.0,67.7,11600.0,Upper-Middle Income
Rwanda,2008.0,9780000.0,62.6,594.0,Low Income
Saudi Arabia,2008.0,27400000.0,71.4,22400.0,High Income
Sudan,2008.0,32100000.0,66.8,1310.0,Lower-Middle Income
Senegal,2008.0,11900000.0,65.0,1500.0,Lower-Middle Income
Singapore,2008.0,4840000.0,82.1,45100.0,High Income
Solomon Islands,2008.0,516000.0,57.1,1490.0,Lower-Middle Income
Sierra Leone,2008.0,6090000.0,54.7,509.0,Low Income
El Salvador,2008.0,6070000.0,74.7,3480.0,Lower-Middle Income
Somalia,2008.0,11400000.0,54.3,340.0,Low Income
Serbia,2008.0,7720000.0,73.5,7310.0,Upper-Middle Income
South Sudan,2008.0,8820000.0,60.0,1000.0,Low Income
Sao Tome and Principe,2008.0,174000.0,67.9,1240.0,Lower-Middle Income
Suriname,2008.0,534000.0,71.7,7670.0,Upper-Middle Income
Slovak Republic,2008.0,5380000.0,75.0,20900.0,High Income
Slovenia,2008.0,2029999.9999999998,79.1,29800.0,High Income
Sweden,2008.0,9230000.0,81.5,67500.0,High Income
Eswatini,2008.0,1090000.0,45.5,4070.0,Lower-Middle Income
Seychelles,2008.0,89600.0,72.8,13500.0,High Income
Syria,2008.0,21500000.0,74.4,10900.0,Upper-Middle Income
Chad,2008.0,11100000.0,55.2,848.0,Low Income
Togo,2008.0,6220000.0,58.1,569.0,Low Income
Thailand,2008.0,67300000.0,76.5,4810.0,Upper-Middle Income
Tajikistan,2008.0,7320000.0,67.9,909.0,Low Income
Turkmenistan,2008.0,5100000.0,67.3,3680.0,Lower-Middle Income
Timor-Leste,2008.0,1040000.0,69.5,3610.0,Lower-Middle Income
Tonga,2008.0,107000.0,72.1,3960.0,Lower-Middle Income
Trinidad and Tobago,2008.0,1390000.0,72.4,21000.0,High Income
Tunisia,2008.0,10700000.0,75.9,4680.0,Upper-Middle Income
Turkey,2008.0,71300000.0,77.0,11900.0,Upper-Middle Income
Tanzania,2008.0,42900000.0,59.6,727.0,Low Income
Uganda,2008.0,30500000.0,57.6,521.0,Low Income
Ukraine,2008.0,46100000.0,68.3,3890.0,Lower-Middle Income
Uruguay,2008.0,3340000.0,76.2,9340.0,Upper-Middle Income
United States,2008.0,306000000.0,78.4,59500.0,High Income
Uzbekistan,2008.0,27700000.0,65.7,1190.0,Lower-Middle Income
St. Vincent and the Grenadines,2008.0,110000.0,73.1,7580.0,Upper-Middle Income
Venezuela,2008.0,27900000.0,74.4,11400.0,Upper-Middle Income
Vietnam,2008.0,85600000.0,73.0,1190.0,Lower-Middle Income
Vanuatu,2008.0,234000.0,64.1,2980.0,Lower-Middle Income
Samoa,2008.0,192000.0,69.5,3710.0,Lower-Middle Income
Yemen,2008.0,23300000.0,66.9,1220.0,Lower-Middle Income
South Africa,2008.0,50600000.0,54.3,8070.0,Upper-Middle Income
Zambia,2008.0,12900000.0,54.1,1430.0,Lower-Middle Income
Zimbabwe,2008.0,12600000.0,48.9,400.0,Low Income
Afghanistan,2009.0,27400000.0,59.9,541.0,Low Income
Angola,2009.0,22500000.0,59.5,3810.0,Lower-Middle Income
Albania,2009.0,2930000.0,78.0,5140.0,Upper-Middle Income
United Arab Emirates,2009.0,7990000.0,70.6,42000.0,High Income
Argentina,2009.0,40700000.0,75.8,9360.0,Upper-Middle Income
Armenia,2009.0,2960000.0,73.6,4010.0,Lower-Middle Income
Antigua and Barbuda,2009.0,84500.0,75.8,16300.0,High Income
Australia,2009.0,21700000.0,81.9,52900.0,High Income
Austria,2009.0,8340000.0,80.5,58900.0,High Income
Azerbaijan,2009.0,9120000.0,68.8,5790.0,Upper-Middle Income
Burundi,2009.0,8710000.0,57.7,240.0,Low Income
Belgium,2009.0,10800000.0,80.0,56300.0,High Income
Benin,2009.0,9170000.0,60.7,1310.0,Lower-Middle Income
Burkina Faso,2009.0,15700000.0,57.6,733.0,Low Income
Bangladesh,2009.0,147000000.0,69.6,877.0,Low Income
Bulgaria,2009.0,7630000.0,72.1,8020.0,Upper-Middle Income
Bahrain,2009.0,1180000.0,74.5,22600.0,High Income
Bahamas,2009.0,368000.0,73.2,34800.0,High Income
Bosnia and Herzegovina,2009.0,3880000.0,76.1,5970.0,Upper-Middle Income
Belarus,2009.0,9760000.0,70.6,6800.0,Upper-Middle Income
Belize,2009.0,314000.0,73.7,4870.0,Upper-Middle Income
Bolivia,2009.0,10100000.0,70.1,1950.0,Lower-Middle Income
Brazil,2009.0,195000000.0,73.7,9990.0,Upper-Middle Income
Barbados,2009.0,274000.0,76.1,18900.0,High Income
Brunei,2009.0,390000.0,73.8,39000.0,High Income
Bhutan,2009.0,698000.0,70.5,2230.0,Lower-Middle Income
Botswana,2009.0,2049999.9999999998,56.1,6400.0,Upper-Middle Income
Central African Republic,2009.0,4560000.0,47.4,577.0,Low Income
Canada,2009.0,33600000.0,81.4,51900.0,High Income
Switzerland,2009.0,7730000.0,82.5,87100.0,High Income
Chile,2009.0,16800000.0,78.6,12000.0,Upper-Middle Income
China,2009.0,0.0,74.7,4420.0,Upper-Middle Income
Cote d'Ivoire,2009.0,20700000.0,57.0,1430.0,Lower-Middle Income
Cameroon,2009.0,19300000.0,57.2,1690.0,Lower-Middle Income
"Congo, Dem. Rep.",2009.0,64300000.0,58.0,360.0,Low Income
"Congo, Rep.",2009.0,4260000.0,60.3,2980.0,Lower-Middle Income
Colombia,2009.0,44300000.0,77.5,6160.0,Upper-Middle Income
Comoros,2009.0,642000.0,64.8,1650.0,Lower-Middle Income
Cape Verde,2009.0,516000.0,74.1,4180.0,Lower-Middle Income
Costa Rica,2009.0,4560000.0,80.6,7860.0,Upper-Middle Income
Cuba,2009.0,11300000.0,78.5,6630.0,Upper-Middle Income
Cyprus,2009.0,1110000.0,79.1,39400.0,High Income
Czech Republic,2009.0,10400000.0,77.6,22600.0,High Income
Germany,2009.0,81300000.0,80.3,52300.0,High Income
Djibouti,2009.0,901000.0,62.9,2280.0,Lower-Middle Income
Denmark,2009.0,5530000.0,79.2,72200.0,High Income
Dominican Republic,2009.0,9650000.0,73.4,5910.0,Upper-Middle Income
Algeria,2009.0,35200000.0,74.2,5150.0,Upper-Middle Income
Ecuador,2009.0,14700000.0,74.1,4880.0,Upper-Middle Income
Egypt,2009.0,85500000.0,69.3,2550.0,Lower-Middle Income
Eritrea,2009.0,3080000.0,59.6,577.0,Low Income
Spain,2009.0,46400000.0,81.8,39000.0,High Income
Estonia,2009.0,1330000.0,75.2,17600.0,High Income
Ethiopia,2009.0,86800000.0,61.9,408.0,Low Income
Finland,2009.0,5340000.0,80.2,58600.0,High Income
Fiji,2009.0,901000.0,67.5,4630.0,Upper-Middle Income
France,2009.0,62100000.0,81.4,52800.0,High Income
"Micronesia, Fed. Sts.",2009.0,108000.0,64.0,3390.0,Lower-Middle Income
Gabon,2009.0,1650000.0,62.7,9120.0,Upper-Middle Income
United Kingdom,2009.0,62200000.0,80.3,53400.0,High Income
Georgia,2009.0,3860000.0,71.7,3540.0,Lower-Middle Income
Ghana,2009.0,25000000.0,61.3,1430.0,Lower-Middle Income
Guinea,2009.0,10000000.0,57.1,805.0,Low Income
Gambia,2009.0,1880000.0,63.3,1060.0,Low Income
Guinea-Bissau,2009.0,1530000.0,55.5,673.0,Low Income
Equatorial Guinea,2009.0,1040000.0,63.5,15100.0,High Income
Greece,2009.0,11100000.0,80.2,35200.0,High Income
Grenada,2009.0,113000.0,72.5,8070.0,Upper-Middle Income
Guatemala,2009.0,14300000.0,69.9,3180.0,Lower-Middle Income
Guyana,2009.0,751000.0,65.9,5030.0,Upper-Middle Income
"Hong Kong, China",2009.0,7090000.0,82.7,38900.0,High Income
Honduras,2009.0,8279999.999999999,71.3,1990.0,Lower-Middle Income
Croatia,2009.0,4380000.0,76.5,17100.0,High Income
Haiti,2009.0,9730000.0,60.7,1390.0,Lower-Middle Income
Hungary,2009.0,10000000.0,74.4,16100.000000000002,High Income
Indonesia,2009.0,241000000.0,69.1,2580.0,Lower-Middle Income
India,2009.0,0.0,66.8,1350.0,Lower-Middle Income
Ireland,2009.0,4500000.0,80.2,56000.0,High Income
Iran,2009.0,74300000.0,75.1,6680.0,Upper-Middle Income
Iraq,2009.0,30300000.0,70.1,5000.0,Upper-Middle Income
Iceland,2009.0,319000.0,82.4,50300.0,High Income
Israel,2009.0,7200000.0,81.4,32900.0,High Income
Italy,2009.0,59600000.0,81.8,45500.0,High Income
Jamaica,2009.0,2720000.0,74.6,5200.0,Upper-Middle Income
Jordan,2009.0,6780000.0,76.7,4060.0,Lower-Middle Income
Japan,2009.0,128000000.0,83.3,46600.0,High Income
Kazakhstan,2009.0,16399999.999999998,67.3,8160.0,Upper-Middle Income
Kenya,2009.0,40400000.0,60.3,985.0,Low Income
Kyrgyz Republic,2009.0,5410000.0,69.3,1030.0,Low Income
Cambodia,2009.0,14200000.0,66.5,841.0,Low Income
Kiribati,2009.0,106000.0,58.6,2280.0,Lower-Middle Income
South Korea,2009.0,48600000.0,80.5,26500.0,High Income
Kuwait,2009.0,2800000.0,78.7,54100.0,High Income
Lao,2009.0,6230000.0,64.2,1070.0,Low Income
Lebanon,2009.0,4950000.0,75.5,8250.0,Upper-Middle Income
Liberia,2009.0,3910000.0,61.5,517.0,Low Income
Libya,2009.0,6360000.0,75.7,14500.0,High Income
St. Lucia,2009.0,170000.0,75.5,9630.0,Upper-Middle Income
Sri Lanka,2009.0,20500000.0,73.4,2410.0,Lower-Middle Income
Lesotho,2009.0,2009999.9999999998,47.4,1430.0,Lower-Middle Income
Lithuania,2009.0,3180000.0,73.0,15000.0,High Income
Luxembourg,2009.0,498000.0,80.8,84600.0,High Income
Latvia,2009.0,2130000.0,72.9,17000.0,High Income
Morocco,2009.0,32000000.0,71.6,3460.0,Lower-Middle Income
Moldova,2009.0,3750000.0,70.1,2340.0,Lower-Middle Income
Madagascar,2009.0,21100000.0,62.3,565.0,Low Income
Maldives,2009.0,349000.0,77.5,6560.0,Upper-Middle Income
Mexico,2009.0,111000000.0,75.0,10600.0,Upper-Middle Income
North Macedonia,2009.0,2089999.9999999998,73.0,5590.0,Upper-Middle Income
Mali,2009.0,15000000.0,58.0,793.0,Low Income
Malta,2009.0,416000.0,80.8,24400.0,High Income
Myanmar,2009.0,49000000.0,64.0,945.0,Low Income
Montenegro,2009.0,631000.0,74.4,8100.0,Upper-Middle Income
Mongolia,2009.0,2670000.0,64.8,2150.0,Lower-Middle Income
Mozambique,2009.0,22400000.0,53.5,649.0,Low Income
Mauritania,2009.0,3320000.0,67.8,1740.0,Lower-Middle Income
Mauritius,2009.0,1280000.0,73.8,9370.0,Upper-Middle Income
Malawi,2009.0,14300000.0,55.0,492.0,Low Income
Malaysia,2009.0,28200000.0,74.2,9130.0,Upper-Middle Income
Namibia,2009.0,2069999.9999999998,60.1,5110.0,Upper-Middle Income
Niger,2009.0,16000000.0,58.7,577.0,Low Income
Nigeria,2009.0,157000000.0,59.0,2460.0,Lower-Middle Income
Nicaragua,2009.0,5770000.0,74.1,1660.0,Lower-Middle Income
Netherlands,2009.0,16500000.0,80.8,64500.0,High Income
Norway,2009.0,4830000.0,81.1,106000.0,High Income
Nepal,2009.0,27000000.0,68.8,577.0,Low Income
New Zealand,2009.0,4300000.0,80.6,35700.0,High Income
Oman,2009.0,2700000.0,70.2,21300.0,High Income
Pakistan,2009.0,190000000.0,63.1,1140.0,Lower-Middle Income
Panama,2009.0,3560000.0,78.4,8290.0,Upper-Middle Income
Peru,2009.0,29000000.0,77.4,4770.0,Upper-Middle Income
Philippines,2009.0,92900000.0,70.4,2610.0,Lower-Middle Income
Papua New Guinea,2009.0,7360000.0,62.6,1810.0,Lower-Middle Income
Poland,2009.0,38600000.0,75.9,15000.0,High Income
Portugal,2009.0,10600000.0,79.9,27500.0,High Income
Paraguay,2009.0,5700000.0,75.8,4140.0,Lower-Middle Income
Palestine,2009.0,3900000.0,69.8,2700.0,Lower-Middle Income
Qatar,2009.0,1610000.0,72.8,73600.0,High Income
Romania,2009.0,20500000.0,73.5,11100.0,Upper-Middle Income
Russia,2009.0,143000000.0,68.7,11100.0,Upper-Middle Income
Rwanda,2009.0,10000000.0,63.4,661.0,Low Income
Saudi Arabia,2009.0,28500000.0,71.6,21500.0,High Income
Sudan,2009.0,32900000.0,67.0,1380.0,Lower-Middle Income
Senegal,2009.0,12200000.0,65.4,1600.0,Lower-Middle Income
Singapore,2009.0,5010000.0,82.5,44800.0,High Income
Solomon Islands,2009.0,528000.0,57.1,1570.0,Lower-Middle Income
Sierra Leone,2009.0,6260000.0,55.3,529.0,Low Income
El Salvador,2009.0,6090000.0,74.1,3390.0,Lower-Middle Income
Somalia,2009.0,11700000.0,54.6,340.0,Low Income
Serbia,2009.0,7690000.0,73.6,7750.0,Upper-Middle Income
South Sudan,2009.0,9230000.0,59.8,1010.0,Low Income
Sao Tome and Principe,2009.0,178000.0,68.6,1270.0,Lower-Middle Income
Suriname,2009.0,540000.0,72.1,8360.0,Upper-Middle Income
Slovak Republic,2009.0,5390000.0,75.3,20500.0,High Income
Slovenia,2009.0,2049999.9999999998,79.4,29300.0,High Income
Sweden,2009.0,9300000.0,81.7,63200.0,High Income
Eswatini,2009.0,1090000.0,46.4,3990.0,Lower-Middle Income
Seychelles,2009.0,91000.0,72.9,12300.0,Upper-Middle Income
Syria,2009.0,21800000.0,74.7,11900.0,Upper-Middle Income
Chad,2009.0,11500000.0,56.0,997.0,Low Income
Togo,2009.0,6400000.0,58.7,637.0,Low Income
Thailand,2009.0,67800000.0,76.9,4970.0,Upper-Middle Income
Tajikistan,2009.0,7470000.0,68.0,961.0,Low Income
Turkmenistan,2009.0,5180000.0,68.8,4260.0,Upper-Middle Income
Timor-Leste,2009.0,1070000.0,69.8,2800.0,Lower-Middle Income
Tonga,2009.0,107000.0,70.0,3820.0,Lower-Middle Income
Trinidad and Tobago,2009.0,1400000.0,73.2,19500.0,High Income
Tunisia,2009.0,10800000.0,76.0,4890.0,Upper-Middle Income
Turkey,2009.0,72200000.0,76.8,11600.0,Upper-Middle Income
Tanzania,2009.0,44000000.0,60.3,805.0,Low Income
Uganda,2009.0,31400000.0,58.5,661.0,Low Income
Ukraine,2009.0,45900000.0,70.0,3410.0,Lower-Middle Income
Uruguay,2009.0,3340000.0,76.5,10600.0,Upper-Middle Income
United States,2009.0,309000000.0,78.6,57500.0,High Income
Uzbekistan,2009.0,28200000.0,66.2,1380.0,Lower-Middle Income
St. Vincent and the Grenadines,2009.0,110000.0,73.0,7590.0,Upper-Middle Income
Venezuela,2009.0,28300000.0,74.6,12500.0,Upper-Middle Income
Vietnam,2009.0,86500000.0,73.1,1330.0,Lower-Middle Income
Vanuatu,2009.0,240000.0,64.2,3040.0,Lower-Middle Income
Samoa,2009.0,193000.0,67.5,3640.0,Lower-Middle Income
Yemen,2009.0,24000000.0,67.2,1320.0,Lower-Middle Income
South Africa,2009.0,51200000.0,55.7,7820.0,Upper-Middle Income
Zambia,2009.0,13300000.0,55.7,1540.0,Lower-Middle Income
Zimbabwe,2009.0,12700000.0,50.2,577.0,Low Income
Afghanistan,2010.0,28200000.0,60.5,607.0,Low Income
Angola,2010.0,23400000.0,60.2,3840.0,Lower-Middle Income
Albania,2010.0,2910000.0,78.1,5190.0,Upper-Middle Income
United Arab Emirates,2010.0,8480000.0,70.8,39700.0,High Income
Argentina,2010.0,41100000.0,75.9,11000.0,Upper-Middle Income
Armenia,2010.0,2950000.0,73.9,4130.0,Lower-Middle Income
Antigua and Barbuda,2010.0,85700.0,75.9,15100.0,High Income
Australia,2010.0,22000000.0,82.1,55500.0,High Income
Austria,2010.0,8359999.999999999,80.8,59000.0,High Income
Azerbaijan,2010.0,9240000.0,69.0,6430.0,Upper-Middle Income
Burundi,2010.0,9130000.0,58.5,262.0,Low Income
Belgium,2010.0,10900000.0,80.2,55800.0,High Income
Benin,2010.0,9450000.0,61.1,1280.0,Lower-Middle Income
Burkina Faso,2010.0,16100000.000000002,57.9,773.0,Low Income
Bangladesh,2010.0,148000000.0,70.0,951.0,Low Income
Bulgaria,2010.0,7590000.0,72.3,8340.0,Upper-Middle Income
Bahrain,2010.0,1210000.0,75.0,22600.0,High Income
Bahamas,2010.0,373000.0,73.2,33700.0,High Income
Bosnia and Herzegovina,2010.0,3810000.0,76.3,5900.0,Upper-Middle Income
Belarus,2010.0,9730000.0,70.6,7310.0,Upper-Middle Income
Belize,2010.0,322000.0,73.6,4610.0,Upper-Middle Income
Bolivia,2010.0,10200000.0,70.3,2120.0,Lower-Middle Income
Brazil,2010.0,196000000.0,73.8,11500.0,Upper-Middle Income
Barbados,2010.0,275000.0,76.2,18500.0,High Income
Brunei,2010.0,396000.0,73.8,39600.0,High Income
Bhutan,2010.0,706000.0,71.0,2430.0,Lower-Middle Income
Botswana,2010.0,2089999.9999999998,57.0,6670.0,Upper-Middle Income
Central African Republic,2010.0,4660000.0,47.8,607.0,Low Income
Canada,2010.0,34000000.0,81.6,52900.0,High Income
Switzerland,2010.0,7820000.0,82.8,95000.0,High Income
Chile,2010.0,17000000.0,78.6,12800.0,Upper-Middle Income
China,2010.0,0.0,74.9,5160.0,Upper-Middle Income
Cote d'Ivoire,2010.0,21100000.0,57.4,1460.0,Lower-Middle Income
Cameroon,2010.0,19900000.0,57.7,1670.0,Lower-Middle Income
"Congo, Dem. Rep.",2010.0,66400000.00000001,58.8,381.0,Low Income
"Congo, Rep.",2010.0,4440000.0,60.9,3270.0,Lower-Middle Income
Colombia,2010.0,44800000.0,77.9,6680.0,Upper-Middle Income
Comoros,2010.0,656000.0,65.9,1640.0,Lower-Middle Income
Cape Verde,2010.0,521000.0,74.4,4040.0,Lower-Middle Income
Costa Rica,2010.0,4620000.0,79.5,8630.0,Upper-Middle Income
Cuba,2010.0,11300000.0,78.5,6670.0,Upper-Middle Income
Cyprus,2010.0,1130000.0,79.5,38100.0,High Income
Czech Republic,2010.0,10500000.0,77.8,23100.0,High Income
Germany,2010.0,81300000.0,80.5,53000.0,High Income
Djibouti,2010.0,919000.0,63.2,2320.0,Lower-Middle Income
Denmark,2010.0,5550000.0,79.5,72800.0,High Income
Dominican Republic,2010.0,9780000.0,73.5,6340.0,Upper-Middle Income
Algeria,2010.0,35900000.0,74.5,5320.0,Upper-Middle Income
Ecuador,2010.0,15000000.0,74.3,5230.0,Upper-Middle Income
Egypt,2010.0,87300000.0,69.4,2820.0,Lower-Middle Income
Eritrea,2010.0,3150000.0,60.0,607.0,Low Income
Spain,2010.0,46600000.0,82.1,37900.0,High Income
Estonia,2010.0,1330000.0,76.3,17500.0,High Income
Ethiopia,2010.0,89200000.0,63.0,452.0,Low Income
Finland,2010.0,5360000.0,80.4,59000.0,High Income
Fiji,2010.0,905000.0,67.6,4340.0,Upper-Middle Income
France,2010.0,62400000.0,81.6,52100.0,High Income
"Micronesia, Fed. Sts.",2010.0,108000.0,64.0,3450.0,Lower-Middle Income
Gabon,2010.0,1710000.0,63.3,9340.0,Upper-Middle Income
United Kingdom,2010.0,62800000.0,80.6,49900.0,High Income
Georgia,2010.0,3840000.0,71.9,3820.0,Lower-Middle Income
Ghana,2010.0,25600000.0,61.8,1480.0,Lower-Middle Income
Guinea,2010.0,10300000.0,57.6,821.0,Low Income
Gambia,2010.0,1940000.0,63.7,1060.0,Low Income
Guinea-Bissau,2010.0,1570000.0,56.2,690.0,Low Income
Equatorial Guinea,2010.0,1090000.0,63.5,11900.0,Upper-Middle Income
Greece,2010.0,11000000.0,80.4,32700.000000000004,High Income
Grenada,2010.0,114000.0,72.5,8250.0,Upper-Middle Income
Guatemala,2010.0,14500000.0,70.3,3250.0,Lower-Middle Income
Guyana,2010.0,748000.0,65.8,5360.0,Upper-Middle Income
"Hong Kong, China",2010.0,7130000.0,82.8,40000.0,High Income
Honduras,2010.0,8450000.0,71.1,2060.0,Lower-Middle Income
Croatia,2010.0,4370000.0,76.8,16900.0,High Income
Haiti,2010.0,9840000.0,32.5,1340.0,Lower-Middle Income
Hungary,2010.0,9990000.0,74.8,15800.0,High Income
Indonesia,2010.0,244000000.0,69.3,3010.0,Lower-Middle Income
India,2010.0,0.0,67.3,1450.0,Lower-Middle Income
Ireland,2010.0,4520000.0,80.8,53200.0,High Income
Iran,2010.0,75400000.0,75.5,7430.0,Upper-Middle Income
Iraq,2010.0,31300000.0,70.6,5450.0,Upper-Middle Income
Iceland,2010.0,318000.0,82.6,43100.0,High Income
Israel,2010.0,7330000.0,81.9,35400.0,High Income
Italy,2010.0,59800000.0,82.1,45000.0,High Income
Jamaica,2010.0,2730000.0,76.3,5220.0,Upper-Middle Income
Jordan,2010.0,6930000.0,76.9,4190.0,Lower-Middle Income
Japan,2010.0,128000000.0,83.3,51600.0,High Income
Kazakhstan,2010.0,16600000.000000002,67.6,8850.0,Upper-Middle Income
Kenya,2010.0,41500000.0,61.2,1090.0,Lower-Middle Income
Kyrgyz Republic,2010.0,5480000.0,69.6,1010.0,Low Income
Cambodia,2010.0,14400000.0,66.9,892.0,Low Income
Kiribati,2010.0,108000.0,58.8,2440.0,Lower-Middle Income
South Korea,2010.0,48800000.0,80.8,26500.0,High Income
Kuwait,2010.0,2940000.0,80.1,50500.0,High Income
Lao,2010.0,6320000.0,64.9,1190.0,Lower-Middle Income
Lebanon,2010.0,5000000.0,75.6,8880.0,Upper-Middle Income
Liberia,2010.0,4019999.9999999995,61.9,547.0,Low Income
Libya,2010.0,6490000.0,76.2,14700.0,High Income
St. Lucia,2010.0,171000.0,75.6,9720.0,Upper-Middle Income
Sri Lanka,2010.0,20700000.0,74.0,2870.0,Lower-Middle Income
Lesotho,2010.0,2020000.0,48.1,1510.0,Lower-Middle Income
Lithuania,2010.0,3140000.0,73.2,14900.0,High Income
Luxembourg,2010.0,507000.0,81.0,92100.0,High Income
Latvia,2010.0,2100000.0,73.3,15000.0,High Income
Morocco,2010.0,32500000.0,71.9,3490.0,Lower-Middle Income
Moldova,2010.0,3680000.0,70.0,2830.0,Lower-Middle Income
Madagascar,2010.0,21700000.0,62.6,559.0,Low Income
Maldives,2010.0,362000.0,77.8,7090.0,Upper-Middle Income
Mexico,2010.0,113000000.0,75.3,10800.0,Upper-Middle Income
North Macedonia,2010.0,2089999.9999999998,73.4,5640.0,Upper-Middle Income
Mali,2010.0,15500000.0,58.4,832.0,Low Income
Malta,2010.0,419000.0,81.1,25400.0,High Income
Myanmar,2010.0,49400000.0,64.8,991.0,Low Income
Montenegro,2010.0,631000.0,74.7,8230.0,Upper-Middle Income
Mongolia,2010.0,2700000.0,65.1,2380.0,Lower-Middle Income
Mozambique,2010.0,23100000.0,53.5,618.0,Low Income
Mauritania,2010.0,3420000.0,68.1,1780.0,Lower-Middle Income
Mauritius,2010.0,1280000.0,74.2,9610.0,Upper-Middle Income
Malawi,2010.0,14700000.0,56.3,535.0,Low Income
Malaysia,2010.0,28700000.0,74.4,9820.0,Upper-Middle Income
Namibia,2010.0,2100000.0,60.9,5350.0,Upper-Middle Income
Niger,2010.0,16600000.000000002,59.0,618.0,Low Income
Nigeria,2010.0,161000000.0,59.6,2560.0,Lower-Middle Income
Nicaragua,2010.0,5860000.0,74.4,1740.0,Lower-Middle Income
Netherlands,2010.0,16600000.000000002,81.0,64099.99999999999,High Income
Norway,2010.0,4890000.0,81.3,105000.0,High Income
Nepal,2010.0,27200000.0,69.0,642.0,Low Income
New Zealand,2010.0,4350000.0,80.9,35300.0,High Income
Oman,2010.0,2880000.0,70.4,20900.0,High Income
Pakistan,2010.0,194000000.0,63.3,1150.0,Lower-Middle Income
Panama,2010.0,3620000.0,78.5,8630.0,Upper-Middle Income
Peru,2010.0,29200000.0,77.3,5250.0,Upper-Middle Income
Philippines,2010.0,94600000.0,70.6,2820.0,Lower-Middle Income
Papua New Guinea,2010.0,7580000.0,62.8,2070.0,Lower-Middle Income
Poland,2010.0,38600000.0,76.5,15200.0,High Income
Portugal,2010.0,10600000.0,80.2,27300.0,High Income
Paraguay,2010.0,5770000.0,75.7,4840.0,Upper-Middle Income
Palestine,2010.0,3990000.0,73.7,2990.0,Lower-Middle Income
Qatar,2010.0,1710000.0,73.4,75700.0,High Income
Romania,2010.0,20300000.0,73.8,10300.0,Upper-Middle Income
Russia,2010.0,143000000.0,68.8,11900.0,Upper-Middle Income
Rwanda,2010.0,10300000.0,64.5,714.0,Low Income
Saudi Arabia,2010.0,29400000.0,71.8,22300.0,High Income
Sudan,2010.0,33700000.0,67.4,1570.0,Lower-Middle Income
Senegal,2010.0,12500000.0,65.7,1580.0,Lower-Middle Income
Singapore,2010.0,5160000.0,82.8,53400.0,High Income
Solomon Islands,2010.0,540000.0,57.4,1750.0,Lower-Middle Income
Sierra Leone,2010.0,6440000.0,56.0,499.0,Low Income
El Salvador,2010.0,6110000.0,75.2,3430.0,Lower-Middle Income
Somalia,2010.0,12000000.0,53.9,339.0,Low Income
Serbia,2010.0,7650000.0,74.1,7400.0,Upper-Middle Income
South Sudan,2010.0,9710000.0,60.6,1020.0,Low Income
Sao Tome and Principe,2010.0,182000.0,69.0,1340.0,Lower-Middle Income
Suriname,2010.0,546000.0,72.3,9060.0,Upper-Middle Income
Slovak Republic,2010.0,5400000.0,75.8,20800.0,High Income
Slovenia,2010.0,2060000.0,79.7,29200.0,High Income
Sweden,2010.0,9380000.0,81.9,65000.0,High Income
Eswatini,2010.0,1100000.0,48.0,4120.0,Lower-Middle Income
Seychelles,2010.0,92400.0,73.2,12200.0,Upper-Middle Income
Syria,2010.0,22300000.0,74.7,12800.0,Upper-Middle Income
Chad,2010.0,11900000.0,56.5,1080.0,Low Income
Togo,2010.0,6570000.0,59.5,666.0,Low Income
Thailand,2010.0,68300000.0,77.0,5450.0,Upper-Middle Income
Tajikistan,2010.0,7620000.0,68.0,1090.0,Lower-Middle Income
Turkmenistan,2010.0,5270000.0,69.5,4840.0,Upper-Middle Income
Timor-Leste,2010.0,1090000.0,70.0,3390.0,Lower-Middle Income
Tonga,2010.0,107000.0,72.2,4010.0,Lower-Middle Income
Trinidad and Tobago,2010.0,1410000.0,73.7,19600.0,High Income
Tunisia,2010.0,10900000.0,76.2,5010.0,Upper-Middle Income
Turkey,2010.0,73200000.0,76.7,12500.0,Upper-Middle Income
Tanzania,2010.0,45100000.0,61.1,856.0,Low Income
Uganda,2010.0,32299999.999999996,59.3,809.0,Low Income
Ukraine,2010.0,45700000.0,70.8,3540.0,Lower-Middle Income
Uruguay,2010.0,3350000.0,76.5,12400.0,Upper-Middle Income
United States,2010.0,311000000.0,78.9,58400.0,High Income
Uzbekistan,2010.0,28600000.0,66.5,1680.0,Lower-Middle Income
St. Vincent and the Grenadines,2010.0,109000.0,73.1,7240.0,Upper-Middle Income
Venezuela,2010.0,28700000.0,75.3,14000.0,High Income
Vietnam,2010.0,87400000.0,73.2,1490.0,Lower-Middle Income
Vanuatu,2010.0,245000.0,64.4,3090.0,Lower-Middle Income
Samoa,2010.0,195000.0,69.6,3840.0,Lower-Middle Income
Yemen,2010.0,24700000.0,67.6,1430.0,Lower-Middle Income
South Africa,2010.0,51800000.0,57.1,8180.0,Upper-Middle Income
Zambia,2010.0,13800000.0,56.5,1590.0,Lower-Middle Income
Zimbabwe,2010.0,12800000.0,52.3,832.0,Low Income
Afghanistan,2011.0,29200000.0,61.0,617.0,Low Income
Angola,2011.0,24300000.0,60.8,3970.0,Lower-Middle Income
Albania,2011.0,2900000.0,78.1,5130.0,Upper-Middle Income
United Arab Emirates,2011.0,8580000.0,71.0,40800.0,High Income
Argentina,2011.0,41500000.0,76.0,12500.0,Upper-Middle Income
Armenia,2011.0,2930000.0,74.2,4110.0,Lower-Middle Income
Antigua and Barbuda,2011.0,86700.0,76.0,14400.0,High Income
Australia,2011.0,22400000.0,82.3,58600.0,High Income
Austria,2011.0,8390000.0,81.0,58900.0,High Income
Azerbaijan,2011.0,9360000.0,69.2,6480.0,Upper-Middle Income
Burundi,2011.0,9460000.0,59.4,268.0,Low Income
Belgium,2011.0,11000000.0,80.4,54000.0,High Income
Benin,2011.0,9730000.0,61.4,1270.0,Lower-Middle Income
Burkina Faso,2011.0,16600000.000000002,58.3,791.0,Low Income
Bangladesh,2011.0,150000000.0,71.1,1040.0,Low Income
Bulgaria,2011.0,7540000.0,72.7,8450.0,Upper-Middle Income
Bahrain,2011.0,1210000.0,75.3,21100.0,High Income
Bahamas,2011.0,378000.0,73.2,32600.0,High Income
Bosnia and Herzegovina,2011.0,3740000.0,76.4,5830.0,Upper-Middle Income
Belarus,2011.0,9710000.0,70.5,7380.0,Upper-Middle Income
Belize,2011.0,330000.0,73.8,4710.0,Upper-Middle Income
Bolivia,2011.0,10400000.0,70.5,2330.0,Lower-Middle Income
Brazil,2011.0,198000000.0,74.0,12900.0,Upper-Middle Income
Barbados,2011.0,275000.0,76.2,17500.0,High Income
Brunei,2011.0,402000.0,73.9,41300.0,High Income
Bhutan,2011.0,713000.0,71.3,2610.0,Lower-Middle Income
Botswana,2011.0,2130000.0,57.8,7690.0,Upper-Middle Income
Central African Republic,2011.0,4730000.0,48.3,617.0,Low Income
Canada,2011.0,34300000.0,81.9,54900.0,High Income
Switzerland,2011.0,7910000.0,83.0,95800.0,High Income
Chile,2011.0,17200000.0,79.0,14400.0,High Income
China,2011.0,0.0,75.3,5870.0,Upper-Middle Income
Cote d'Ivoire,2011.0,21600000.0,57.8,1290.0,Lower-Middle Income
Cameroon,2011.0,20400000.0,58.2,1650.0,Lower-Middle Income
"Congo, Dem. Rep.",2011.0,68700000.0,59.4,396.0,Low Income
"Congo, Rep.",2011.0,4580000.0,61.6,3150.0,Lower-Middle Income
Colombia,2011.0,45300000.0,78.7,7340.0,Upper-Middle Income
Comoros,2011.0,670000.0,65.7,1640.0,Lower-Middle Income
Cape Verde,2011.0,528000.0,74.5,4090.0,Lower-Middle Income
Costa Rica,2011.0,4680000.0,80.2,9420.0,Upper-Middle Income
Cuba,2011.0,11300000.0,79.1,6900.0,Upper-Middle Income
Cyprus,2011.0,1150000.0,79.8,37900.0,High Income
Czech Republic,2011.0,10500000.0,78.0,22600.0,High Income
Germany,2011.0,81400000.0,80.7,55000.0,High Income
Djibouti,2011.0,937000.0,63.6,2380.0,Lower-Middle Income
Denmark,2011.0,5580000.0,79.9,72100.0,High Income
Dominican Republic,2011.0,9900000.0,73.4,6450.0,Upper-Middle Income
Algeria,2011.0,36500000.0,74.7,5350.0,Upper-Middle Income
Ecuador,2011.0,15200000.0,74.9,5680.0,Upper-Middle Income
Egypt,2011.0,89200000.0,69.6,2980.0,Lower-Middle Income
Eritrea,2011.0,3210000.0,60.4,698.0,Low Income
Spain,2011.0,46700000.0,82.3,36000.0,High Income
Estonia,2011.0,1330000.0,76.3,18600.0,High Income
Ethiopia,2011.0,91800000.0,64.0,454.0,Low Income
Finland,2011.0,5390000.0,80.7,58400.0,High Income
Fiji,2011.0,908000.0,67.7,4390.0,Upper-Middle Income
France,2011.0,62800000.0,81.8,51600.0,High Income
"Micronesia, Fed. Sts.",2011.0,108000.0,64.1,3570.0,Lower-Middle Income
Gabon,2011.0,1770000.0,63.7,9450.0,Upper-Middle Income
United Kingdom,2011.0,63300000.0,80.8,48100.0,High Income
Georgia,2011.0,3820000.0,72.2,4100.0,Lower-Middle Income
Ghana,2011.0,26200000.0,62.4,1610.0,Lower-Middle Income
Guinea,2011.0,10500000.0,57.9,791.0,Low Income
Gambia,2011.0,2000000.0,64.2,884.0,Low Income
Guinea-Bissau,2011.0,1610000.0,56.9,745.0,Low Income
Equatorial Guinea,2011.0,1140000.0,63.1,13400.0,High Income
Greece,2011.0,11000000.0,80.5,28500.0,High Income
Grenada,2011.0,115000.0,72.6,8220.0,Upper-Middle Income
Guatemala,2011.0,14800000.0,70.7,3390.0,Lower-Middle Income
Guyana,2011.0,744000.0,65.7,5610.0,Upper-Middle Income
"Hong Kong, China",2011.0,7180000.0,83.0,41500.0,High Income
Honduras,2011.0,8620000.0,71.0,2170.0,Lower-Middle Income
Croatia,2011.0,4350000.0,77.1,16500.0,High Income
Haiti,2011.0,9950000.0,60.0,1440.0,Lower-Middle Income
Hungary,2011.0,9950000.0,75.1,15400.0,High Income
Indonesia,2011.0,247000000.0,69.6,3500.0,Lower-Middle Income
India,2011.0,0.0,67.6,1580.0,Lower-Middle Income
Ireland,2011.0,4540000.0,80.8,49000.0,High Income
Iran,2011.0,76300000.0,75.8,8000.0,Upper-Middle Income
Iraq,2011.0,32400000.0,71.0,5770.0,Upper-Middle Income
Iceland,2011.0,319000.0,82.8,43800.0,High Income
Israel,2011.0,7460000.0,82.0,37000.0,High Income
Italy,2011.0,60000000.0,82.2,44100.0,High Income
Jamaica,2011.0,2750000.0,75.8,5340.0,Upper-Middle Income
Jordan,2011.0,7110000.0,77.2,4210.0,Lower-Middle Income
Japan,2011.0,128000000.0,83.2,54500.0,High Income
Kazakhstan,2011.0,16900000.0,68.1,9640.0,Upper-Middle Income
Kenya,2011.0,42600000.0,62.0,1160.0,Lower-Middle Income
Kyrgyz Republic,2011.0,5550000.0,70.3,1020.0,Low Income
Cambodia,2011.0,14600000.0,67.4,943.0,Low Income
Kiribati,2011.0,110000.0,59.0,2430.0,Lower-Middle Income
South Korea,2011.0,49200000.0,81.2,27500.0,High Income
Kuwait,2011.0,3140000.0,80.9,51000.0,High Income
Lao,2011.0,6420000.0,65.6,1330.0,Lower-Middle Income
Lebanon,2011.0,5050000.0,75.7,8800.0,Upper-Middle Income
Liberia,2011.0,4179999.9999999995,62.4,605.0,Low Income
Libya,2011.0,6190000.0,73.2,5460.0,Upper-Middle Income
St. Lucia,2011.0,172000.0,76.0,10300.0,Upper-Middle Income
Sri Lanka,2011.0,20900000.0,75.3,3320.0,Lower-Middle Income
Lesotho,2011.0,2040000.0,48.2,1580.0,Lower-Middle Income
Lithuania,2011.0,3100000.0,73.7,15500.0,High Income
Luxembourg,2011.0,518000.0,81.3,92000.0,High Income
Latvia,2011.0,2080000.0,73.9,14800.0,High Income
Morocco,2011.0,32900000.0,72.1,3490.0,Lower-Middle Income
Moldova,2011.0,3600000.0,71.7,3180.0,Lower-Middle Income
Madagascar,2011.0,22300000.0,62.9,559.0,Low Income
Maldives,2011.0,374000.0,78.0,7670.0,Upper-Middle Income
Mexico,2011.0,114000000.0,75.5,10800.0,Upper-Middle Income
North Macedonia,2011.0,2100000.0,73.7,5630.0,Upper-Middle Income
Mali,2011.0,16000000.0,58.9,850.0,Low Income
Malta,2011.0,424000.0,81.2,25700.0,High Income
Myanmar,2011.0,49800000.0,65.4,1030.0,Low Income
Montenegro,2011.0,632000.0,74.9,8450.0,Upper-Middle Income
Mongolia,2011.0,2740000.0,65.5,3010.0,Lower-Middle Income
Mozambique,2011.0,23800000.0,53.6,628.0,Low Income
Mauritania,2011.0,3520000.0,68.4,1860.0,Lower-Middle Income
Mauritius,2011.0,1290000.0,74.6,9780.0,Upper-Middle Income
Malawi,2011.0,15100000.0,57.7,570.0,Low Income
Malaysia,2011.0,29200000.0,74.6,10500.0,Upper-Middle Income
Namibia,2011.0,2130000.0,61.9,5970.0,Upper-Middle Income
Niger,2011.0,17300000.0,59.3,605.0,Low Income
Nigeria,2011.0,165000000.0,60.2,2540.0,Lower-Middle Income
Nicaragua,2011.0,5940000.0,74.3,1830.0,Lower-Middle Income
Netherlands,2011.0,16700000.0,81.1,63400.0,High Income
Norway,2011.0,4950000.0,81.3,105000.0,High Income
Nepal,2011.0,27300000.0,69.2,733.0,Low Income
New Zealand,2011.0,4380000.0,80.9,37500.0,High Income
Oman,2011.0,3210000.0,70.8,19800.0,High Income
Pakistan,2011.0,199000000.0,63.6,1200.0,Lower-Middle Income
Panama,2011.0,3690000.0,78.7,9950.0,Upper-Middle Income
Peru,2011.0,29500000.0,77.7,5780.0,Upper-Middle Income
Philippines,2011.0,96300000.0,70.7,2930.0,Lower-Middle Income
Papua New Guinea,2011.0,7810000.0,63.0,2120.0,Lower-Middle Income
Poland,2011.0,38600000.0,76.8,15000.0,High Income
Portugal,2011.0,10600000.0,80.5,26400.0,High Income
Paraguay,2011.0,5840000.0,76.0,5210.0,Upper-Middle Income
Palestine,2011.0,4090000.0,73.7,3350.0,Lower-Middle Income
Qatar,2011.0,1800000.0,73.9,77900.0,High Income
Romania,2011.0,20200000.0,74.6,10100.0,Upper-Middle Income
Russia,2011.0,143000000.0,70.0,12900.0,Upper-Middle Income
Rwanda,2011.0,10600000.0,65.3,756.0,Low Income
Saudi Arabia,2011.0,30200000.0,72.2,24300.0,High Income
Sudan,2011.0,34400000.0,67.6,1580.0,Lower-Middle Income
Senegal,2011.0,12900000.0,66.0,1510.0,Lower-Middle Income
Singapore,2011.0,5280000.0,83.1,56200.0,High Income
Solomon Islands,2011.0,554000.0,57.6,1890.0,Lower-Middle Income
Sierra Leone,2011.0,6610000.0,56.6,500.0,Low Income
El Salvador,2011.0,6140000.0,75.1,3560.0,Lower-Middle Income
Somalia,2011.0,12200000.0,54.3,339.0,Low Income
Serbia,2011.0,7620000.0,74.3,7200.0,Upper-Middle Income
South Sudan,2011.0,10200000.0,60.5,943.0,Low Income
Sao Tome and Principe,2011.0,186000.0,69.3,1370.0,Lower-Middle Income
Suriname,2011.0,552000.0,72.8,9220.0,Upper-Middle Income
Slovak Republic,2011.0,5400000.0,76.0,20300.0,High Income
Slovenia,2011.0,2069999.9999999998,80.0,28600.0,High Income
Sweden,2011.0,9470000.0,82.0,66000.0,High Income
Eswatini,2011.0,1110000.0,49.8,4490.0,Upper-Middle Income
Seychelles,2011.0,93800.0,73.4,12300.0,Upper-Middle Income
Syria,2011.0,22700000.0,72.8,6610.0,Upper-Middle Income
Chad,2011.0,12300000.0,56.9,1040.0,Low Income
Togo,2011.0,6750000.0,60.2,710.0,Low Income
Thailand,2011.0,68700000.0,77.4,5760.0,Upper-Middle Income
Tajikistan,2011.0,7780000.0,68.1,1190.0,Lower-Middle Income
Turkmenistan,2011.0,5360000.0,69.6,5510.0,Upper-Middle Income
Timor-Leste,2011.0,1110000.0,70.2,4340.0,Upper-Middle Income
Tonga,2011.0,108000.0,72.3,4430.0,Upper-Middle Income
Trinidad and Tobago,2011.0,1420000.0,74.5,17400.0,High Income
Tunisia,2011.0,11000000.0,76.2,4810.0,Upper-Middle Income
Turkey,2011.0,74200000.0,76.8,13200.0,Upper-Middle Income
Tanzania,2011.0,46400000.0,61.7,896.0,Low Income
Uganda,2011.0,33299999.999999996,60.4,989.0,Low Income
Ukraine,2011.0,45500000.0,71.5,3620.0,Lower-Middle Income
Uruguay,2011.0,3360000.0,76.4,14000.0,High Income
United States,2011.0,314000000.0,78.9,58900.0,High Income
Uzbekistan,2011.0,29100000.0,66.6,2010.0,Lower-Middle Income
St. Vincent and the Grenadines,2011.0,109000.0,73.2,7130.0,Upper-Middle Income
Venezuela,2011.0,29100000.0,75.4,13900.0,High Income
Vietnam,2011.0,88300000.0,73.3,1590.0,Lower-Middle Income
Vanuatu,2011.0,251000.0,64.5,3260.0,Lower-Middle Income
Samoa,2011.0,196000.0,69.7,4090.0,Lower-Middle Income
Yemen,2011.0,25500000.0,67.8,1260.0,Lower-Middle Income
South Africa,2011.0,52400000.0,58.7,9030.0,Upper-Middle Income
Zambia,2011.0,14300000.0,57.5,1650.0,Lower-Middle Income
Zimbabwe,2011.0,13000000.0,54.4,1230.0,Lower-Middle Income
Afghanistan,2012.0,30500000.0,61.4,714.0,Low Income
Angola,2012.0,25200000.0,61.4,4730.0,Upper-Middle Income
Albania,2012.0,2890000.0,78.2,4940.0,Upper-Middle Income
United Arab Emirates,2012.0,8660000.0,71.2,44400.0,High Income
Argentina,2012.0,42000000.0,76.2,13500.0,High Income
Armenia,2012.0,2910000.0,74.6,4400.0,Upper-Middle Income
Antigua and Barbuda,2012.0,87700.0,76.0,14500.0,High Income
Australia,2012.0,22700000.0,82.6,68300.0,High Income
Austria,2012.0,8430000.0,81.2,56700.0,High Income
Azerbaijan,2012.0,9490000.0,69.5,7340.0,Upper-Middle Income
Burundi,2012.0,9800000.0,60.2,283.0,Low Income
Belgium,2012.0,11000000.0,80.5,53400.0,High Income
Benin,2012.0,10000000.0,61.7,1270.0,Lower-Middle Income
Burkina Faso,2012.0,17100000.0,58.6,827.0,Low Income
Bangladesh,2012.0,152000000.0,72.3,1100.0,Lower-Middle Income
Bulgaria,2012.0,7490000.0,73.0,8490.0,Upper-Middle Income
Bahrain,2012.0,1220000.0,75.7,24900.0,High Income
Bahamas,2012.0,382000.0,73.3,32400.0,High Income
Bosnia and Herzegovina,2012.0,3670000.0,76.7,5660.0,Upper-Middle Income
Belarus,2012.0,9690000.0,72.3,7510.0,Upper-Middle Income
Belize,2012.0,337000.0,74.3,4650.0,Upper-Middle Income
Bolivia,2012.0,10600000.0,70.7,2550.0,Lower-Middle Income
Brazil,2012.0,200000000.0,74.3,13900.0,High Income
Barbados,2012.0,276000.0,76.5,17800.0,High Income
Brunei,2012.0,407000.0,74.0,48000.0,High Income
Bhutan,2012.0,721000.0,71.6,2710.0,Lower-Middle Income
Botswana,2012.0,2180000.0,58.6,8220.0,Upper-Middle Income
Central African Republic,2012.0,4770000.0,48.8,646.0,Low Income
Canada,2012.0,34700000.0,82.0,57900.0,High Income
Switzerland,2012.0,8000000.0,83.1,99500.0,High Income
Chile,2012.0,17300000.0,79.2,16300.0,High Income
China,2012.0,0.0,75.7,6700.0,Upper-Middle Income
Cote d'Ivoire,2012.0,22000000.0,58.8,1410.0,Lower-Middle Income
Cameroon,2012.0,21000000.0,58.8,1610.0,Lower-Middle Income
"Congo, Dem. Rep.",2012.0,71000000.0,60.1,431.0,Low Income
"Congo, Rep.",2012.0,4710000.0,61.9,3970.0,Lower-Middle Income
Colombia,2012.0,45800000.0,79.0,8260.0,Upper-Middle Income
Comoros,2012.0,685000.0,66.3,1610.0,Lower-Middle Income
Cape Verde,2012.0,534000.0,74.6,3900.0,Lower-Middle Income
Costa Rica,2012.0,4740000.0,80.3,10500.0,Upper-Middle Income
Cuba,2012.0,11300000.0,78.8,7120.0,Upper-Middle Income
Cyprus,2012.0,1160000.0,80.1,33600.0,High Income
Czech Republic,2012.0,10500000.0,78.3,22000.0,High Income
Germany,2012.0,81500000.0,80.8,52700.0,High Income
Djibouti,2012.0,954000.0,64.1,2460.0,Lower-Middle Income
Denmark,2012.0,5600000.0,80.3,69900.0,High Income
Dominican Republic,2012.0,10000000.0,72.9,6560.0,Upper-Middle Income
Algeria,2012.0,37300000.0,74.9,5890.0,Upper-Middle Income
Ecuador,2012.0,15500000.0,74.9,6110.0,Upper-Middle Income
Egypt,2012.0,91200000.0,69.7,3220.0,Lower-Middle Income
Eritrea,2012.0,3250000.0,60.9,392.0,Low Income
Spain,2012.0,46800000.0,82.4,33500.0,High Income
Estonia,2012.0,1320000.0,76.5,19100.0,High Income
Ethiopia,2012.0,94500000.0,64.9,465.0,Low Income
Finland,2012.0,5410000.0,80.9,55500.0,High Income
Fiji,2012.0,911000.0,67.7,4690.0,Upper-Middle Income
France,2012.0,63100000.0,82.0,49200.0,High Income
"Micronesia, Fed. Sts.",2012.0,108000.0,64.2,3570.0,Lower-Middle Income
Gabon,2012.0,1840000.0,64.5,10300.0,Upper-Middle Income
United Kingdom,2012.0,63800000.0,80.9,47500.0,High Income
Georgia,2012.0,3800000.0,72.5,4700.0,Upper-Middle Income
Ghana,2012.0,26900000.0,63.0,1730.0,Lower-Middle Income
Guinea,2012.0,10800000.0,58.2,793.0,Low Income
Gambia,2012.0,2060000.0,64.5,861.0,Low Income
Guinea-Bissau,2012.0,1650000.0,57.4,714.0,Low Income
Equatorial Guinea,2012.0,1190000.0,63.4,15700.0,High Income
Greece,2012.0,11000000.0,80.6,26300.0,High Income
Grenada,2012.0,116000.0,73.2,7970.0,Upper-Middle Income
Guatemala,2012.0,15100000.0,71.1,3580.0,Lower-Middle Income
Guyana,2012.0,744000.0,65.7,6000.0,Upper-Middle Income
"Hong Kong, China",2012.0,7230000.0,83.2,41200.0,High Income
Honduras,2012.0,8790000.0,69.3,2210.0,Lower-Middle Income
Croatia,2012.0,4330000.0,77.4,15400.0,High Income
Haiti,2012.0,10100000.0,61.4,1470.0,Lower-Middle Income
Hungary,2012.0,9920000.0,75.4,14800.0,High Income
Indonesia,2012.0,250000000.0,69.8,4060.0,Lower-Middle Income
India,2012.0,0.0,68.0,1680.0,Lower-Middle Income
Ireland,2012.0,4560000.0,81.0,46100.0,High Income
Iran,2012.0,77300000.0,76.0,8080.0,Upper-Middle Income
Iraq,2012.0,33900000.0,71.3,7150.0,Upper-Middle Income
Iceland,2012.0,321000.0,82.9,46100.0,High Income
Israel,2012.0,7590000.0,82.3,36900.0,High Income
Italy,2012.0,60200000.0,82.4,41000.0,High Income
Jamaica,2012.0,2760000.0,77.0,5640.0,Upper-Middle Income
Jordan,2012.0,7210000.0,77.5,4220.0,Lower-Middle Income
Japan,2012.0,128000000.0,83.6,56100.0,High Income
Kazakhstan,2012.0,17100000.0,68.6,11300.0,Upper-Middle Income
Kenya,2012.0,43700000.0,62.6,1190.0,Lower-Middle Income
Kyrgyz Republic,2012.0,5630000.0,70.7,1180.0,Lower-Middle Income
Cambodia,2012.0,14800000.0,67.9,997.0,Low Income
Kiribati,2012.0,112000.0,59.3,2970.0,Lower-Middle Income
South Korea,2012.0,49600000.0,81.5,29100.0,High Income
Kuwait,2012.0,3390000.0,81.0,56300.0,High Income
Lao,2012.0,6510000.0,66.2,1550.0,Lower-Middle Income
Lebanon,2012.0,5180000.0,75.7,8570.0,Upper-Middle Income
Liberia,2012.0,4330000.0,62.9,646.0,Low Income
Libya,2012.0,5870000.0,76.5,13100.0,Upper-Middle Income
St. Lucia,2012.0,173000.0,76.0,10000.0,Upper-Middle Income
Sri Lanka,2012.0,21000000.0,75.5,3810.0,Lower-Middle Income
Lesotho,2012.0,2049999.9999999998,47.9,1700.0,Lower-Middle Income
Lithuania,2012.0,3060000.0,74.0,16000.0,High Income
Luxembourg,2012.0,531000.0,81.5,99600.0,High Income
Latvia,2012.0,2049999.9999999998,74.2,15600.0,High Income
Morocco,2012.0,33400000.0,72.3,3380.0,Lower-Middle Income
Moldova,2012.0,3510000.0,72.0,3560.0,Lower-Middle Income
Madagascar,2012.0,23000000.0,63.2,567.0,Low Income
Maldives,2012.0,388000.0,78.3,7510.0,Upper-Middle Income
Mexico,2012.0,116000000.0,75.7,11400.0,Upper-Middle Income
North Macedonia,2012.0,2100000.0,73.7,5410.0,Upper-Middle Income
Mali,2012.0,16500000.0,59.1,827.0,Low Income
Malta,2012.0,430000.0,81.4,25100.0,High Income
Myanmar,2012.0,50200000.0,66.1,1060.0,Low Income
Montenegro,2012.0,633000.0,75.2,7930.0,Upper-Middle Income
Mongolia,2012.0,2790000.0,66.1,4140.0,Lower-Middle Income
Mozambique,2012.0,24500000.0,53.6,680.0,Low Income
Mauritania,2012.0,3640000.0,68.7,1990.0,Lower-Middle Income
Mauritius,2012.0,1290000.0,74.7,10800.0,Upper-Middle Income
Malawi,2012.0,15600000.0,59.3,521.0,Low Income
Malaysia,2012.0,29700000.0,74.8,11500.0,Upper-Middle Income
Namibia,2012.0,2170000.0,62.9,6490.0,Upper-Middle Income
Niger,2012.0,18000000.0,59.6,623.0,Low Income
Nigeria,2012.0,170000000.0,60.7,2770.0,Lower-Middle Income
Nicaragua,2012.0,6030000.0,74.4,1890.0,Lower-Middle Income
Netherlands,2012.0,16800000.0,81.2,60000.0,High Income
Norway,2012.0,5020000.0,81.6,112000.0,High Income
Nepal,2012.0,27300000.0,69.5,873.0,Low Income
New Zealand,2012.0,4410000.0,81.2,41600.0,High Income
Oman,2012.0,3540000.0,71.5,21900.0,High Income
Pakistan,2012.0,202000000.0,63.8,1270.0,Lower-Middle Income
Panama,2012.0,3750000.0,78.6,10800.0,Upper-Middle Income
Peru,2012.0,29700000.0,78.0,6560.0,Upper-Middle Income
Philippines,2012.0,98000000.0,70.7,3240.0,Lower-Middle Income
Papua New Guinea,2012.0,8029999.999999999,63.1,2570.0,Lower-Middle Income
Poland,2012.0,38600000.0,76.9,14900.0,High Income
Portugal,2012.0,10500000.0,80.8,24000.0,High Income
Paraguay,2012.0,5920000.0,76.2,5380.0,Upper-Middle Income
Palestine,2012.0,4179999.9999999995,73.9,3640.0,Lower-Middle Income
Qatar,2012.0,1910000.0,74.3,82600.0,High Income
Romania,2012.0,20100000.0,74.7,9930.0,Upper-Middle Income
Russia,2012.0,144000000.0,70.5,15300.0,High Income
Rwanda,2012.0,10800000.0,65.8,793.0,Low Income
Saudi Arabia,2012.0,30800000.0,72.6,27200.0,High Income
Sudan,2012.0,35200000.0,68.1,1720.0,Lower-Middle Income
Senegal,2012.0,13200000.0,66.2,1500.0,Lower-Middle Income
Singapore,2012.0,5380000.0,83.3,58600.0,High Income
Solomon Islands,2012.0,568000.0,57.9,2060.0,Lower-Middle Income
Sierra Leone,2012.0,6790000.0,57.4,601.0,Low Income
El Salvador,2012.0,6160000.0,74.5,3640.0,Lower-Middle Income
Somalia,2012.0,12400000.0,55.5,340.0,Low Income
Serbia,2012.0,7590000.0,74.8,6890.0,Upper-Middle Income
South Sudan,2012.0,10700000.0,61.1,963.0,Low Income
Sao Tome and Principe,2012.0,190000.0,69.3,1390.0,Lower-Middle Income
Suriname,2012.0,558000.0,73.1,9690.0,Upper-Middle Income
Slovak Republic,2012.0,5410000.0,76.3,20100.0,High Income
Slovenia,2012.0,2069999.9999999998,80.2,26300.0,High Income
Sweden,2012.0,9560000.0,82.1,67000.0,High Income
Eswatini,2012.0,1110000.0,50.9,4880.0,Upper-Middle Income
Seychelles,2012.0,95300.0,73.4,13100.0,Upper-Middle Income
Syria,2012.0,22600000.0,65.8,3240.0,Lower-Middle Income
Chad,2012.0,12800000.0,57.3,1090.0,Lower-Middle Income
Togo,2012.0,6930000.0,60.8,669.0,Low Income
Thailand,2012.0,69200000.0,77.7,6260.0,Upper-Middle Income
Tajikistan,2012.0,7960000.0,68.3,1300.0,Lower-Middle Income
Turkmenistan,2012.0,5460000.0,69.8,6300.0,Upper-Middle Income
Timor-Leste,2012.0,1140000.0,70.3,4050.0,Lower-Middle Income
Tonga,2012.0,108000.0,72.4,4900.0,Upper-Middle Income
Trinidad and Tobago,2012.0,1430000.0,75.1,19100.0,High Income
Tunisia,2012.0,11200000.0,76.5,4900.0,Upper-Middle Income
Turkey,2012.0,75300000.0,77.0,13600.0,High Income
Tanzania,2012.0,47800000.0,62.7,918.0,Low Income
Uganda,2012.0,34300000.0,61.4,941.0,Low Income
Ukraine,2012.0,45400000.0,71.6,3970.0,Lower-Middle Income
Uruguay,2012.0,3370000.0,76.5,15100.0,High Income
United States,2012.0,317000000.0,79.0,59800.0,High Income
Uzbekistan,2012.0,29500000.0,66.7,2450.0,Lower-Middle Income
St. Vincent and the Grenadines,2012.0,108000.0,73.0,7250.0,Upper-Middle Income
Venezuela,2012.0,29500000.0,75.2,14400.0,High Income
Vietnam,2012.0,89300000.0,73.5,1750.0,Lower-Middle Income
Vanuatu,2012.0,257000.0,64.7,3210.0,Lower-Middle Income
Samoa,2012.0,198000.0,69.6,4150.0,Lower-Middle Income
Yemen,2012.0,26200000.0,67.9,1430.0,Lower-Middle Income
South Africa,2012.0,53100000.0,60.1,9490.0,Upper-Middle Income
Zambia,2012.0,14700000.0,58.5,1920.0,Lower-Middle Income
Zimbabwe,2012.0,13300000.0,56.0,1430.0,Lower-Middle Income
Afghanistan,2013.0,31500000.0,61.9,728.0,Low Income
Angola,2013.0,26100000.0,62.1,5360.0,Upper-Middle Income
Albania,2013.0,2890000.0,78.3,5090.0,Upper-Middle Income
United Arab Emirates,2013.0,8750000.0,71.6,48000.0,High Income
Argentina,2013.0,42400000.0,76.3,14400.0,High Income
Armenia,2013.0,2900000.0,75.1,4610.0,Upper-Middle Income
Antigua and Barbuda,2013.0,88500.0,76.1,14100.0,High Income
Australia,2013.0,23100000.0,82.7,74000.0,High Income
Austria,2013.0,8480000.0,81.3,56800.0,High Income
Azerbaijan,2013.0,9610000.0,69.7,8350.0,Upper-Middle Income
Burundi,2013.0,10100000.0,60.8,291.0,Low Income
Belgium,2013.0,11100000.0,80.7,53700.0,High Income
Benin,2013.0,10300000.0,62.0,1370.0,Lower-Middle Income
Burkina Faso,2013.0,17600000.0,58.9,863.0,Low Income
Bangladesh,2013.0,154000000.0,72.8,1170.0,Lower-Middle Income
Bulgaria,2013.0,7430000.0,73.3,8510.0,Upper-Middle Income
Bahrain,2013.0,1260000.0,76.2,26700.0,High Income
Bahamas,2013.0,386000.0,73.5,30800.0,High Income
Bosnia and Herzegovina,2013.0,3620000.0,76.6,5910.0,Upper-Middle Income
Belarus,2013.0,9690000.0,72.8,7880.0,Upper-Middle Income
Belize,2013.0,345000.0,74.3,4680.0,Upper-Middle Income
Bolivia,2013.0,10700000.0,70.9,2900.0,Lower-Middle Income
Brazil,2013.0,202000000.0,74.5,14300.0,High Income
Barbados,2013.0,277000.0,76.5,17600.0,High Income
Brunei,2013.0,412000.0,73.9,50800.0,High Income
Bhutan,2013.0,729000.0,71.8,2700.0,Lower-Middle Income
Botswana,2013.0,2220000.0,59.4,8480.0,Upper-Middle Income
Central African Republic,2013.0,4800000.0,47.5,426.0,Low Income
Canada,2013.0,35100000.0,82.1,59200.0,High Income
Switzerland,2013.0,8090000.0,83.3,103000.0,High Income
Chile,2013.0,17500000.0,79.3,17000.0,High Income
China,2013.0,0.0,76.1,7550.0,Upper-Middle Income
Cote d'Ivoire,2013.0,22500000.0,59.4,1510.0,Lower-Middle Income
Cameroon,2013.0,21600000.0,59.1,1660.0,Lower-Middle Income
"Congo, Dem. Rep.",2013.0,73500000.0,60.9,459.0,Low Income
"Congo, Rep.",2013.0,4830000.0,62.4,4190.0,Lower-Middle Income
Colombia,2013.0,46200000.0,79.3,8910.0,Upper-Middle Income
Comoros,2013.0,699000.0,66.7,1670.0,Lower-Middle Income
Cape Verde,2013.0,540000.0,74.8,3910.0,Lower-Middle Income
Costa Rica,2013.0,4790000.0,80.4,11100.0,Upper-Middle Income
Cuba,2013.0,11300000.0,78.8,7440.0,Upper-Middle Income
Cyprus,2013.0,1170000.0,80.3,31200.0,High Income
Czech Republic,2013.0,10500000.0,78.5,21800.0,High Income
Germany,2013.0,81700000.0,80.8,52900.0,High Income
Djibouti,2013.0,972000.0,64.5,2540.0,Lower-Middle Income
Denmark,2013.0,5630000.0,80.5,70800.0,High Income
Dominican Republic,2013.0,10200000.0,72.3,6760.0,Upper-Middle Income
Algeria,2013.0,38000000.0,75.1,6190.0,Upper-Middle Income
Ecuador,2013.0,15700000.0,75.2,6510.0,Upper-Middle Income
Egypt,2013.0,93400000.0,70.1,3400.0,Lower-Middle Income
Eritrea,2013.0,3300000.0,61.3,385.0,Low Income
Spain,2013.0,46600000.0,82.7,32700.000000000004,High Income
Estonia,2013.0,1320000.0,77.2,20500.0,High Income
Ethiopia,2013.0,97100000.0,65.6,527.0,Low Income
Finland,2013.0,5440000.0,81.2,55500.0,High Income
Fiji,2013.0,913000.0,67.9,5280.0,Upper-Middle Income
France,2013.0,63300000.0,82.3,49100.0,High Income
"Micronesia, Fed. Sts.",2013.0,109000.0,64.2,3560.0,Lower-Middle Income
Gabon,2013.0,1900000.0,65.3,10500.0,Upper-Middle Income
United Kingdom,2013.0,64300000.0,81.0,48100.0,High Income
Georgia,2013.0,3790000.0,72.9,5080.0,Upper-Middle Income
Ghana,2013.0,27500000.0,63.5,2060.0,Lower-Middle Income
Guinea,2013.0,11100000.0,58.4,784.0,Low Income
Gambia,2013.0,2120000.0,64.8,818.0,Low Income
Guinea-Bissau,2013.0,1700000.0,57.9,717.0,Low Income
Equatorial Guinea,2013.0,1240000.0,64.5,15700.0,High Income
Greece,2013.0,10900000.0,80.9,25100.0,High Income
Grenada,2013.0,117000.0,73.1,8240.0,Upper-Middle Income
Guatemala,2013.0,15400000.0,71.3,3790.0,Lower-Middle Income
Guyana,2013.0,747000.0,66.0,6210.0,Upper-Middle Income
"Hong Kong, China",2013.0,7300000.0,83.4,43200.0,High Income
Honduras,2013.0,8960000.0,69.6,2240.0,Lower-Middle Income
Croatia,2013.0,4310000.0,77.8,15400.0,High Income
Haiti,2013.0,10300000.0,61.6,1560.0,Lower-Middle Income
Hungary,2013.0,9890000.0,75.9,15200.0,High Income
Indonesia,2013.0,253000000.0,70.0,4180.0,Lower-Middle Income
India,2013.0,0.0,68.4,1700.0,Lower-Middle Income
Ireland,2013.0,4590000.0,81.2,48700.0,High Income
Iran,2013.0,78500000.0,76.2,7830.0,Upper-Middle Income
Iraq,2013.0,35500000.0,70.9,7900.0,Upper-Middle Income
Iceland,2013.0,324000.0,83.2,52600.0,High Income
Israel,2013.0,7730000.0,82.5,38900.0,High Income
Italy,2013.0,60300000.0,82.6,39800.0,High Income
Jamaica,2013.0,2770000.0,77.1,5620.0,Upper-Middle Income
Jordan,2013.0,7690000.0,77.9,4290.0,Upper-Middle Income
Japan,2013.0,128000000.0,83.9,54100.0,High Income
Kazakhstan,2013.0,17300000.0,69.4,13300.0,High Income
Kenya,2013.0,44800000.0,63.2,1240.0,Lower-Middle Income
Kyrgyz Republic,2013.0,5720000.0,71.2,1330.0,Lower-Middle Income
Cambodia,2013.0,15000000.0,68.2,1090.0,Lower-Middle Income
Kiribati,2013.0,113000.0,59.5,3340.0,Lower-Middle Income
South Korea,2013.0,50100000.0,81.9,30200.0,High Income
Kuwait,2013.0,3650000.0,81.3,59500.0,High Income
Lao,2013.0,6600000.0,66.7,1800.0,Lower-Middle Income
Lebanon,2013.0,5680000.0,75.8,8560.0,Upper-Middle Income
Liberia,2013.0,4430000.0,63.4,728.0,Low Income
Libya,2013.0,5990000.0,76.7,12000.0,Upper-Middle Income
St. Lucia,2013.0,174000.0,75.7,9850.0,Upper-Middle Income
Sri Lanka,2013.0,21100000.0,76.0,3910.0,Lower-Middle Income
Lesotho,2013.0,2069999.9999999998,47.9,1640.0,Lower-Middle Income
Lithuania,2013.0,3030000.0,74.0,17200.0,High Income
Luxembourg,2013.0,543000.0,81.7,95400.0,High Income
Latvia,2013.0,2029999.9999999998,74.2,16600.0,High Income
Morocco,2013.0,33800000.0,72.1,3460.0,Lower-Middle Income
Moldova,2013.0,3420000.0,72.7,4060.0,Lower-Middle Income
Madagascar,2013.0,23600000.0,63.5,583.0,Low Income
Maldives,2013.0,401000.0,78.5,7620.0,Upper-Middle Income
Mexico,2013.0,117000000.0,75.5,11500.0,Upper-Middle Income
North Macedonia,2013.0,2100000.0,74.0,5640.0,Upper-Middle Income
Mali,2013.0,17000000.0,59.2,874.0,Low Income
Malta,2013.0,438000.0,81.6,26200.0,High Income
Myanmar,2013.0,50600000.0,66.7,1110.0,Lower-Middle Income
Montenegro,2013.0,634000.0,75.1,8220.0,Upper-Middle Income
Mongolia,2013.0,2850000.0,66.6,4850.0,Upper-Middle Income
Mozambique,2013.0,25300000.0,54.0,751.0,Low Income
Mauritania,2013.0,3740000.0,69.0,2070.0,Lower-Middle Income
Mauritius,2013.0,1290000.0,75.1,11800.0,Upper-Middle Income
Malawi,2013.0,16000000.0,60.6,459.0,Low Income
Malaysia,2013.0,30100000.0,75.3,12100.0,Upper-Middle Income
Namibia,2013.0,2200000.0,63.3,6670.0,Upper-Middle Income
Niger,2013.0,18700000.0,60.0,639.0,Low Income
Nigeria,2013.0,175000000.0,61.2,3020.0,Lower-Middle Income
Nicaragua,2013.0,6120000.0,74.5,1950.0,Lower-Middle Income
Netherlands,2013.0,16900000.0,81.4,59300.0,High Income
Norway,2013.0,5080000.0,81.8,117000.0,High Income
Nepal,2013.0,27400000.0,69.7,964.0,Low Income
New Zealand,2013.0,4450000.0,81.5,44700.0,High Income
Oman,2013.0,3820000.0,71.9,22800.0,High Income
Pakistan,2013.0,205000000.0,64.0,1360.0,Lower-Middle Income
Panama,2013.0,3820000.0,78.7,11900.0,Upper-Middle Income
Peru,2013.0,30000000.0,78.4,7200.0,Upper-Middle Income
Philippines,2013.0,99700000.0,70.6,3540.0,Lower-Middle Income
Papua New Guinea,2013.0,8250000.0,63.4,2800.0,Lower-Middle Income
Poland,2013.0,38600000.0,77.2,15000.0,High Income
Portugal,2013.0,10500000.0,81.1,23900.0,High Income
Paraguay,2013.0,6010000.0,76.0,6180.0,Upper-Middle Income
Palestine,2013.0,4280000.0,74.8,3890.0,Lower-Middle Income
Qatar,2013.0,2040000.0,74.7,89000.0,High Income
Romania,2013.0,20100000.0,75.3,10400.0,Upper-Middle Income
Russia,2013.0,144000000.0,70.9,17000.0,High Income
Rwanda,2013.0,11100000.0,66.8,807.0,Low Income
Saudi Arabia,2013.0,31500000.0,72.9,28500.0,High Income
Sudan,2013.0,36000000.0,68.3,1570.0,Lower-Middle Income
Senegal,2013.0,13600000.0,66.5,1500.0,Lower-Middle Income
Singapore,2013.0,5480000.0,83.5,61100.0,High Income
Solomon Islands,2013.0,582000.0,58.0,2420.0,Lower-Middle Income
Sierra Leone,2013.0,6960000.0,58.2,740.0,Low Income
El Salvador,2013.0,6190000.0,74.3,3750.0,Lower-Middle Income
Somalia,2013.0,12900000.0,56.2,342.0,Low Income
Serbia,2013.0,7570000.0,74.9,7240.0,Upper-Middle Income
South Sudan,2013.0,11100000.0,60.8,1300.0,Lower-Middle Income
Sao Tome and Principe,2013.0,194000.0,69.4,1600.0,Lower-Middle Income
Suriname,2013.0,564000.0,73.0,10000.0,Upper-Middle Income
Slovak Republic,2013.0,5410000.0,76.7,20400.0,High Income
Slovenia,2013.0,2069999.9999999998,80.5,26000.0,High Income
Sweden,2013.0,9650000.0,82.3,69300.0,High Income
Eswatini,2013.0,1120000.0,52.1,4950.0,Upper-Middle Income
Seychelles,2013.0,96700.0,73.5,14200.0,High Income
Syria,2013.0,21500000.0,66.4,1510.0,Lower-Middle Income
Chad,2013.0,13200000.0,57.8,1090.0,Lower-Middle Income
Togo,2013.0,7110000.0,61.3,695.0,Low Income
Thailand,2013.0,69600000.0,78.0,6410.0,Upper-Middle Income
Tajikistan,2013.0,8140000.000000001,68.6,1490.0,Lower-Middle Income
Turkmenistan,2013.0,5560000.0,69.8,7300.0,Upper-Middle Income
Timor-Leste,2013.0,1160000.0,70.4,3600.0,Lower-Middle Income
Tonga,2013.0,107000.0,72.5,5090.0,Upper-Middle Income
Trinidad and Tobago,2013.0,1440000.0,74.9,21000.0,High Income
Tunisia,2013.0,11300000.0,76.7,4890.0,Upper-Middle Income
Turkey,2013.0,76600000.0,77.0,14100.0,High Income
Tanzania,2013.0,49300000.0,63.7,997.0,Low Income
Uganda,2013.0,35300000.0,62.4,897.0,Low Income
Ukraine,2013.0,45300000.0,71.8,4260.0,Upper-Middle Income
Uruguay,2013.0,3380000.0,76.8,17200.0,High Income
United States,2013.0,319000000.0,79.1,60500.0,High Income
Uzbekistan,2013.0,30000000.0,67.0,2720.0,Lower-Middle Income
St. Vincent and the Grenadines,2013.0,107000.0,72.5,7350.0,Upper-Middle Income
Venezuela,2013.0,29800000.0,75.5,13400.0,High Income
Vietnam,2013.0,90300000.0,73.6,1930.0,Lower-Middle Income
Vanuatu,2013.0,264000.0,64.8,3320.0,Lower-Middle Income
Samoa,2013.0,200000.0,69.9,4260.0,Upper-Middle Income
Yemen,2013.0,27000000.0,68.4,1610.0,Lower-Middle Income
South Africa,2013.0,53900000.0,61.3,9040.0,Upper-Middle Income
Zambia,2013.0,15200000.0,59.5,1970.0,Lower-Middle Income
Zimbabwe,2013.0,13600000.0,57.2,1480.0,Lower-Middle Income
Afghanistan,2014.0,32700000.000000004,61.9,695.0,Low Income
Angola,2014.0,27100000.0,63.0,5530.0,Upper-Middle Income
Albania,2014.0,2880000.0,78.2,5010.0,Upper-Middle Income
United Arab Emirates,2014.0,8840000.0,73.0,49000.0,High Income
Argentina,2014.0,42800000.0,76.5,13600.0,High Income
Armenia,2014.0,2890000.0,75.2,4570.0,Upper-Middle Income
Antigua and Barbuda,2014.0,89200.0,76.0,14100.0,High Income
Australia,2014.0,23500000.0,82.7,71900.0,High Income
Austria,2014.0,8550000.0,81.5,55600.0,High Income
Azerbaijan,2014.0,9740000.0,69.9,8540.0,Upper-Middle Income
Burundi,2014.0,10500000.0,61.4,287.0,Low Income
Belgium,2014.0,11200000.0,81.0,52700.0,High Income
Benin,2014.0,10600000.0,62.3,1400.0,Lower-Middle Income
Burkina Faso,2014.0,18200000.0,59.4,839.0,Low Income
Bangladesh,2014.0,156000000.0,73.0,1230.0,Lower-Middle Income
Bulgaria,2014.0,7370000.0,73.0,8500.0,Upper-Middle Income
Bahrain,2014.0,1310000.0,76.6,26600.0,High Income
Bahamas,2014.0,389000.0,73.6,31000.0,High Income
Bosnia and Herzegovina,2014.0,3570000.0,76.7,5850.0,Upper-Middle Income
Belarus,2014.0,9690000.0,73.1,8410.0,Upper-Middle Income
Belize,2014.0,352000.0,74.3,4700.0,Upper-Middle Income
Bolivia,2014.0,10900000.0,71.1,3120.0,Lower-Middle Income
Brazil,2014.0,203000000.0,74.8,13400.0,High Income
Barbados,2014.0,277000.0,76.5,17200.0,High Income
Brunei,2014.0,417000.0,74.0,47500.0,High Income
Bhutan,2014.0,736000.0,72.1,2720.0,Lower-Middle Income
Botswana,2014.0,2260000.0,60.1,8500.0,Upper-Middle Income
Central African Republic,2014.0,4800000.0,47.5,430.0,Low Income
Canada,2014.0,35400000.0,82.2,57600.0,High Income
Switzerland,2014.0,8189999.999999999,83.5,98600.0,High Income
Chile,2014.0,17700000.0,79.5,16500.0,High Income
China,2014.0,0.0,76.4,8240.0,Upper-Middle Income
Cote d'Ivoire,2014.0,23000000.0,60.2,1980.0,Lower-Middle Income
Cameroon,2014.0,22300000.0,59.5,1700.0,Lower-Middle Income
"Congo, Dem. Rep.",2014.0,76000000.0,61.8,486.0,Low Income
"Congo, Rep.",2014.0,4940000.0,62.9,4400.0,Upper-Middle Income
Colombia,2014.0,46700000.0,79.7,9050.0,Upper-Middle Income
Comoros,2014.0,715000.0,67.2,1640.0,Lower-Middle Income
Cape Verde,2014.0,546000.0,75.0,3710.0,Lower-Middle Income
Costa Rica,2014.0,4840000.0,80.5,11400.0,Upper-Middle Income
Cuba,2014.0,11300000.0,78.7,7550.0,Upper-Middle Income
Cyprus,2014.0,1180000.0,80.4,29300.0,High Income
Czech Republic,2014.0,10500000.0,79.0,20900.0,High Income
Germany,2014.0,81900000.0,81.0,52500.0,High Income
Djibouti,2014.0,989000.0,64.9,2670.0,Lower-Middle Income
Denmark,2014.0,5650000.0,80.8,70300.0,High Income
Dominican Republic,2014.0,10300000.0,72.2,6990.0,Upper-Middle Income
Algeria,2014.0,38800000.0,75.3,6060.0,Upper-Middle Income
Ecuador,2014.0,16000000.0,75.6,6740.0,Upper-Middle Income
Egypt,2014.0,95600000.0,70.3,3560.0,Lower-Middle Income
Eritrea,2014.0,3320000.0,61.8,398.0,Low Income
Spain,2014.0,46500000.0,82.8,32100.0,High Income
Estonia,2014.0,1310000.0,77.3,21000.0,High Income
Ethiopia,2014.0,99700000.0,66.3,607.0,Low Income
Finland,2014.0,5460000.0,81.4,54500.0,High Income
Fiji,2014.0,916000.0,68.0,5540.0,Upper-Middle Income
France,2014.0,63600000.0,82.6,47800.0,High Income
"Micronesia, Fed. Sts.",2014.0,109000.0,64.2,3480.0,Lower-Middle Income
Gabon,2014.0,1970000.0,65.9,10300.0,Upper-Middle Income
United Kingdom,2014.0,64800000.0,81.1,49300.0,High Income
Georgia,2014.0,3770000.0,73.2,5230.0,Upper-Middle Income
Ghana,2014.0,28200000.0,63.9,2080.0,Lower-Middle Income
Guinea,2014.0,11300000.0,57.9,817.0,Low Income
Gambia,2014.0,2190000.0,65.0,717.0,Low Income
Guinea-Bissau,2014.0,1740000.0,58.3,706.0,Low Income
Equatorial Guinea,2014.0,1300000.0,65.0,14600.0,High Income
Greece,2014.0,10900000.0,81.0,24300.0,High Income
Grenada,2014.0,118000.0,73.0,8300.0,Upper-Middle Income
Guatemala,2014.0,15700000.0,71.6,3920.0,Lower-Middle Income
Guyana,2014.0,751000.0,66.0,6150.0,Upper-Middle Income
"Hong Kong, China",2014.0,7350000.0,83.6,44400.0,High Income
Honduras,2014.0,9130000.0,69.9,2200.0,Lower-Middle Income
Croatia,2014.0,4280000.0,77.9,14800.0,High Income
Haiti,2014.0,10400000.0,61.9,1580.0,Lower-Middle Income
Hungary,2014.0,9870000.0,76.0,15000.0,High Income
Indonesia,2014.0,256000000.0,70.2,4000.0,Lower-Middle Income
India,2014.0,0.0,69.0,1720.0,Lower-Middle Income
Ireland,2014.0,4620000.0,81.5,51200.0,High Income
Iran,2014.0,80000000.0,76.5,7170.0,Upper-Middle Income
Iraq,2014.0,36700000.0,69.9,7450.0,Upper-Middle Income
Iceland,2014.0,328000.0,83.7,53100.0,High Income
Israel,2014.0,7860000.0,82.0,40100.0,High Income
Italy,2014.0,60300000.0,82.8,38500.0,High Income
Jamaica,2014.0,2780000.0,76.3,5420.0,Upper-Middle Income
Jordan,2014.0,8660000.0,78.1,4330.0,Upper-Middle Income
Japan,2014.0,127000000.0,84.1,48500.0,High Income
Kazakhstan,2014.0,17600000.0,70.1,13300.0,High Income
Kenya,2014.0,45800000.0,63.8,1360.0,Lower-Middle Income
Kyrgyz Republic,2014.0,5810000.0,71.6,1380.0,Lower-Middle Income
Cambodia,2014.0,15200000.0,68.6,1130.0,Lower-Middle Income
Kiribati,2014.0,115000.0,59.7,3550.0,Lower-Middle Income
South Korea,2014.0,50600000.0,82.3,31100.0,High Income
Kuwait,2014.0,3760000.0,81.6,56300.0,High Income
Lao,2014.0,6690000.0,67.2,2020.0,Lower-Middle Income
Lebanon,2014.0,6270000.0,75.8,8330.0,Upper-Middle Income
Liberia,2014.0,4520000.0,59.9,717.0,Low Income
Libya,2014.0,6100000.0,74.3,8400.0,Upper-Middle Income
St. Lucia,2014.0,175000.0,75.6,9760.0,Upper-Middle Income
Sri Lanka,2014.0,21200000.0,76.1,4020.0,Lower-Middle Income
Lesotho,2014.0,2100000.0,47.9,1490.0,Lower-Middle Income
Lithuania,2014.0,2990000.0,74.6,17700.0,High Income
Luxembourg,2014.0,556000.0,82.0,95700.0,High Income
Latvia,2014.0,2009999.9999999998,74.7,16900.0,High Income
Morocco,2014.0,34200000.0,72.3,3380.0,Lower-Middle Income
Moldova,2014.0,3340000.0,72.3,4130.0,Lower-Middle Income
Madagascar,2014.0,24200000.0,63.8,574.0,Low Income
Maldives,2014.0,417000.0,78.7,8080.0,Upper-Middle Income
Mexico,2014.0,119000000.0,75.6,11600.0,Upper-Middle Income
North Macedonia,2014.0,2110000.0,74.0,5760.0,Upper-Middle Income
Mali,2014.0,17600000.0,59.5,894.0,Low Income
Malta,2014.0,446000.0,81.8,27100.0,High Income
Myanmar,2014.0,51100000.0,67.3,1150.0,Lower-Middle Income
Montenegro,2014.0,634000.0,75.2,8080.0,Upper-Middle Income
Mongolia,2014.0,2900000.0,67.2,4650.0,Upper-Middle Income
Mozambique,2014.0,26000000.0,54.9,761.0,Low Income
Mauritania,2014.0,3840000.0,69.3,1930.0,Lower-Middle Income
Mauritius,2014.0,1290000.0,75.0,11900.0,Upper-Middle Income
Malawi,2014.0,16500000.0,61.5,408.0,Low Income
Malaysia,2014.0,30600000.0,75.1,12300.0,Upper-Middle Income
Namibia,2014.0,2240000.0,63.3,6390.0,Upper-Middle Income
Niger,2014.0,19400000.0,60.4,651.0,Low Income
Nigeria,2014.0,179000000.0,61.6,3240.0,Lower-Middle Income
Nicaragua,2014.0,6210000.0,74.5,2020.0,Lower-Middle Income
Netherlands,2014.0,17000000.0,81.6,57400.0,High Income
Norway,2014.0,5140000.0,82.2,115000.0,High Income
Nepal,2014.0,27500000.0,69.9,971.0,Low Income
New Zealand,2014.0,4510000.0,81.5,46000.0,High Income
Oman,2014.0,4010000.0,72.3,21000.0,High Income
Pakistan,2014.0,208000000.0,64.2,1360.0,Lower-Middle Income
Panama,2014.0,3890000.0,78.9,12300.0,Upper-Middle Income
Peru,2014.0,30400000.0,78.9,7210.0,Upper-Middle Income
Philippines,2014.0,101000000.0,71.0,3680.0,Lower-Middle Income
Papua New Guinea,2014.0,8460000.0,63.7,3300.0,Lower-Middle Income
Poland,2014.0,38600000.0,77.6,15000.0,High Income
Portugal,2014.0,10400000.0,81.3,23400.0,High Income
Paraguay,2014.0,6090000.0,76.4,6410.0,Upper-Middle Income
Palestine,2014.0,4380000.0,74.5,3930.0,Lower-Middle Income
Qatar,2014.0,2210000.0,74.9,89300.0,High Income
Romania,2014.0,20000000.0,75.0,10700.0,Upper-Middle Income
Russia,2014.0,144000000.0,71.0,16100.000000000002,High Income
Rwanda,2014.0,11400000.0,67.2,817.0,Low Income
Saudi Arabia,2014.0,32100000.0,73.2,28200.0,High Income
Sudan,2014.0,37000000.0,68.7,1640.0,Lower-Middle Income
Senegal,2014.0,14000000.0,66.8,1510.0,Lower-Middle Income
Singapore,2014.0,5570000.0,83.8,62200.0,High Income
Solomon Islands,2014.0,597000.0,58.1,2420.0,Lower-Middle Income
Sierra Leone,2014.0,7140000.0,57.1,772.0,Low Income
El Salvador,2014.0,6210000.0,73.5,3750.0,Lower-Middle Income
Somalia,2014.0,13300000.0,56.6,343.0,Low Income
Serbia,2014.0,7540000.0,75.0,6890.0,Upper-Middle Income
South Sudan,2014.0,11200000.0,60.9,1380.0,Lower-Middle Income
Sao Tome and Principe,2014.0,197000.0,69.8,1800.0,Lower-Middle Income
Suriname,2014.0,570000.0,72.7,10200.0,Upper-Middle Income
Slovak Republic,2014.0,5420000.0,76.9,20200.0,High Income
Slovenia,2014.0,2069999.9999999998,81.3,26100.0,High Income
Sweden,2014.0,9750000.0,82.5,68300.0,High Income
Eswatini,2014.0,1130000.0,53.5,4560.0,Upper-Middle Income
Seychelles,2014.0,98000.0,73.5,14700.0,High Income
Syria,2014.0,20100000.0,63.6,1250.0,Lower-Middle Income
Chad,2014.0,13700000.0,58.3,1080.0,Low Income
Togo,2014.0,7290000.0,61.8,706.0,Low Income
Thailand,2014.0,70000000.0,78.1,6360.0,Upper-Middle Income
Tajikistan,2014.0,8330000.0,68.6,1490.0,Lower-Middle Income
Turkmenistan,2014.0,5660000.0,69.9,7950.0,Upper-Middle Income
Timor-Leste,2014.0,1180000.0,70.3,2990.0,Lower-Middle Income
Tonga,2014.0,107000.0,72.5,5080.0,Upper-Middle Income
Trinidad and Tobago,2014.0,1450000.0,74.9,20500.0,High Income
Tunisia,2014.0,11400000.0,76.8,4830.0,Upper-Middle Income
Turkey,2014.0,78100000.0,77.1,13900.0,High Income
Tanzania,2014.0,50800000.0,64.5,1070.0,Low Income
Uganda,2014.0,36300000.0,63.2,905.0,Low Income
Ukraine,2014.0,45100000.0,71.7,3930.0,Lower-Middle Income
Uruguay,2014.0,3390000.0,77.1,17400.0,High Income
United States,2014.0,322000000.0,79.1,61600.0,High Income
Uzbekistan,2014.0,30400000.0,67.2,2870.0,Lower-Middle Income
St. Vincent and the Grenadines,2014.0,107000.0,72.6,7050.0,Upper-Middle Income
Venezuela,2014.0,30200000.0,75.6,14400.0,High Income
Vietnam,2014.0,91200000.0,73.7,2080.0,Lower-Middle Income
Vanuatu,2014.0,270000.0,64.8,3310.0,Lower-Middle Income
Samoa,2014.0,202000.0,70.0,4220.0,Lower-Middle Income
Yemen,2014.0,27800000.0,68.5,1610.0,Lower-Middle Income
South Africa,2014.0,54700000.0,61.8,8130.0,Upper-Middle Income
Zambia,2014.0,15700000.0,60.2,1990.0,Lower-Middle Income
Zimbabwe,2014.0,13900000.0,58.0,1510.0,Lower-Middle Income
Afghanistan,2015.0,33800000.0,61.9,655.0,Low Income
Angola,2015.0,28100000.0,63.5,5020.0,Upper-Middle Income
Albania,2015.0,2880000.0,78.1,4880.0,Upper-Middle Income
United Arab Emirates,2015.0,8920000.0,73.2,47600.0,High Income
Argentina,2015.0,43300000.0,76.5,14000.0,High Income
Armenia,2015.0,2880000.0,75.1,4450.0,Upper-Middle Income
Antigua and Barbuda,2015.0,89900.0,76.0,14300.0,High Income
Australia,2015.0,23800000.0,82.7,67200.0,High Income
Austria,2015.0,8640000.0,81.6,52700.0,High Income
Azerbaijan,2015.0,9860000.0,70.2,7340.0,Upper-Middle Income
Burundi,2015.0,10700000.0,61.8,289.0,Low Income
Belgium,2015.0,11200000.0,81.1,50600.0,High Income
Benin,2015.0,10900000.0,62.6,1310.0,Lower-Middle Income
Burkina Faso,2015.0,18700000.0,59.9,777.0,Low Income
Bangladesh,2015.0,158000000.0,73.6,1360.0,Lower-Middle Income
Bulgaria,2015.0,7310000.0,73.2,8250.0,Upper-Middle Income
Bahrain,2015.0,1360000.0,76.8,25100.0,High Income
Bahamas,2015.0,393000.0,73.3,31800.0,High Income
Bosnia and Herzegovina,2015.0,3520000.0,76.5,5790.0,Upper-Middle Income
Belarus,2015.0,9700000.0,73.7,7500.0,Upper-Middle Income
Belize,2015.0,360000.0,74.2,4890.0,Upper-Middle Income
Bolivia,2015.0,11100000.0,71.3,3290.0,Lower-Middle Income
Brazil,2015.0,205000000.0,75.0,11300.0,Upper-Middle Income
Barbados,2015.0,278000.0,76.5,17500.0,High Income
Brunei,2015.0,421000.0,74.0,43100.0,High Income
Bhutan,2015.0,743000.0,72.3,2800.0,Lower-Middle Income
Botswana,2015.0,2310000.0,60.6,7530.0,Upper-Middle Income
Central African Republic,2015.0,4820000.0,49.7,444.0,Low Income
Canada,2015.0,35700000.0,82.3,52900.0,High Income
Switzerland,2015.0,8279999.999999999,83.6,97700.0,High Income
Chile,2015.0,17900000.0,79.6,15700.0,High Income
China,2015.0,0.0,76.8,8760.0,Upper-Middle Income
Cote d'Ivoire,2015.0,23600000.0,61.1,2030.0,Lower-Middle Income
Cameroon,2015.0,23000000.0,60.0,1670.0,Lower-Middle Income
"Congo, Dem. Rep.",2015.0,78700000.0,62.6,511.0,Low Income
"Congo, Rep.",2015.0,5060000.0,63.5,3430.0,Lower-Middle Income
Colombia,2015.0,47100000.0,79.7,8140.0,Upper-Middle Income
Comoros,2015.0,730000.0,67.5,1530.0,Lower-Middle Income
Cape Verde,2015.0,552000.0,74.9,3570.0,Lower-Middle Income
Costa Rica,2015.0,4900000.0,80.2,11900.0,Upper-Middle Income
Cuba,2015.0,11300000.0,78.4,8030.0,Upper-Middle Income
Cyprus,2015.0,1190000.0,80.5,28900.0,High Income
Czech Republic,2015.0,10500000.0,79.0,20400.0,High Income
Germany,2015.0,82100000.0,80.9,50800.0,High Income
Djibouti,2015.0,1010000.0,65.3,2830.0,Lower-Middle Income
Denmark,2015.0,5680000.0,81.0,67200.0,High Income
Dominican Republic,2015.0,10400000.0,72.0,7310.0,Upper-Middle Income
Algeria,2015.0,39500000.0,75.4,5390.0,Upper-Middle Income
Ecuador,2015.0,16200000.0,75.9,6630.0,Upper-Middle Income
Egypt,2015.0,97700000.0,69.9,3710.0,Lower-Middle Income
Eritrea,2015.0,3340000.0,62.2,413.0,Low Income
Spain,2015.0,46400000.0,82.8,31600.0,High Income
Estonia,2015.0,1310000.0,77.8,20800.0,High Income
Ethiopia,2015.0,102000000.0,66.8,666.0,Low Income
Finland,2015.0,5480000.0,81.7,52400.0,High Income
Fiji,2015.0,917000.0,68.0,5660.0,Upper-Middle Income
France,2015.0,63800000.0,82.5,45600.0,High Income
"Micronesia, Fed. Sts.",2015.0,109000.0,64.0,3880.0,Lower-Middle Income
Gabon,2015.0,2029999.9999999998,66.3,8850.0,Upper-Middle Income
United Kingdom,2015.0,65200000.0,81.0,49700.0,High Income
Georgia,2015.0,3770000.0,73.3,4900.0,Upper-Middle Income
Ghana,2015.0,28900000.0,64.2,2160.0,Lower-Middle Income
Guinea,2015.0,11600000.0,58.5,844.0,Low Income
Gambia,2015.0,2250000.0,65.4,689.0,Low Income
Guinea-Bissau,2015.0,1790000.0,58.8,711.0,Low Income
Equatorial Guinea,2015.0,1350000.0,64.8,12100.0,Upper-Middle Income
Greece,2015.0,10800000.0,80.9,22400.0,High Income
Grenada,2015.0,119000.0,73.1,8610.0,Upper-Middle Income
Guatemala,2015.0,16000000.0,71.8,4110.0,Lower-Middle Income
Guyana,2015.0,755000.0,66.4,6080.0,Upper-Middle Income
"Hong Kong, China",2015.0,7400000.0,83.7,45700.0,High Income
Honduras,2015.0,9290000.0,69.9,2270.0,Lower-Middle Income
Croatia,2015.0,4250000.0,77.7,14600.0,High Income
Haiti,2015.0,10600000.0,62.2,1570.0,Lower-Middle Income
Hungary,2015.0,9840000.0,75.9,14700.0,High Income
Indonesia,2015.0,259000000.0,70.4,3810.0,Lower-Middle Income
India,2015.0,0.0,69.4,1780.0,Lower-Middle Income
Ireland,2015.0,4670000.0,81.7,55900.0,High Income
Iran,2015.0,81800000.0,76.7,5960.0,Upper-Middle Income
Iraq,2015.0,37800000.0,70.7,6440.0,Upper-Middle Income
Iceland,2015.0,331000.0,83.7,55500.0,High Income
Israel,2015.0,8010000.0,82.7,40200.0,High Income
Italy,2015.0,60200000.0,82.7,36600.0,High Income
Jamaica,2015.0,2790000.0,76.1,5220.0,Upper-Middle Income
Jordan,2015.0,9490000.0,78.2,4390.0,Upper-Middle Income
Japan,2015.0,127000000.0,84.3,43100.0,High Income
Kazakhstan,2015.0,17800000.0,70.6,12600.0,Upper-Middle Income
Kenya,2015.0,46900000.0,64.4,1440.0,Lower-Middle Income
Kyrgyz Republic,2015.0,5910000.0,71.9,1310.0,Lower-Middle Income
Cambodia,2015.0,15400000.0,68.9,1180.0,Lower-Middle Income
Kiribati,2015.0,117000.0,59.9,3850.0,Lower-Middle Income
South Korea,2015.0,51000000.0,82.6,31900.0,High Income
Kuwait,2015.0,3910000.0,81.5,46400.0,High Income
Lao,2015.0,6790000.0,67.6,2200.0,Lower-Middle Income
Lebanon,2015.0,6400000.0,75.9,8110.0,Upper-Middle Income
Liberia,2015.0,4610000.0,62.5,722.0,Low Income
Libya,2015.0,6190000.0,74.6,6320.0,Upper-Middle Income
St. Lucia,2015.0,176000.0,75.6,9710.0,Upper-Middle Income
Sri Lanka,2015.0,21300000.0,76.4,4180.0,Lower-Middle Income
Lesotho,2015.0,2120000.0,48.5,1460.0,Lower-Middle Income
Lithuania,2015.0,2960000.0,74.7,16900.0,High Income
Luxembourg,2015.0,569000.0,82.3,81600.0,High Income
Latvia,2015.0,1990000.0,75.1,16800.0,High Income
Morocco,2015.0,34700000.0,72.5,3350.0,Lower-Middle Income
Moldova,2015.0,3280000.0,72.1,3670.0,Lower-Middle Income
Madagascar,2015.0,24900000.0,64.2,544.0,Low Income
Maldives,2015.0,436000.0,78.9,8500.0,Upper-Middle Income
Mexico,2015.0,120000000.0,75.7,11300.0,Upper-Middle Income
North Macedonia,2015.0,2110000.0,74.0,5700.0,Upper-Middle Income
Mali,2015.0,18100000.0,59.9,888.0,Low Income
Malta,2015.0,457000.0,82.2,28000.0,High Income
Myanmar,2015.0,51500000.0,67.7,1300.0,Lower-Middle Income
Montenegro,2015.0,634000.0,75.3,8050.0,Upper-Middle Income
Mongolia,2015.0,2960000.0,67.7,4220.0,Lower-Middle Income
Mozambique,2015.0,26800000.0,55.8,711.0,Low Income
Mauritania,2015.0,3950000.0,69.6,1820.0,Lower-Middle Income
Mauritius,2015.0,1290000.0,75.2,11900.0,Upper-Middle Income
Malawi,2015.0,16900000.0,62.0,389.0,Low Income
Malaysia,2015.0,31100000.0,75.0,11900.0,Upper-Middle Income
Namibia,2015.0,2280000.0,63.5,5900.0,Upper-Middle Income
Niger,2015.0,20100000.0,60.6,622.0,Low Income
Nigeria,2015.0,184000000.0,62.1,3130.0,Lower-Middle Income
Nicaragua,2015.0,6300000.0,74.9,2100.0,Lower-Middle Income
Netherlands,2015.0,17000000.0,81.7,55300.0,High Income
Norway,2015.0,5190000.0,82.4,103000.0,High Income
Nepal,2015.0,27600000.0,69.3,988.0,Low Income
New Zealand,2015.0,4590000.0,81.7,45100.0,High Income
Oman,2015.0,4190000.0000000005,72.4,19400.0,High Income
Pakistan,2015.0,211000000.0,64.4,1400.0,Lower-Middle Income
Panama,2015.0,3960000.0,79.3,13500.0,High Income
Peru,2015.0,30700000.0,79.4,7040.0,Upper-Middle Income
Philippines,2015.0,103000000.0,70.9,3750.0,Lower-Middle Income
Papua New Guinea,2015.0,8680000.0,63.9,3180.0,Lower-Middle Income
Poland,2015.0,38600000.0,77.6,14800.0,High Income
Portugal,2015.0,10400000.0,81.5,22700.0,High Income
Paraguay,2015.0,6180000.0,76.5,6260.0,Upper-Middle Income
Palestine,2015.0,4480000.0,74.3,4080.0,Lower-Middle Income
Qatar,2015.0,2410000.0,75.5,81600.0,High Income
Romania,2015.0,19900000.0,75.3,10700.0,Upper-Middle Income
Russia,2015.0,145000000.0,71.5,13100.0,Upper-Middle Income
Rwanda,2015.0,11600000.0,67.4,833.0,Low Income
Saudi Arabia,2015.0,32700000.000000004,73.3,26300.0,High Income
Sudan,2015.0,38200000.0,69.0,1710.0,Lower-Middle Income
Senegal,2015.0,14400000.0,67.0,1470.0,Lower-Middle Income
Singapore,2015.0,5650000.0,84.1,59000.0,High Income
Solomon Islands,2015.0,613000.0,58.4,2370.0,Lower-Middle Income
Sierra Leone,2015.0,7310000.0,58.7,611.0,Low Income
El Salvador,2015.0,6230000.0,73.4,3820.0,Lower-Middle Income
Somalia,2015.0,13800000.0,57.0,344.0,Low Income
Serbia,2015.0,7520000.0,75.1,6620.0,Upper-Middle Income
South Sudan,2015.0,11200000.0,61.6,1210.0,Lower-Middle Income
Sao Tome and Principe,2015.0,201000.0,70.0,1830.0,Lower-Middle Income
Suriname,2015.0,575000.0,72.5,9870.0,Upper-Middle Income
Slovak Republic,2015.0,5420000.0,76.8,19600.0,High Income
Slovenia,2015.0,2080000.0,81.0,24700.0,High Income
Sweden,2015.0,9850000.0,82.5,64900.00000000001,High Income
Eswatini,2015.0,1130000.0,54.9,4220.0,Lower-Middle Income
Seychelles,2015.0,99200.0,73.4,15600.0,High Income
Syria,2015.0,19200000.0,65.5,1060.0,Low Income
Chad,2015.0,14100000.0,58.8,977.0,Low Income
Togo,2015.0,7470000.0,62.4,711.0,Low Income
Thailand,2015.0,70300000.0,78.2,6340.0,Upper-Middle Income
Tajikistan,2015.0,8520000.0,68.6,1400.0,Lower-Middle Income
Turkmenistan,2015.0,5770000.0,70.0,7810.0,Upper-Middle Income
Timor-Leste,2015.0,1210000.0,70.3,2440.0,Lower-Middle Income
Tonga,2015.0,106000.0,72.6,4930.0,Upper-Middle Income
Trinidad and Tobago,2015.0,1460000.0,74.9,21000.0,High Income
Tunisia,2015.0,11600000.0,77.0,4650.0,Upper-Middle Income
Turkey,2015.0,79600000.0,77.4,13400.0,High Income
Tanzania,2015.0,52500000.0,65.1,1090.0,Lower-Middle Income
Uganda,2015.0,37500000.0,63.9,922.0,Low Income
Ukraine,2015.0,45000000.0,72.5,2940.0,Lower-Middle Income
Uruguay,2015.0,3400000.0,77.1,17300.0,High Income
United States,2015.0,325000000.0,79.0,62900.0,High Income
Uzbekistan,2015.0,30900000.0,67.3,3040.0,Lower-Middle Income
St. Vincent and the Grenadines,2015.0,106000.0,72.6,7290.0,Upper-Middle Income
Venezuela,2015.0,30500000.0,75.7,13400.0,High Income
Vietnam,2015.0,92200000.0,73.9,2170.0,Lower-Middle Income
Vanuatu,2015.0,276000.0,65.0,3130.0,Lower-Middle Income
Samoa,2015.0,204000.0,70.1,4400.0,Upper-Middle Income
Yemen,2015.0,28500000.0,68.2,1330.0,Lower-Middle Income
South Africa,2015.0,55900000.0,62.3,7340.0,Upper-Middle Income
Zambia,2015.0,16200000.0,60.8,1760.0,Lower-Middle Income
Zimbabwe,2015.0,14200000.0,58.6,1540.0,Lower-Middle Income
Afghanistan,2016.0,34600000.0,62.0,611.0,Low Income
Angola,2016.0,29200000.0,63.9,4190.0,Lower-Middle Income
Albania,2016.0,2880000.0,78.2,4800.0,Upper-Middle Income
United Arab Emirates,2016.0,8990000.0,73.4,45100.0,High Income
Argentina,2016.0,43700000.0,76.2,13600.0,High Income
Armenia,2016.0,2870000.0,75.3,4180.0,Lower-Middle Income
Antigua and Barbuda,2016.0,90600.0,76.0,15100.0,High Income
Australia,2016.0,24200000.0,83.0,60100.0,High Income
Austria,2016.0,8740000.0,81.8,51300.0,High Income
Azerbaijan,2016.0,9980000.0,70.3,5320.0,Upper-Middle Income
Burundi,2016.0,10900000.0,62.4,289.0,Low Income
Belgium,2016.0,11300000.0,81.3,48200.0,High Income
Benin,2016.0,11300000.0,63.0,1230.0,Lower-Middle Income
Burkina Faso,2016.0,19300000.0,60.3,756.0,Low Income
Bangladesh,2016.0,160000000.0,73.9,1520.0,Lower-Middle Income
Bulgaria,2016.0,7250000.0,73.3,8220.0,Upper-Middle Income
Bahrain,2016.0,1410000.0,76.8,24000.0,High Income
Bahamas,2016.0,396000.0,73.7,32200.000000000004,High Income
Bosnia and Herzegovina,2016.0,3480000.0,76.7,5700.0,Upper-Middle Income
Belarus,2016.0,9710000.0,73.8,6270.0,Upper-Middle Income
Belize,2016.0,367000.0,74.4,4820.0,Upper-Middle Income
Bolivia,2016.0,11300000.0,71.5,3380.0,Lower-Middle Income
Brazil,2016.0,207000000.0,75.0,9910.0,Upper-Middle Income
Barbados,2016.0,279000.0,76.5,17700.0,High Income
Brunei,2016.0,426000.0,74.1,36900.0,High Income
Bhutan,2016.0,750000.0,72.5,2940.0,Lower-Middle Income
Botswana,2016.0,2350000.0,61.2,7720.0,Upper-Middle Income
Central African Republic,2016.0,4900000.0,50.3,456.0,Low Income
Canada,2016.0,36100000.0,82.3,48800.0,High Income
Switzerland,2016.0,8369999.999999999,83.8,93800.0,High Income
Chile,2016.0,18100000.0,80.0,14900.0,High Income
China,2016.0,0.0,77.0,9120.0,Upper-Middle Income
Cote d'Ivoire,2016.0,24200000.0,62.0,2030.0,Lower-Middle Income
Cameroon,2016.0,23700000.0,60.9,1600.0,Lower-Middle Income
"Congo, Dem. Rep.",2016.0,81400000.0,63.3,522.0,Low Income
"Congo, Rep.",2016.0,5190000.0,64.2,2460.0,Lower-Middle Income
Colombia,2016.0,47600000.0,79.8,7180.0,Upper-Middle Income
Comoros,2016.0,746000.0,67.9,1470.0,Lower-Middle Income
Cape Verde,2016.0,558000.0,74.8,3480.0,Lower-Middle Income
Costa Rica,2016.0,4950000.0,79.8,12300.0,Upper-Middle Income
Cuba,2016.0,11300000.0,78.5,8310.0,Upper-Middle Income
Cyprus,2016.0,1200000.0,80.7,27500.0,High Income
Czech Republic,2016.0,10500000.0,79.2,19600.0,High Income
Germany,2016.0,82300000.0,81.0,49200.0,High Income
Djibouti,2016.0,1020000.0,65.8,2930.0,Lower-Middle Income
Denmark,2016.0,5710000.0,81.0,64500.0,High Income
Dominican Republic,2016.0,10500000.0,72.1,7620.0,Upper-Middle Income
Algeria,2016.0,40300000.0,75.7,4860.0,Upper-Middle Income
Ecuador,2016.0,16399999.999999998,75.9,6440.0,Upper-Middle Income
Egypt,2016.0,99800000.0,70.2,3820.0,Lower-Middle Income
Eritrea,2016.0,3370000.0,62.6,413.0,Low Income
Spain,2016.0,46500000.0,83.0,30600.0,High Income
Estonia,2016.0,1320000.0,77.7,20500.0,High Income
Ethiopia,2016.0,105000000.0,67.4,744.0,Low Income
Finland,2016.0,5500000.0,81.8,50600.0,High Income
Fiji,2016.0,918000.0,68.0,5870.0,Upper-Middle Income
France,2016.0,64000000.0,82.8,43400.0,High Income
"Micronesia, Fed. Sts.",2016.0,110000.0,64.1,3790.0,Lower-Middle Income
Gabon,2016.0,2089999.9999999998,66.6,7870.0,Upper-Middle Income
United Kingdom,2016.0,65700000.0,81.1,48300.0,High Income
Georgia,2016.0,3770000.0,73.1,4530.0,Upper-Middle Income
Ghana,2016.0,29600000.0,64.7,2010.0,Lower-Middle Income
Guinea,2016.0,11900000.0,59.3,867.0,Low Income
Gambia,2016.0,2320000.0,65.7,689.0,Low Income
Guinea-Bissau,2016.0,1830000.0,59.3,722.0,Low Income
Equatorial Guinea,2016.0,1400000.0,64.9,9190.0,Upper-Middle Income
Greece,2016.0,10700000.0,81.0,20700.0,High Income
Grenada,2016.0,120000.0,72.9,9280.0,Upper-Middle Income
Guatemala,2016.0,16300000.0,72.0,4300.0,Upper-Middle Income
Guyana,2016.0,759000.0,66.7,6220.0,Upper-Middle Income
"Hong Kong, China",2016.0,7440000.0,83.9,47700.0,High Income
Honduras,2016.0,9460000.0,71.5,2340.0,Lower-Middle Income
Croatia,2016.0,4220000.0,78.4,13900.0,High Income
Haiti,2016.0,10700000.0,62.4,1510.0,Lower-Middle Income
Hungary,2016.0,9820000.0,76.3,14600.0,High Income
Indonesia,2016.0,262000000.0,70.7,3780.0,Lower-Middle Income
India,2016.0,0.0,70.0,1870.0,Lower-Middle Income
Ireland,2016.0,4720000.0,81.9,57500.0,High Income
Iran,2016.0,83300000.0,77.1,6110.0,Upper-Middle Income
Iraq,2016.0,38700000.0,70.9,5930.0,Upper-Middle Income
Iceland,2016.0,336000.0,83.8,61000.0,High Income
Israel,2016.0,8160000.0,83.0,40600.0,High Income
Italy,2016.0,60100000.0,83.0,35500.0,High Income
Jamaica,2016.0,2800000.0,76.2,5110.0,Upper-Middle Income
Jordan,2016.0,9960000.0,78.1,4440.0,Upper-Middle Income
Japan,2016.0,127000000.0,84.5,42000.0,High Income
Kazakhstan,2016.0,18100000.0,71.1,9740.0,Upper-Middle Income
Kenya,2016.0,47900000.0,65.1,1620.0,Lower-Middle Income
Kyrgyz Republic,2016.0,6020000.0,72.7,1230.0,Lower-Middle Income
Cambodia,2016.0,15600000.0,69.2,1270.0,Lower-Middle Income
Kiribati,2016.0,119000.0,60.1,3240.0,Lower-Middle Income
South Korea,2016.0,51300000.0,82.8,32600.0,High Income
Kuwait,2016.0,4050000.0,81.6,39300.0,High Income
Lao,2016.0,6890000.0,68.0,2370.0,Lower-Middle Income
Lebanon,2016.0,6260000.0,76.1,8060.0,Upper-Middle Income
Liberia,2016.0,4710000.0,64.5,711.0,Low Income
Libya,2016.0,6280000.0,74.3,5060.0,Upper-Middle Income
St. Lucia,2016.0,176000.0,75.1,10500.0,Upper-Middle Income
Sri Lanka,2016.0,21400000.0,76.6,4230.0,Lower-Middle Income
Lesotho,2016.0,2140000.0,49.6,1410.0,Lower-Middle Income
Lithuania,2016.0,2930000.0,74.9,16500.0,High Income
Luxembourg,2016.0,583000.0,82.7,81900.0,High Income
Latvia,2016.0,1970000.0,75.7,16400.0,High Income
Morocco,2016.0,35100000.0,72.8,3200.0,Lower-Middle Income
Moldova,2016.0,3230000.0,72.6,3530.0,Lower-Middle Income
Madagascar,2016.0,25500000.0,64.5,522.0,Low Income
Maldives,2016.0,454000.0,78.9,8970.0,Upper-Middle Income
Mexico,2016.0,122000000.0,75.5,10400.0,Upper-Middle Income
North Macedonia,2016.0,2110000.0,73.8,5560.0,Upper-Middle Income
Mali,2016.0,18700000.0,60.4,867.0,Low Income
Malta,2016.0,468000.0,82.3,26200.0,High Income
Myanmar,2016.0,51900000.0,68.2,1330.0,Lower-Middle Income
Montenegro,2016.0,633000.0,75.4,7880.0,Upper-Middle Income
Mongolia,2016.0,3030000.0,67.8,3880.0,Lower-Middle Income
Mozambique,2016.0,27700000.0,56.6,589.0,Low Income
Mauritania,2016.0,4050000.0,69.9,1680.0,Lower-Middle Income
Mauritius,2016.0,1290000.0,75.2,11800.0,Upper-Middle Income
Malawi,2016.0,17400000.0,62.6,378.0,Low Income
Malaysia,2016.0,31500000.0,75.0,11300.0,Upper-Middle Income
Namibia,2016.0,2320000.0,63.7,5270.0,Upper-Middle Income
Niger,2016.0,20900000.0,61.1,589.0,Low Income
Nigeria,2016.0,189000000.0,62.7,2700.0,Lower-Middle Income
Nicaragua,2016.0,6390000.0,74.8,2180.0,Lower-Middle Income
Netherlands,2016.0,17100000.0,81.7,52100.0,High Income
Norway,2016.0,5240000.0,82.5,90400.0,High Income
Nepal,2016.0,27900000.0,70.4,978.0,Low Income
New Zealand,2016.0,4670000.0,81.9,43800.0,High Income
Oman,2016.0,4400000.0,72.6,17500.0,High Income
Pakistan,2016.0,214000000.0,64.7,1460.0,Lower-Middle Income
Panama,2016.0,4030000.0000000005,79.5,14200.0,High Income
Peru,2016.0,31100000.0,79.6,6790.0,Upper-Middle Income
Philippines,2016.0,105000000.0,71.0,3830.0,Lower-Middle Income
Papua New Guinea,2016.0,8900000.0,64.1,3010.0,Lower-Middle Income
Poland,2016.0,38500000.0,77.9,14100.0,High Income
Portugal,2016.0,10300000.0,81.6,22100.0,High Income
Paraguay,2016.0,6270000.0,76.1,6000.0,Upper-Middle Income
Palestine,2016.0,4590000.0,74.5,4330.0,Upper-Middle Income
Qatar,2016.0,2600000.0,75.7,71700.0,High Income
Romania,2016.0,19800000.0,75.3,10700.0,Upper-Middle Income
Russia,2016.0,145000000.0,72.0,10800.0,Upper-Middle Income
Rwanda,2016.0,11900000.0,67.6,822.0,Low Income
Saudi Arabia,2016.0,33400000.0,73.7,24000.0,High Income
Sudan,2016.0,39400000.0,69.4,1670.0,Lower-Middle Income
Senegal,2016.0,14800000.0,67.3,1410.0,Lower-Middle Income
Singapore,2016.0,5710000.0,84.4,59000.0,High Income
Solomon Islands,2016.0,628000.0,58.6,2380.0,Lower-Middle Income
Sierra Leone,2016.0,7490000.0,60.0,544.0,Low Income
El Salvador,2016.0,6250000.0,75.2,3900.0,Lower-Middle Income
Somalia,2016.0,14300000.0,57.2,333.0,Low Income
Serbia,2016.0,7490000.0,75.5,6330.0,Upper-Middle Income
South Sudan,2016.0,11100000.0,62.0,1060.0,Low Income
Sao Tome and Principe,2016.0,205000.0,70.2,1880.0,Lower-Middle Income
Suriname,2016.0,581000.0,72.4,7710.0,Upper-Middle Income
Slovak Republic,2016.0,5430000.0,77.3,18600.0,High Income
Slovenia,2016.0,2089999.9999999998,81.3,24200.0,High Income
Sweden,2016.0,9950000.0,82.6,60400.0,High Income
Eswatini,2016.0,1140000.0,56.1,3830.0,Lower-Middle Income
Seychelles,2016.0,101000.0,73.3,15400.0,High Income
Syria,2016.0,19000000.0,64.3,922.0,Low Income
Chad,2016.0,14600000.0,59.3,811.0,Low Income
Togo,2016.0,7660000.0,63.0,744.0,Low Income
Thailand,2016.0,70600000.0,78.0,6330.0,Upper-Middle Income
Tajikistan,2016.0,8730000.0,68.6,1230.0,Lower-Middle Income
Turkmenistan,2016.0,5870000.0,70.3,7590.0,Upper-Middle Income
Timor-Leste,2016.0,1220000.0,70.4,1940.0,Lower-Middle Income
Tonga,2016.0,106000.0,72.7,4900.0,Upper-Middle Income
Trinidad and Tobago,2016.0,1470000.0,74.8,18800.0,High Income
Tunisia,2016.0,11700000.0,77.2,4420.0,Upper-Middle Income
Turkey,2016.0,81000000.0,77.5,12500.0,Upper-Middle Income
Tanzania,2016.0,54400000.0,65.5,1080.0,Low Income
Uganda,2016.0,38700000.0,64.0,889.0,Low Income
Ukraine,2016.0,44800000.0,72.9,2570.0,Lower-Middle Income
Uruguay,2016.0,3410000.0,77.3,17200.0,High Income
United States,2016.0,327000000.0,78.9,63500.0,High Income
Uzbekistan,2016.0,31500000.0,67.6,3100.0,Lower-Middle Income
St. Vincent and the Grenadines,2016.0,106000.0,72.6,7560.0,Upper-Middle Income
Venezuela,2016.0,30700000.0,75.6,10800.0,Upper-Middle Income
Vietnam,2016.0,93100000.0,74.0,2240.0,Lower-Middle Income
Vanuatu,2016.0,283000.0,65.1,3140.0,Lower-Middle Income
Samoa,2016.0,206000.0,70.2,4570.0,Upper-Middle Income
Yemen,2016.0,29300000.0,67.5,1290.0,Lower-Middle Income
South Africa,2016.0,56400000.0,62.7,6660.0,Upper-Middle Income
Zambia,2016.0,16800000.0,61.4,1520.0,Lower-Middle Income
Zimbabwe,2016.0,14500000.0,59.2,1540.0,Lower-Middle Income
Afghanistan,2017.0,35600000.0,62.9,578.0,Low Income
Angola,2017.0,30200000.0,64.2,3760.0,Lower-Middle Income
Albania,2017.0,2880000.0,78.3,4680.0,Upper-Middle Income
United Arab Emirates,2017.0,9070000.0,73.5,42800.0,High Income
Argentina,2017.0,44100000.0,76.3,14300.0,High Income
Armenia,2017.0,2850000.0,75.5,4310.0,Upper-Middle Income
Antigua and Barbuda,2017.0,91100.0,76.1,15600.0,High Income
Australia,2017.0,24600000.0,83.0,56100.0,High Income
Austria,2017.0,8800000.0,82.0,49000.0,High Income
Azerbaijan,2017.0,10100000.0,70.4,4480.0,Upper-Middle Income
Burundi,2017.0,11200000.0,63.0,283.0,Low Income
Belgium,2017.0,11400000.0,81.4,46300.0,High Income
Benin,2017.0,11600000.0,63.4,1190.0,Lower-Middle Income
Burkina Faso,2017.0,19800000.0,60.8,730.0,Low Income
Bangladesh,2017.0,162000000.0,73.9,1660.0,Lower-Middle Income
Bulgaria,2017.0,7180000.0,73.3,8300.0,Upper-Middle Income
Bahrain,2017.0,1460000.0,76.8,23200.0,High Income
Bahamas,2017.0,399000.0,73.8,32800.0,High Income
Bosnia and Herzegovina,2017.0,3440000.0,76.8,5580.0,Upper-Middle Income
Belarus,2017.0,9710000.0,73.8,5800.0,Upper-Middle Income
Belize,2017.0,375000.0,74.5,4820.0,Upper-Middle Income
Bolivia,2017.0,11400000.0,71.7,3370.0,Lower-Middle Income
Brazil,2017.0,209000000.0,75.4,9480.0,Upper-Middle Income
Barbados,2017.0,279000.0,76.5,17500.0,High Income
Brunei,2017.0,430000.0,74.1,32500.0,High Income
Bhutan,2017.0,756000.0,72.7,3050.0,Lower-Middle Income
Botswana,2017.0,2400000.0,61.5,7680.0,Upper-Middle Income
Central African Republic,2017.0,5000000.0,50.4,480.0,Low Income
Canada,2017.0,36600000.0,82.4,46800.0,High Income
Switzerland,2017.0,8450000.0,83.9,89200.0,High Income
Chile,2017.0,18400000.0,80.0,14500.0,High Income
China,2017.0,0.0,77.2,9450.0,Upper-Middle Income
Cote d'Ivoire,2017.0,24800000.0,62.8,2210.0,Lower-Middle Income
Cameroon,2017.0,24400000.0,61.9,1520.0,Lower-Middle Income
"Congo, Dem. Rep.",2017.0,84300000.0,63.9,501.0,Low Income
"Congo, Rep.",2017.0,5310000.0,64.7,1850.0,Lower-Middle Income
Colombia,2017.0,48400000.0,80.0,6460.0,Upper-Middle Income
Comoros,2017.0,762000.0,68.2,1400.0,Lower-Middle Income
Cape Verde,2017.0,565000.0,74.8,3360.0,Lower-Middle Income
Costa Rica,2017.0,4990000.0,79.8,12500.0,Upper-Middle Income
Cuba,2017.0,11300000.0,78.3,8670.0,Upper-Middle Income
Cyprus,2017.0,1210000.0,80.8,26900.0,High Income
Czech Republic,2017.0,10500000.0,79.3,20000.0,High Income
Germany,2017.0,82600000.0,81.1,47600.0,High Income
Djibouti,2017.0,1040000.0,66.2,2980.0,Lower-Middle Income
Denmark,2017.0,5740000.0,81.1,61800.0,High Income
Dominican Republic,2017.0,10600000.0,72.5,7730.0,Upper-Middle Income
Algeria,2017.0,41100000.0,75.9,4310.0,Upper-Middle Income
Ecuador,2017.0,16700000.0,76.0,6390.0,Upper-Middle Income
Egypt,2017.0,102000000.0,70.5,3300.0,Lower-Middle Income
Eritrea,2017.0,3400000.0,63.0,414.0,Low Income
Spain,2017.0,46600000.0,83.0,29500.0,High Income
Estonia,2017.0,1320000.0,77.8,20500.0,High Income
Ethiopia,2017.0,108000000.0,67.9,807.0,Low Income
Finland,2017.0,5510000.0,81.8,48800.0,High Income
Fiji,2017.0,919000.0,68.2,5850.0,Upper-Middle Income
France,2017.0,64099999.99999999,82.9,41700.0,High Income
"Micronesia, Fed. Sts.",2017.0,110000.0,64.2,3760.0,Lower-Middle Income
Gabon,2017.0,2140000.0,67.0,7100.0,Upper-Middle Income
United Kingdom,2017.0,66099999.99999999,81.2,45600.0,High Income
Georgia,2017.0,3770000.0,73.2,4400.0,Upper-Middle Income
Ghana,2017.0,30200000.0,65.1,2050.0,Lower-Middle Income
Guinea,2017.0,12200000.0,59.9,894.0,Low Income
Gambia,2017.0,2380000.0,66.0,719.0,Low Income
Guinea-Bissau,2017.0,1880000.0,59.8,741.0,Low Income
Equatorial Guinea,2017.0,1450000.0,65.6,7100.0,Upper-Middle Income
Greece,2017.0,10700000.0,81.1,19600.0,High Income
Grenada,2017.0,121000.0,73.0,9530.0,Upper-Middle Income
Guatemala,2017.0,16600000.000000002,72.3,4470.0,Upper-Middle Income
Guyana,2017.0,763000.0,66.9,6440.0,Upper-Middle Income
"Hong Kong, China",2017.0,7460000.0,84.1,50600.0,High Income
Honduras,2017.0,9630000.0,71.7,2430.0,Lower-Middle Income
Croatia,2017.0,4190000.0000000005,78.5,14000.0,High Income
Haiti,2017.0,10900000.0,63.1,1460.0,Lower-Middle Income
Hungary,2017.0,9790000.0,76.3,14400.0,High Income
Indonesia,2017.0,264000000.0,70.9,3850.0,Lower-Middle Income
India,2017.0,0.0,70.3,1980.0,Lower-Middle Income
Ireland,2017.0,4770000.0,81.9,58100.0,High Income
Iran,2017.0,84500000.0,77.3,5910.0,Upper-Middle Income
Iraq,2017.0,39600000.0,71.5,5060.0,Upper-Middle Income
Iceland,2017.0,344000.0,83.9,65700.0,High Income
Israel,2017.0,8310000.000000001,83.0,41400.0,High Income
Italy,2017.0,60000000.0,83.1,34200.0,High Income
Jamaica,2017.0,2810000.0,76.3,5180.0,Upper-Middle Income
Jordan,2017.0,10200000.0,78.2,4450.0,Upper-Middle Income
Japan,2017.0,127000000.0,84.7,41900.0,High Income
Kazakhstan,2017.0,18300000.0,71.5,8760.0,Upper-Middle Income
Kenya,2017.0,48900000.0,65.7,1650.0,Lower-Middle Income
Kyrgyz Republic,2017.0,6120000.0,73.0,1210.0,Lower-Middle Income
Cambodia,2017.0,15800000.0,69.4,1340.0,Lower-Middle Income
Kiribati,2017.0,120000.0,60.3,3290.0,Lower-Middle Income
South Korea,2017.0,51500000.0,82.9,33000.0,High Income
Kuwait,2017.0,4120000.0,81.6,34200.0,High Income
Lao,2017.0,7000000.0,68.4,2460.0,Lower-Middle Income
Lebanon,2017.0,6110000.0,76.2,8160.0,Upper-Middle Income
Liberia,2017.0,4800000.0,65.1,698.0,Low Income
Libya,2017.0,6380000.0,75.6,5900.0,Upper-Middle Income
St. Lucia,2017.0,177000.0,75.1,11000.0,Upper-Middle Income
Sri Lanka,2017.0,21500000.0,76.8,4220.0,Lower-Middle Income
Lesotho,2017.0,2170000.0,50.8,1300.0,Lower-Middle Income
Lithuania,2017.0,2900000.0,76.0,16600.0,High Income
Luxembourg,2017.0,596000.0,82.8,82500.0,High Income
Latvia,2017.0,1950000.0,75.8,16200.0,High Income
Morocco,2017.0,35500000.0,72.9,3140.0,Lower-Middle Income
Moldova,2017.0,3180000.0,73.7,3630.0,Lower-Middle Income
Madagascar,2017.0,26200000.0,64.8,512.0,Low Income
Maldives,2017.0,472000.0,78.9,9370.0,Upper-Middle Income
Mexico,2017.0,123000000.0,75.5,9720.0,Upper-Middle Income
North Macedonia,2017.0,2110000.0,74.1,5390.0,Upper-Middle Income
Mali,2017.0,19300000.0,60.8,839.0,Low Income
Malta,2017.0,479000.0,82.4,26300.0,High Income
Myanmar,2017.0,52300000.0,68.3,1290.0,Lower-Middle Income
Montenegro,2017.0,632000.0,75.5,8070.0,Upper-Middle Income
Mongolia,2017.0,3100000.0,67.9,3530.0,Lower-Middle Income
Mozambique,2017.0,28600000.0,57.3,512.0,Low Income
Mauritania,2017.0,4160000.0,70.2,1670.0,Lower-Middle Income
Mauritius,2017.0,1290000.0,75.3,12000.0,Upper-Middle Income
Malawi,2017.0,17900000.0,63.4,403.0,Low Income
Malaysia,2017.0,32000000.0,75.1,10800.0,Upper-Middle Income
Namibia,2017.0,2360000.0,64.1,5040.0,Upper-Middle Income
Niger,2017.0,21700000.0,61.5,567.0,Low Income
Nigeria,2017.0,193000000.0,63.3,2280.0,Lower-Middle Income
Nicaragua,2017.0,6480000.0,75.0,2210.0,Lower-Middle Income
Netherlands,2017.0,17200000.0,81.7,51400.0,High Income
Norway,2017.0,5280000.0,82.8,82500.0,High Income
Nepal,2017.0,28200000.0,70.6,1080.0,Low Income
New Zealand,2017.0,4750000.0,82.0,42400.0,High Income
Oman,2017.0,4540000.0,72.9,15200.0,High Income
Pakistan,2017.0,216000000.0,64.9,1530.0,Lower-Middle Income
Panama,2017.0,4099999.9999999995,79.6,15000.0,High Income
Peru,2017.0,31600000.0,79.8,6610.0,Upper-Middle Income
Philippines,2017.0,107000000.0,71.2,3850.0,Lower-Middle Income
Papua New Guinea,2017.0,9110000.0,64.3,2820.0,Lower-Middle Income
Poland,2017.0,38500000.0,78.0,13900.0,High Income
Portugal,2017.0,10300000.0,81.6,21800.0,High Income
Paraguay,2017.0,6360000.0,76.3,5850.0,Upper-Middle Income
Palestine,2017.0,4700000.0,74.7,4280.0,Upper-Middle Income
Qatar,2017.0,2710000.0,75.9,62000.0,High Income
Romania,2017.0,19700000.0,75.4,11000.0,Upper-Middle Income
Russia,2017.0,145000000.0,72.9,10000.0,Upper-Middle Income
Rwanda,2017.0,12200000.0,68.0,796.0,Low Income
Saudi Arabia,2017.0,34200000.0,74.0,21800.0,High Income
Sudan,2017.0,40700000.0,69.8,1430.0,Lower-Middle Income
Senegal,2017.0,15200000.0,67.5,1400.0,Lower-Middle Income
Singapore,2017.0,5760000.0,84.7,59400.0,High Income
Solomon Islands,2017.0,644000.0,58.8,2420.0,Lower-Middle Income
Sierra Leone,2017.0,7680000.0,60.2,567.0,Low Income
El Salvador,2017.0,6270000.0,75.4,3920.0,Lower-Middle Income
Somalia,2017.0,14900000.0,57.4,316.0,Low Income
Serbia,2017.0,7460000.0,75.6,6070.0,Upper-Middle Income
South Sudan,2017.0,10700000.0,62.3,1170.0,Lower-Middle Income
Sao Tome and Principe,2017.0,208000.0,70.4,1850.0,Lower-Middle Income
Suriname,2017.0,588000.0,72.5,6480.0,Upper-Middle Income
Slovak Republic,2017.0,5440000.0,77.4,18100.0,High Income
Slovenia,2017.0,2100000.0,81.3,24100.0,High Income
Sweden,2017.0,10100000.0,82.7,57800.0,High Income
Eswatini,2017.0,1150000.0,57.0,3700.0,Lower-Middle Income
Seychelles,2017.0,102000.0,73.4,15600.0,High Income
Syria,2017.0,19000000.0,68.3,872.0,Low Income
Chad,2017.0,15100000.0,59.5,698.0,Low Income
Togo,2017.0,7850000.0,63.8,785.0,Low Income
Thailand,2017.0,70900000.0,78.2,6510.0,Upper-Middle Income
Tajikistan,2017.0,8930000.0,68.8,1120.0,Lower-Middle Income
Turkmenistan,2017.0,5970000.0,70.5,6950.0,Upper-Middle Income
Timor-Leste,2017.0,1240000.0,70.5,1960.0,Lower-Middle Income
Tonga,2017.0,105000.0,72.8,5000.0,Upper-Middle Income
Trinidad and Tobago,2017.0,1480000.0,74.8,17400.0,High Income
Tunisia,2017.0,11800000.0,77.3,4090.0,Lower-Middle Income
Turkey,2017.0,82100000.0,77.8,12000.0,Upper-Middle Income
Tanzania,2017.0,56300000.0,66.0,1060.0,Low Income
Uganda,2017.0,40100000.0,65.0,807.0,Low Income
Ukraine,2017.0,44700000.0,73.8,2590.0,Lower-Middle Income
Uruguay,2017.0,3420000.0,77.3,17400.0,High Income
United States,2017.0,330000000.0,79.0,64599.99999999999,High Income
Uzbekistan,2017.0,31900000.0,67.8,2690.0,Lower-Middle Income
St. Vincent and the Grenadines,2017.0,106000.0,72.7,7620.0,Upper-Middle Income
Venezuela,2017.0,30600000.0,75.5,9150.0,Upper-Middle Income
Vietnam,2017.0,94000000.0,74.2,2310.0,Lower-Middle Income
Vanuatu,2017.0,290000.0,65.3,3160.0,Lower-Middle Income
Samoa,2017.0,208000.0,70.3,4440.0,Upper-Middle Income
Yemen,2017.0,30000000.0,67.3,1180.0,Lower-Middle Income
South Africa,2017.0,56600000.0,63.2,6440.0,Upper-Middle Income
Zambia,2017.0,17300000.0,61.9,1420.0,Lower-Middle Income
Zimbabwe,2017.0,14800000.0,59.9,1470.0,Lower-Middle Income
Afghanistan,2018.0,36700000.0,62.7,531.0,Low Income
Angola,2018.0,31300000.0,64.6,3340.0,Lower-Middle Income
Albania,2018.0,2880000.0,78.4,5060.0,Upper-Middle Income
United Arab Emirates,2018.0,9140000.0,73.7,43200.0,High Income
Argentina,2018.0,44400000.0,76.5,12900.0,Upper-Middle Income
Armenia,2018.0,2840000.0,75.6,4420.0,Upper-Middle Income
Antigua and Barbuda,2018.0,91600.0,76.2,16500.0,High Income
Australia,2018.0,25000000.0,82.9,55300.0,High Income
Austria,2018.0,8840000.0,82.1,51000.0,High Income
Azerbaijan,2018.0,10200000.0,70.8,4250.0,Lower-Middle Income
Burundi,2018.0,11500000.0,63.4,260.0,Low Income
Belgium,2018.0,11400000.0,81.4,47900.0,High Income
Benin,2018.0,11900000.0,64.0,1250.0,Lower-Middle Income
Burkina Faso,2018.0,20400000.0,61.3,781.0,Low Income
Bangladesh,2018.0,164000000.0,74.2,1820.0,Lower-Middle Income
Bulgaria,2018.0,7120000.0,73.3,8880.0,Upper-Middle Income
Bahrain,2018.0,1490000.0,77.0,22900.0,High Income
Bahamas,2018.0,402000.0,73.8,32400.0,High Income
Bosnia and Herzegovina,2018.0,3400000.0,76.9,5990.0,Upper-Middle Income
Belarus,2018.0,9700000.0,74.0,5970.0,Upper-Middle Income
Belize,2018.0,382000.0,74.4,4810.0,Upper-Middle Income
Bolivia,2018.0,11600000.0,71.8,3510.0,Lower-Middle Income
Brazil,2018.0,210000000.0,75.7,9550.0,Upper-Middle Income
Barbados,2018.0,280000.0,76.5,17400.0,High Income
Brunei,2018.0,434000.0,74.2,30600.0,High Income
Bhutan,2018.0,762000.0,73.0,3090.0,Lower-Middle Income
Botswana,2018.0,2450000.0,61.8,7820.0,Upper-Middle Income
Central African Republic,2018.0,5090000.0,51.5,510.0,Low Income
Canada,2018.0,37000000.0,82.2,46800.0,High Income
Switzerland,2018.0,8510000.0,83.9,86700.0,High Income
Chile,2018.0,18700000.0,80.1,15200.0,High Income
China,2018.0,0.0,77.4,9930.0,Upper-Middle Income
Cote d'Ivoire,2018.0,25500000.0,63.6,2270.0,Lower-Middle Income
Cameroon,2018.0,25100000.0,62.6,1550.0,Lower-Middle Income
"Congo, Dem. Rep.",2018.0,87100000.0,64.7,521.0,Low Income
"Congo, Rep.",2018.0,5440000.0,65.0,1860.0,Lower-Middle Income
Colombia,2018.0,49300000.0,80.1,6520.0,Upper-Middle Income
Comoros,2018.0,776000.0,68.5,1430.0,Lower-Middle Income
Cape Verde,2018.0,571000.0,73.5,3540.0,Lower-Middle Income
Costa Rica,2018.0,5040000.0,80.0,12500.0,Upper-Middle Income
Cuba,2018.0,11300000.0,78.3,8990.0,Upper-Middle Income
Cyprus,2018.0,1220000.0,80.8,28100.0,High Income
Czech Republic,2018.0,10500000.0,79.3,21400.0,High Income
Germany,2018.0,82900000.0,81.2,49400.0,High Income
Djibouti,2018.0,1060000.0,66.7,3130.0,Lower-Middle Income
Denmark,2018.0,5770000.0,81.1,63800.0,High Income
Dominican Republic,2018.0,10800000.0,72.9,8100.0,Upper-Middle Income
Algeria,2018.0,41900000.0,76.0,4150.0,Lower-Middle Income
Ecuador,2018.0,17000000.0,76.2,6340.0,Upper-Middle Income
Egypt,2018.0,104000000.0,70.7,2910.0,Lower-Middle Income
Eritrea,2018.0,3450000.0,63.4,456.0,Low Income
Spain,2018.0,46800000.0,83.1,30500.0,High Income
Estonia,2018.0,1320000.0,77.9,22200.0,High Income
Ethiopia,2018.0,111000000.0,68.4,833.0,Low Income
Finland,2018.0,5520000.0,81.8,50200.0,High Income
Fiji,2018.0,919000.0,68.3,6150.0,Upper-Middle Income
France,2018.0,64300000.0,82.9,42900.0,High Income
"Micronesia, Fed. Sts.",2018.0,111000.0,64.1,3540.0,Lower-Middle Income
Gabon,2018.0,2190000.0,67.5,7110.0,Upper-Middle Income
United Kingdom,2018.0,66400000.00000001,81.0,44200.0,High Income
Georgia,2018.0,3770000.0,73.3,4640.0,Upper-Middle Income
Ghana,2018.0,30900000.0,65.8,2210.0,Lower-Middle Income
Guinea,2018.0,12600000.0,60.6,896.0,Low Income
Gambia,2018.0,2440000.0,66.4,750.0,Low Income
Guinea-Bissau,2018.0,1920000.0,60.3,750.0,Low Income
Equatorial Guinea,2018.0,1500000.0,65.8,7010.0,Upper-Middle Income
Greece,2018.0,10600000.0,81.0,19800.0,High Income
Grenada,2018.0,122000.0,73.2,9960.0,Upper-Middle Income
Guatemala,2018.0,16900000.0,72.4,4580.0,Upper-Middle Income
Guyana,2018.0,786000.0,67.1,6550.0,Upper-Middle Income
"Hong Kong, China",2018.0,7480000.0,84.3,52100.0,High Income
Honduras,2018.0,9790000.0,71.9,2410.0,Lower-Middle Income
Croatia,2018.0,4160000.0,78.6,14900.0,High Income
Haiti,2018.0,11000000.0,63.5,1470.0,Lower-Middle Income
Hungary,2018.0,9780000.0,76.3,15600.0,High Income
Indonesia,2018.0,267000000.0,71.1,4000.0,Lower-Middle Income
India,2018.0,0.0,70.5,2090.0,Lower-Middle Income
Ireland,2018.0,4830000.0,82.0,61700.0,High Income
Iran,2018.0,85600000.0,77.6,4720.0,Upper-Middle Income
Iraq,2018.0,40600000.0,73.3,5250.0,Upper-Middle Income
Iceland,2018.0,353000.0,84.0,70600.0,High Income
Israel,2018.0,8460000.0,83.0,43000.0,High Income
Italy,2018.0,59900000.0,83.1,35200.0,High Income
Jamaica,2018.0,2810000.0,76.3,5220.0,Upper-Middle Income
Jordan,2018.0,10500000.0,77.9,4450.0,Upper-Middle Income
Japan,2018.0,126000000.0,84.8,42800.0,High Income
Kazakhstan,2018.0,18500000.0,71.7,8400.0,Upper-Middle Income
Kenya,2018.0,50000000.0,66.1,1750.0,Lower-Middle Income
Kyrgyz Republic,2018.0,6220000.0,73.3,1270.0,Lower-Middle Income
Cambodia,2018.0,16000000.0,69.7,1440.0,Lower-Middle Income
Kiribati,2018.0,122000.0,59.3,3230.0,Lower-Middle Income
South Korea,2018.0,51700000.0,82.9,34100.0,High Income
Kuwait,2018.0,4320000.0,81.6,34800.0,High Income
Lao,2018.0,7110000.0,68.6,2580.0,Lower-Middle Income
Lebanon,2018.0,5950000.0,76.2,8070.0,Upper-Middle Income
Liberia,2018.0,4890000.0,65.7,656.0,Low Income
Libya,2018.0,6480000.0,75.7,7080.0,Upper-Middle Income
St. Lucia,2018.0,178000.0,75.1,11200.0,Upper-Middle Income
Sri Lanka,2018.0,21600000.0,77.2,4210.0,Lower-Middle Income
Lesotho,2018.0,2200000.0,51.4,1280.0,Lower-Middle Income
Lithuania,2018.0,2880000.0,76.1,18200.0,High Income
Luxembourg,2018.0,608000.0,82.9,82700.0,High Income
Latvia,2018.0,1940000.0,75.8,17200.0,High Income
Morocco,2018.0,35900000.0,73.1,3220.0,Lower-Middle Income
Moldova,2018.0,3140000.0,74.0,4080.0,Lower-Middle Income
Madagascar,2018.0,26800000.0,65.1,521.0,Low Income
Maldives,2018.0,490000.0,79.0,9590.0,Upper-Middle Income
Mexico,2018.0,124000000.0,75.5,9560.0,Upper-Middle Income
North Macedonia,2018.0,2110000.0,74.3,5730.0,Upper-Middle Income
Mali,2018.0,19900000.0,61.2,864.0,Low Income
Malta,2018.0,492000.0,82.5,28200.0,High Income
Myanmar,2018.0,52700000.0,69.1,1270.0,Lower-Middle Income
Montenegro,2018.0,631000.0,75.6,8780.0,Upper-Middle Income
Mongolia,2018.0,3160000.0,68.0,3840.0,Lower-Middle Income
Mozambique,2018.0,29400000.0,57.9,479.0,Low Income
Mauritania,2018.0,4270000.0,70.5,1710.0,Lower-Middle Income
Mauritius,2018.0,1300000.0,75.3,12800.0,Upper-Middle Income
Malawi,2018.0,18400000.0,64.1,448.0,Low Income
Malaysia,2018.0,32400000.0,75.2,11100.0,Upper-Middle Income
Namibia,2018.0,2410000.0,64.7,5120.0,Upper-Middle Income
Niger,2018.0,22600000.0,62.0,594.0,Low Income
Nigeria,2018.0,198000000.0,63.8,2040.0,Lower-Middle Income
Nicaragua,2018.0,6570000.0,75.2,2050.0,Lower-Middle Income
Netherlands,2018.0,17300000.0,81.7,53400.0,High Income
Norway,2018.0,5310000.0,82.8,83600.0,High Income
Nepal,2018.0,28500000.0,70.8,1170.0,Lower-Middle Income
New Zealand,2018.0,4840000.0,81.8,43400.0,High Income
Oman,2018.0,4600000.0,73.6,14700.0,High Income
Pakistan,2018.0,220000000.0,65.5,1540.0,Lower-Middle Income
Panama,2018.0,4170000.0,79.9,15100.0,High Income
Peru,2018.0,32200000.000000004,80.0,6740.0,Upper-Middle Income
Philippines,2018.0,109000000.0,71.6,3860.0,Lower-Middle Income
Papua New Guinea,2018.0,9330000.0,64.4,2710.0,Lower-Middle Income
Poland,2018.0,38500000.0,78.0,14700.0,High Income
Portugal,2018.0,10300000.0,81.7,22900.0,High Income
Paraguay,2018.0,6440000.0,76.5,5830.0,Upper-Middle Income
Palestine,2018.0,4810000.0,74.7,4360.0,Upper-Middle Income
Qatar,2018.0,2770000.0,76.1,61300.0,High Income
Romania,2018.0,19600000.0,75.5,11900.0,Upper-Middle Income
Russia,2018.0,146000000.0,73.0,10700.0,Upper-Middle Income
Rwanda,2018.0,12500000.0,68.3,812.0,Low Income
Saudi Arabia,2018.0,35000000.0,74.3,22500.0,High Income
Sudan,2018.0,42000000.0,70.1,1080.0,Low Income
Senegal,2018.0,15600000.0,68.0,1450.0,Lower-Middle Income
Singapore,2018.0,5810000.0,84.7,59300.0,High Income
Solomon Islands,2018.0,659000.0,59.0,2460.0,Lower-Middle Income
Sierra Leone,2018.0,7860000.0,61.2,510.0,Low Income
El Salvador,2018.0,6280000.0,75.6,3980.0,Lower-Middle Income
Somalia,2018.0,15400000.0,57.9,323.0,Low Income
Serbia,2018.0,7430000.0,75.6,6680.0,Upper-Middle Income
South Sudan,2018.0,10400000.0,63.0,1120.0,Lower-Middle Income
Sao Tome and Principe,2018.0,211000.0,70.7,1950.0,Lower-Middle Income
Suriname,2018.0,594000.0,72.6,6220.0,Upper-Middle Income
Slovak Republic,2018.0,5450000.0,77.5,19100.0,High Income
Slovenia,2018.0,2110000.0,81.4,25600.0,High Income
Sweden,2018.0,10200000.0,82.7,57900.0,High Income
Eswatini,2018.0,1160000.0,57.8,3770.0,Lower-Middle Income
Seychelles,2018.0,103000.0,73.5,16400.0,High Income
Syria,2018.0,19300000.0,73.2,958.0,Low Income
Chad,2018.0,15600000.0,59.9,708.0,Low Income
Togo,2018.0,8050000.000000001,64.5,916.0,Low Income
Thailand,2018.0,71100000.0,78.3,6880.0,Upper-Middle Income
Tajikistan,2018.0,9130000.0,69.2,1070.0,Low Income
Turkmenistan,2018.0,6070000.0,70.6,7020.0,Upper-Middle Income
Timor-Leste,2018.0,1260000.0,70.5,1900.0,Lower-Middle Income
Tonga,2018.0,105000.0,72.9,5000.0,Upper-Middle Income
Trinidad and Tobago,2018.0,1500000.0,74.8,16700.0,High Income
Tunisia,2018.0,11900000.0,77.5,3880.0,Lower-Middle Income
Turkey,2018.0,82800000.0,78.1,10900.0,Upper-Middle Income
Tanzania,2018.0,58100000.0,66.7,1070.0,Low Income
Uganda,2018.0,41500000.0,65.7,781.0,Low Income
Ukraine,2018.0,44400000.0,73.9,2920.0,Lower-Middle Income
Uruguay,2018.0,3430000.0,77.5,18000.0,High Income
United States,2018.0,332000000.0,79.0,66100.0,High Income
Uzbekistan,2018.0,32400000.0,68.1,2200.0,Lower-Middle Income
St. Vincent and the Grenadines,2018.0,105000.0,72.8,7710.0,Upper-Middle Income
Venezuela,2018.0,29800000.0,75.4,7610.0,Upper-Middle Income
Vietnam,2018.0,94900000.0,74.3,2480.0,Lower-Middle Income
Vanuatu,2018.0,297000.0,65.3,3300.0,Lower-Middle Income
Samoa,2018.0,210000.0,70.4,4220.0,Lower-Middle Income
Yemen,2018.0,30800000.0,66.1,948.0,Low Income
South Africa,2018.0,57300000.0,64.4,6600.0,Upper-Middle Income
Zambia,2018.0,17800000.0,62.5,1500.0,Lower-Middle Income
Zimbabwe,2018.0,15100000.0,60.6,1410.0,Lower-Middle Income
Afghanistan,2019.0,37800000.0,63.3,530.0,Low Income
Angola,2019.0,32400000.0,65.1,3030.0,Lower-Middle Income
Albania,2019.0,2870000.0,78.5,5330.0,Upper-Middle Income
United Arab Emirates,2019.0,9210000.0,73.9,44700.0,High Income
Argentina,2019.0,44700000.0,76.6,11500.0,Upper-Middle Income
Armenia,2019.0,2820000.0,75.7,4750.0,Upper-Middle Income
Antigua and Barbuda,2019.0,92100.0,76.3,16700.0,High Income
Australia,2019.0,25400000.0,82.9,56000.0,High Income
Austria,2019.0,8880000.0,82.2,51900.0,High Income
Azerbaijan,2019.0,10200000.0,71.0,4600.0,Upper-Middle Income
Burundi,2019.0,11900000.0,63.8,245.0,Low Income
Belgium,2019.0,11500000.0,81.4,48900.0,High Income
Benin,2019.0,12300000.0,64.5,1270.0,Lower-Middle Income
Burkina Faso,2019.0,21000000.0,61.7,785.0,Low Income
Bangladesh,2019.0,166000000.0,74.5,1970.0,Lower-Middle Income
Bulgaria,2019.0,7050000.0,73.3,9680.0,Upper-Middle Income
Bahrain,2019.0,1490000.0,77.0,22700.0,High Income
Bahamas,2019.0,405000.0,73.4,32900.0,High Income
Bosnia and Herzegovina,2019.0,3360000.0,77.0,6300.0,Upper-Middle Income
Belarus,2019.0,9670000.0,74.0,6490.0,Upper-Middle Income
Belize,2019.0,389000.0,74.5,4780.0,Upper-Middle Income
Bolivia,2019.0,11800000.0,72.0,3590.0,Lower-Middle Income
Brazil,2019.0,212000000.0,75.8,9450.0,Upper-Middle Income
Barbados,2019.0,280000.0,76.2,17700.0,High Income
Brunei,2019.0,438000.0,74.4,32800.0,High Income
Bhutan,2019.0,767000.0,73.2,3210.0,Lower-Middle Income
Botswana,2019.0,2500000.0,62.3,7650.0,Upper-Middle Income
Central African Republic,2019.0,5210000.0,52.4,530.0,Low Income
Canada,2019.0,37500000.0,82.2,47300.0,High Income
Switzerland,2019.0,8580000.0,84.0,85900.0,High Income
Chile,2019.0,19000000.0,80.2,15300.0,High Income
China,2019.0,0.0,77.6,10500.0,Upper-Middle Income
Cote d'Ivoire,2019.0,26100000.0,64.3,2330.0,Lower-Middle Income
Cameroon,2019.0,25800000.0,63.4,1570.0,Lower-Middle Income
"Congo, Dem. Rep.",2019.0,89900000.0,65.0,540.0,Low Income
"Congo, Rep.",2019.0,5570000.0,65.4,1840.0,Lower-Middle Income
Colombia,2019.0,50200000.0,80.2,6700.0,Upper-Middle Income
Comoros,2019.0,791000.0,68.7,1410.0,Lower-Middle Income
Cape Verde,2019.0,577000.0,73.7,3700.0,Lower-Middle Income
Costa Rica,2019.0,5080000.0,80.1,12300.0,Upper-Middle Income
Cuba,2019.0,11300000.0,78.7,9190.0,Upper-Middle Income
Cyprus,2019.0,1230000.0,80.8,28500.0,High Income
Czech Republic,2019.0,10500000.0,79.5,22500.0,High Income
Germany,2019.0,83100000.0,81.2,50100.0,High Income
Djibouti,2019.0,1070000.0,66.8,3370.0,Lower-Middle Income
Denmark,2019.0,5800000.0,81.1,64700.0,High Income
Dominican Republic,2019.0,10900000.0,73.2,8250.0,Upper-Middle Income
Algeria,2019.0,42700000.0,76.2,4090.0,Lower-Middle Income
Ecuador,2019.0,17300000.0,76.4,6210.0,Upper-Middle Income
Egypt,2019.0,106000000.0,71.0,2740.0,Lower-Middle Income
Eritrea,2019.0,3500000.0,63.8,468.0,Low Income
Spain,2019.0,47100000.0,83.1,30900.0,High Income
Estonia,2019.0,1330000.0,78.0,23700.0,High Income
Ethiopia,2019.0,114000000.0,68.8,866.0,Low Income
Finland,2019.0,5520000.0,81.9,50900.0,High Income
Fiji,2019.0,918000.0,68.4,5910.0,Upper-Middle Income
France,2019.0,64400000.00000001,82.9,43300.0,High Income
"Micronesia, Fed. Sts.",2019.0,111000.0,64.1,4010.0,Lower-Middle Income
Gabon,2019.0,2240000.0,67.8,7310.0,Upper-Middle Income
United Kingdom,2019.0,66800000.0,81.1,44300.0,High Income
Georgia,2019.0,3770000.0,73.4,4780.0,Upper-Middle Income
Ghana,2019.0,31500000.0,66.3,2270.0,Lower-Middle Income
Guinea,2019.0,12900000.0,61.2,968.0,Low Income
Gambia,2019.0,2510000.0,66.7,764.0,Low Income
Guinea-Bissau,2019.0,1970000.0,61.0,815.0,Low Income
Equatorial Guinea,2019.0,1550000.0,66.0,6400.0,Upper-Middle Income
Greece,2019.0,10600000.0,80.9,20000.0,High Income
Grenada,2019.0,123000.0,73.3,9960.0,Upper-Middle Income
Guatemala,2019.0,17100000.0,72.6,4700.0,Upper-Middle Income
Guyana,2019.0,799000.0,67.3,6760.0,Upper-Middle Income
"Hong Kong, China",2019.0,7500000.0,84.5,51400.0,High Income
Honduras,2019.0,9960000.0,72.1,2430.0,Lower-Middle Income
Croatia,2019.0,4130000.0,78.7,15600.0,High Income
Haiti,2019.0,11200000.0,63.8,1420.0,Lower-Middle Income
Hungary,2019.0,9770000.0,76.6,16800.0,High Income
Indonesia,2019.0,270000000.0,71.4,4130.0,Lower-Middle Income
India,2019.0,0.0,70.8,2160.0,Lower-Middle Income
Ireland,2019.0,4900000.0,82.0,64400.00000000001,High Income
Iran,2019.0,86600000.0,77.8,3710.0,Lower-Middle Income
Iraq,2019.0,41600000.0,73.3,5920.0,Upper-Middle Income
Iceland,2019.0,361000.0,84.1,74300.0,High Income
Israel,2019.0,8610000.0,83.0,44400.0,High Income
Italy,2019.0,59700000.0,83.1,35500.0,High Income
Jamaica,2019.0,2810000.0,76.3,5350.0,Upper-Middle Income
Jordan,2019.0,10700000.0,78.2,4490.0,Upper-Middle Income
Japan,2019.0,126000000.0,84.8,42400.0,High Income
Kazakhstan,2019.0,18800000.0,71.9,8990.0,Upper-Middle Income
Kenya,2019.0,51000000.0,66.5,1870.0,Lower-Middle Income
Kyrgyz Republic,2019.0,6320000.0,73.4,1260.0,Lower-Middle Income
Cambodia,2019.0,16200000.0,69.9,1560.0,Lower-Middle Income
Kiribati,2019.0,124000.0,60.8,3500.0,Lower-Middle Income
South Korea,2019.0,51800000.0,82.9,34500.0,High Income
Kuwait,2019.0,4440000.0,81.5,37000.0,High Income
Lao,2019.0,7210000.0,69.0,2590.0,Lower-Middle Income
Lebanon,2019.0,5780000.0,76.6,7560.0,Upper-Middle Income
Liberia,2019.0,4990000.0,66.1,622.0,Low Income
Libya,2019.0,6570000.0,75.9,7870.0,Upper-Middle Income
St. Lucia,2019.0,179000.0,75.1,11200.0,Upper-Middle Income
Sri Lanka,2019.0,21600000.0,77.3,4090.0,Lower-Middle Income
Lesotho,2019.0,2230000.0,51.8,1320.0,Lower-Middle Income
Lithuania,2019.0,2850000.0,76.2,19400.0,High Income
Luxembourg,2019.0,620000.0,82.9,78500.0,High Income
Latvia,2019.0,1920000.0,75.9,18100.0,High Income
Morocco,2019.0,36300000.0,73.3,3260.0,Lower-Middle Income
Moldova,2019.0,3110000.0,74.3,4670.0,Upper-Middle Income
Madagascar,2019.0,27500000.0,65.5,530.0,Low Income
Maldives,2019.0,505000.0,79.1,9820.0,Upper-Middle Income
Mexico,2019.0,125000000.0,75.6,9650.0,Upper-Middle Income
North Macedonia,2019.0,2110000.0,74.4,6000.0,Upper-Middle Income
Mali,2019.0,20600000.0,61.8,887.0,Low Income
Malta,2019.0,504000.0,82.6,28900.0,High Income
Myanmar,2019.0,53000000.0,69.5,1290.0,Lower-Middle Income
Montenegro,2019.0,630000.0,75.9,9300.0,Upper-Middle Income
Mongolia,2019.0,3230000.0,68.1,3920.0,Lower-Middle Income
Mozambique,2019.0,30300000.0,58.4,499.0,Low Income
Mauritania,2019.0,4380000.0,70.8,1750.0,Lower-Middle Income
Mauritius,2019.0,1300000.0,75.5,13100.0,Upper-Middle Income
Malawi,2019.0,18900000.0,64.7,560.0,Low Income
Malaysia,2019.0,32799999.999999996,75.0,11500.0,Upper-Middle Income
Namibia,2019.0,2450000.0,65.2,5260.0,Upper-Middle Income
Niger,2019.0,23400000.0,62.5,601.0,Low Income
Nigeria,2019.0,203000000.0,64.3,2070.0,Lower-Middle Income
Nicaragua,2019.0,6660000.0,75.4,1940.0,Lower-Middle Income
Netherlands,2019.0,17400000.0,81.7,54200.0,High Income
Norway,2019.0,5350000.0,82.9,83200.0,High Income
Nepal,2019.0,28800000.0,71.1,1250.0,Lower-Middle Income
New Zealand,2019.0,4960000.0,81.8,43700.0,High Income
Oman,2019.0,4600000.0,74.0,14400.0,High Income
Pakistan,2019.0,223000000.0,65.9,1440.0,Lower-Middle Income
Panama,2019.0,4230000.0,80.0,15200.0,High Income
Peru,2019.0,32799999.999999996,80.3,6920.0,Upper-Middle Income
Philippines,2019.0,110000000.0,71.8,3920.0,Lower-Middle Income
Papua New Guinea,2019.0,9540000.0,64.7,2770.0,Lower-Middle Income
Poland,2019.0,38500000.0,78.1,15700.0,High Income
Portugal,2019.0,10300000.0,81.7,23600.0,High Income
Paraguay,2019.0,6530000.0,76.6,5620.0,Upper-Middle Income
Palestine,2019.0,4910000.0,74.8,4350.0,Upper-Middle Income
Qatar,2019.0,2810000.0,76.3,62400.0,High Income
Romania,2019.0,19500000.0,75.5,12900.0,Upper-Middle Income
Russia,2019.0,146000000.0,73.0,11500.0,Upper-Middle Income
Rwanda,2019.0,12800000.0,68.7,846.0,Low Income
Saudi Arabia,2019.0,35800000.0,74.5,23300.0,High Income
Sudan,2019.0,43200000.0,70.5,836.0,Low Income
Senegal,2019.0,16000000.0,68.5,1460.0,Lower-Middle Income
Singapore,2019.0,5870000.0,84.8,59500.0,High Income
Solomon Islands,2019.0,675000.0,59.2,2420.0,Lower-Middle Income
Sierra Leone,2019.0,8050000.000000001,61.8,540.0,Low Income
El Salvador,2019.0,6280000.0,75.7,4060.0,Lower-Middle Income
Somalia,2019.0,16000000.0,58.5,336.0,Low Income
Serbia,2019.0,7400000.0,75.7,7170.0,Upper-Middle Income
South Sudan,2019.0,10400000.0,63.7,1100.0,Lower-Middle Income
Sao Tome and Principe,2019.0,215000.0,70.9,1990.0,Lower-Middle Income
Suriname,2019.0,600000.0,72.7,6310.0,Upper-Middle Income
Slovak Republic,2019.0,5450000.0,77.6,19600.0,High Income
Slovenia,2019.0,2110000.0,81.4,26400.0,High Income
Sweden,2019.0,10300000.0,82.8,57500.0,High Income
Eswatini,2019.0,1170000.0,58.3,3760.0,Lower-Middle Income
Seychelles,2019.0,104000.0,73.6,16100.000000000002,High Income
Syria,2019.0,20100000.0,73.9,1190.0,Lower-Middle Income
Chad,2019.0,16100000.000000002,60.4,713.0,Low Income
Togo,2019.0,8240000.0,65.0,937.0,Low Income
Thailand,2019.0,71300000.0,78.4,7400.0,Upper-Middle Income
Tajikistan,2019.0,9340000.0,69.6,1090.0,Lower-Middle Income
Turkmenistan,2019.0,6160000.0,70.8,7360.0,Upper-Middle Income
Timor-Leste,2019.0,1280000.0,70.6,2090.0,Lower-Middle Income
Tonga,2019.0,105000.0,73.0,5250.0,Upper-Middle Income
Trinidad and Tobago,2019.0,1520000.0,74.9,16900.0,High Income
Tunisia,2019.0,12000000.0,77.7,3650.0,Lower-Middle Income
Turkey,2019.0,83500000.0,78.4,9870.0,Upper-Middle Income
Tanzania,2019.0,59900000.0,67.2,1120.0,Lower-Middle Income
Uganda,2019.0,42900000.0,66.2,805.0,Low Income
Ukraine,2019.0,44200000.0,73.8,3430.0,Lower-Middle Income
Uruguay,2019.0,3430000.0,77.5,18100.0,High Income
United States,2019.0,334000000.0,78.9,67200.0,High Income
Uzbekistan,2019.0,33000000.0,68.4,1910.0,Lower-Middle Income
St. Vincent and the Grenadines,2019.0,105000.0,73.0,7600.0,Upper-Middle Income
Venezuela,2019.0,29000000.0,75.0,5140.0,Upper-Middle Income
Vietnam,2019.0,95800000.0,74.5,2620.0,Lower-Middle Income
Vanuatu,2019.0,304000.0,65.5,3520.0,Lower-Middle Income
Samoa,2019.0,212000.0,70.5,4310.0,Upper-Middle Income
Yemen,2019.0,31500000.0,67.7,942.0,Low Income
South Africa,2019.0,58100000.0,65.1,6800.0,Upper-Middle Income
Zambia,2019.0,18400000.0,63.2,1460.0,Lower-Middle Income
Zimbabwe,2019.0,15400000.0,61.0,1230.0,Lower-Middle Income
Afghanistan,2020.0,39000000.0,63.4,500.0,Low Income
Angola,2020.0,33400000.0,65.2,2140.0,Lower-Middle Income
Albania,2020.0,2870000.0,77.9,5210.0,Upper-Middle Income
United Arab Emirates,2020.0,9290000.0,74.0,39400.0,High Income
Argentina,2020.0,45000000.0,74.6,9070.0,Upper-Middle Income
Armenia,2020.0,2810000.0,74.0,4220.0,Lower-Middle Income
Antigua and Barbuda,2020.0,92700.0,76.3,13800.0,High Income
Australia,2020.0,25700000.0,82.9,53700.0,High Income
Austria,2020.0,8910000.0,81.5,48400.0,High Income
Azerbaijan,2020.0,10300000.0,70.4,4480.0,Upper-Middle Income
Burundi,2020.0,12200000.0,64.0,230.0,Low Income
Belgium,2020.0,11600000.0,80.2,45800.0,High Income
Benin,2020.0,12600000.0,64.6,1280.0,Lower-Middle Income
Burkina Faso,2020.0,21500000.0,61.8,770.0,Low Income
Bangladesh,2020.0,167000000.0,74.7,2030.0,Lower-Middle Income
Bulgaria,2020.0,6980000.0,71.8,9630.0,Upper-Middle Income
Bahrain,2020.0,1480000.0,76.3,19900.0,High Income
Bahamas,2020.0,406000.0,72.3,26100.0,High Income
Bosnia and Herzegovina,2020.0,3320000.0,75.4,6080.0,Upper-Middle Income
Belarus,2020.0,9630000.0,73.5,6360.0,Upper-Middle Income
Belize,2020.0,395000.0,72.1,4110.0,Lower-Middle Income
Bolivia,2020.0,11900000.0,69.8,3180.0,Lower-Middle Income
Brazil,2020.0,213000000.0,73.6,7850.0,Upper-Middle Income
Barbados,2020.0,281000.0,76.2,14300.0,High Income
Brunei,2020.0,442000.0,74.4,31500.0,High Income
Bhutan,2020.0,773000.0,73.3,2840.0,Lower-Middle Income
Botswana,2020.0,2550000.0,61.6,6640.0,Upper-Middle Income
Central African Republic,2020.0,5340000.0,52.4,500.0,Low Income
Canada,2020.0,37900000.0,81.5,43500.0,High Income
Switzerland,2020.0,8640000.0,83.2,82600.0,High Income
Chile,2020.0,19300000.0,79.1,13500.0,High Income
China,2020.0,0.0,77.7,10600.0,Upper-Middle Income
Cote d'Ivoire,2020.0,26800000.0,64.4,2280.0,Lower-Middle Income
Cameroon,2020.0,26500000.0,63.5,1520.0,Lower-Middle Income
"Congo, Dem. Rep.",2020.0,92900000.0,65.2,550.0,Low Income
"Congo, Rep.",2020.0,5700000.0,65.4,1770.0,Lower-Middle Income
Colombia,2020.0,50900000.0,77.8,5790.0,Upper-Middle Income
Comoros,2020.0,806000.0,68.8,1400.0,Lower-Middle Income
Cape Verde,2020.0,583000.0,73.1,3060.0,Lower-Middle Income
Costa Rica,2020.0,5120000.0,78.9,11500.0,Upper-Middle Income
Cuba,2020.0,11300000.0,78.7,9360.0,Upper-Middle Income
Cyprus,2020.0,1240000.0,80.8,26100.0,High Income
Czech Republic,2020.0,10500000.0,78.5,22100.0,High Income
Germany,2020.0,83300000.0,81.0,47500.0,High Income
Djibouti,2020.0,1090000.0,66.8,3310.0,Lower-Middle Income
Denmark,2020.0,5830000.0,81.2,63000.0,High Income
Dominican Republic,2020.0,11000000.0,72.7,7260.0,Upper-Middle Income
Algeria,2020.0,43500000.0,76.2,3570.0,Lower-Middle Income
Ecuador,2020.0,17600000.0,73.9,5530.0,Upper-Middle Income
Egypt,2020.0,107000000.0,71.0,3000.0,Lower-Middle Income
Eritrea,2020.0,3560000.0,64.0,458.0,Low Income
Spain,2020.0,47400000.0,81.5,27400.0,High Income
Estonia,2020.0,1330000.0,77.7,23200.0,High Income
Ethiopia,2020.0,117000000.0,69.0,890.0,Low Income
Finland,2020.0,5530000.0,82.0,49800.0,High Income
Fiji,2020.0,920000.0,68.4,4890.0,Upper-Middle Income
France,2020.0,64500000.0,82.2,39500.0,High Income
"Micronesia, Fed. Sts.",2020.0,112000.0,64.2,3950.0,Lower-Middle Income
Gabon,2020.0,2290000.0,67.8,7030.0,Upper-Middle Income
United Kingdom,2020.0,67099999.99999999,79.4,39700.0,High Income
Georgia,2020.0,3770000.0,72.6,4270.0,Upper-Middle Income
Ghana,2020.0,32200000.000000004,66.4,2340.0,Lower-Middle Income
Guinea,2020.0,13200000.0,61.3,1020.0,Low Income
Gambia,2020.0,2570000.0,66.9,750.0,Low Income
Guinea-Bissau,2020.0,2020000.0,61.0,760.0,Low Income
Equatorial Guinea,2020.0,1600000.0,66.1,5810.0,Upper-Middle Income
Greece,2020.0,10500000.0,80.4,17900.0,High Income
Grenada,2020.0,124000.0,73.3,9410.0,Upper-Middle Income
Guatemala,2020.0,17400000.0,71.5,4490.0,Upper-Middle Income
Guyana,2020.0,797000.0,66.8,7130.0,Upper-Middle Income
"Hong Kong, China",2020.0,7500000.0,84.5,48600.0,High Income
Honduras,2020.0,10100000.0,70.7,2180.0,Lower-Middle Income
Croatia,2020.0,4099999.9999999995,77.9,14500.0,High Income
Haiti,2020.0,11300000.0,63.9,1320.0,Lower-Middle Income
Hungary,2020.0,9750000.0,75.8,15900.0,High Income
Indonesia,2020.0,272000000.0,71.4,3870.0,Lower-Middle Income
India,2020.0,0.0,70.8,1920.0,Lower-Middle Income
Ireland,2020.0,4950000.0,81.1,65600.0,High Income
Iran,2020.0,87300000.0,76.2,2960.0,Lower-Middle Income
Iraq,2020.0,42600000.0,72.1,4680.0,Upper-Middle Income
Iceland,2020.0,367000.0,84.0,62400.0,High Income
Israel,2020.0,8760000.0,82.0,42600.0,High Income
Italy,2020.0,59500000.0,81.9,32299.999999999996,High Income
Jamaica,2020.0,2820000.0,76.2,4670.0,Upper-Middle Income
Jordan,2020.0,10900000.0,76.9,4310.0,Upper-Middle Income
Japan,2020.0,125000000.0,84.7,40400.0,High Income
Kazakhstan,2020.0,19000000.0,71.2,8710.0,Upper-Middle Income
Kenya,2020.0,52000000.0,66.4,1840.0,Lower-Middle Income
Kyrgyz Republic,2020.0,6420000.0,72.9,1160.0,Lower-Middle Income
Cambodia,2020.0,16399999.999999998,70.0,1500.0,Lower-Middle Income
Kiribati,2020.0,126000.0,60.8,2960.0,Lower-Middle Income
South Korea,2020.0,51800000.0,82.8,33000.0,High Income
Kuwait,2020.0,4360000.0,81.2,33000.0,High Income
Lao,2020.0,7320000.0,69.1,2520.0,Lower-Middle Income
Lebanon,2020.0,5660000.0,76.2,5370.0,Upper-Middle Income
Liberia,2020.0,5090000.0,66.2,570.0,Low Income
Libya,2020.0,6650000.0,75.5,4960.0,Upper-Middle Income
St. Lucia,2020.0,179000.0,75.2,8560.0,Upper-Middle Income
Sri Lanka,2020.0,21700000.0,77.3,3720.0,Lower-Middle Income
Lesotho,2020.0,2250000.0,52.0,1100.0,Lower-Middle Income
Lithuania,2020.0,2820000.0,74.8,19600.0,High Income
Luxembourg,2020.0,630000.0,82.0,80900.0,High Income
Latvia,2020.0,1900000.0,75.9,17900.0,High Income
Morocco,2020.0,36700000.0,73.0,2980.0,Lower-Middle Income
Moldova,2020.0,3080000.0,73.3,4560.0,Upper-Middle Income
Madagascar,2020.0,28200000.0,65.6,470.0,Low Income
Maldives,2020.0,514000.0,79.1,6490.0,Upper-Middle Income
Mexico,2020.0,126000000.0,73.0,8480.0,Upper-Middle Income
North Macedonia,2020.0,2110000.0,72.8,5750.0,Upper-Middle Income
Mali,2020.0,21200000.0,62.0,830.0,Low Income
Malta,2020.0,515000.0,82.3,25400.0,High Income
Myanmar,2020.0,53400000.0,69.4,1350.0,Lower-Middle Income
Montenegro,2020.0,629000.0,74.4,7900.0,Upper-Middle Income
Mongolia,2020.0,3290000.0,68.2,3740.0,Lower-Middle Income
Mozambique,2020.0,31200000.0,58.4,460.0,Low Income
Mauritania,2020.0,4500000.0,70.7,1670.0,Lower-Middle Income
Mauritius,2020.0,1300000.0,75.5,10200.0,Upper-Middle Income
Malawi,2020.0,19400000.0,64.8,580.0,Low Income
Malaysia,2020.0,33200000.000000004,75.1,10600.0,Upper-Middle Income
Namibia,2020.0,2490000.0,65.4,4500.0,Upper-Middle Income
Niger,2020.0,24300000.0,62.6,550.0,Low Income
Nigeria,2020.0,208000000.0,64.5,2000.0,Lower-Middle Income
Nicaragua,2020.0,6760000.0,75.4,1850.0,Lower-Middle Income
Netherlands,2020.0,17400000.0,81.0,51100.0,High Income
Norway,2020.0,5380000.0,83.2,78300.0,High Income
Nepal,2020.0,29300000.0,71.1,1190.0,Lower-Middle Income
New Zealand,2020.0,5060000.0,81.8,41500.0,High Income
Oman,2020.0,4540000.0,72.7,14000.0,High Income
Pakistan,2020.0,227000000.0,65.9,1270.0,Lower-Middle Income
Panama,2020.0,4290000.0,77.0,12400.0,Upper-Middle Income
Peru,2020.0,33299999.999999996,77.4,6030.0,Upper-Middle Income
Philippines,2020.0,112000000.0,71.8,3430.0,Lower-Middle Income
Papua New Guinea,2020.0,9750000.0,64.8,2720.0,Lower-Middle Income
Poland,2020.0,38400000.0,76.7,15200.0,High Income
Portugal,2020.0,10300000.0,80.9,21800.0,High Income
Paraguay,2020.0,6620000.0,75.7,5180.0,Upper-Middle Income
Palestine,2020.0,5020000.0,73.6,3710.0,Lower-Middle Income
Qatar,2020.0,2760000.0,76.2,56000.0,High Income
Romania,2020.0,19400000.0,74.1,12600.0,Upper-Middle Income
Russia,2020.0,146000000.0,71.2,10700.0,Upper-Middle Income
Rwanda,2020.0,13100000.0,68.7,780.0,Low Income
Saudi Arabia,2020.0,36000000.0,74.3,21900.0,High Income
Sudan,2020.0,44400000.0,70.5,650.0,Low Income
Senegal,2020.0,16399999.999999998,68.5,1430.0,Lower-Middle Income
Singapore,2020.0,5910000.0,84.9,54900.0,High Income
Solomon Islands,2020.0,691000.0,59.2,2300.0,Lower-Middle Income
Sierra Leone,2020.0,8230000.0,61.9,510.0,Low Income
El Salvador,2020.0,6290000.0,75.1,3630.0,Lower-Middle Income
Somalia,2020.0,16500000.0,58.6,320.0,Low Income
Serbia,2020.0,7360000.0,75.2,7420.0,Upper-Middle Income
South Sudan,2020.0,10600000.0,63.9,997.0,Low Income
Sao Tome and Principe,2020.0,219000.0,70.7,2060.0,Lower-Middle Income
Suriname,2020.0,607000.0,72.4,4620.0,Upper-Middle Income
Slovak Republic,2020.0,5460000.0,76.7,18900.0,High Income
Slovenia,2020.0,2120000.0,80.4,25400.0,High Income
Sweden,2020.0,10400000.0,82.0,54000.0,High Income
Eswatini,2020.0,1180000.0,58.0,3410.0,Lower-Middle Income
Seychelles,2020.0,106000.0,73.6,12200.0,Upper-Middle Income
Syria,2020.0,20800000.0,74.4,1220.0,Lower-Middle Income
Chad,2020.0,16600000.000000002,60.5,630.0,Low Income
Togo,2020.0,8440000.0,65.2,920.0,Low Income
Thailand,2020.0,71500000.0,78.5,7040.0,Upper-Middle Income
Tajikistan,2020.0,9540000.0,69.6,1060.0,Low Income
Turkmenistan,2020.0,6250000.0,70.9,7310.0,Upper-Middle Income
Timor-Leste,2020.0,1300000.0,70.7,1990.0,Lower-Middle Income
Tonga,2020.0,105000.0,73.0,5190.0,Upper-Middle Income
Trinidad and Tobago,2020.0,1520000.0,74.8,15400.0,High Income
Tunisia,2020.0,12200000.0,77.0,3300.0,Lower-Middle Income
Turkey,2020.0,84100000.0,77.8,9050.0,Upper-Middle Income
Tanzania,2020.0,61700000.0,67.3,1080.0,Low Income
Uganda,2020.0,44400000.0,66.4,800.0,Low Income
Ukraine,2020.0,43900000.0,73.2,3540.0,Lower-Middle Income
Uruguay,2020.0,3430000.0,77.3,15800.0,High Income
United States,2020.0,336000000.0,77.0,64500.0,High Income
Uzbekistan,2020.0,33500000.0,68.4,1740.0,Lower-Middle Income
St. Vincent and the Grenadines,2020.0,105000.0,73.0,7310.0,Upper-Middle Income
Venezuela,2020.0,28500000.0,75.1,3580.0,Lower-Middle Income
Vietnam,2020.0,96600000.0,74.5,2650.0,Lower-Middle Income
Vanuatu,2020.0,312000.0,65.5,3190.0,Lower-Middle Income
Samoa,2020.0,215000.0,70.5,4050.0,Lower-Middle Income
Yemen,2020.0,32299999.999999996,67.8,872.0,Low Income
South Africa,2020.0,58800000.0,64.3,6010.0,Upper-Middle Income
Zambia,2020.0,18900000.0,63.1,1160.0,Lower-Middle Income
Zimbabwe,2020.0,15700000.0,60.7,1140.0,Lower-Middle Income
Afghanistan,2021.0,40100000.0,64.0,508.0,Low Income
Angola,2021.0,34500000.0,65.8,2090.0,Lower-Middle Income
Albania,2021.0,2850000.0,78.7,5480.0,Upper-Middle Income
United Arab Emirates,2021.0,9370000.0,74.2,39400.0,High Income
Argentina,2021.0,45300000.0,76.9,9500.0,Upper-Middle Income
Armenia,2021.0,2790000.0,76.0,4260.0,Upper-Middle Income
Antigua and Barbuda,2021.0,93200.0,76.5,13100.0,Upper-Middle Income
Australia,2021.0,25900000.0,83.2,56000.0,High Income
Austria,2021.0,8920000.0,82.4,49800.0,High Income
Azerbaijan,2021.0,10300000.0,71.2,4530.0,Upper-Middle Income
Burundi,2021.0,12600000.0,64.5,230.0,Low Income
Belgium,2021.0,11600000.0,81.7,47500.0,High Income
Benin,2021.0,13000000.0,65.1,1310.0,Lower-Middle Income
Burkina Faso,2021.0,22100000.0,62.5,780.0,Low Income
Bangladesh,2021.0,169000000.0,75.1,2180.0,Lower-Middle Income
Bulgaria,2021.0,6890000.0,73.6,10100.0,Upper-Middle Income
Bahrain,2021.0,1460000.0,77.3,20200.0,High Income
Bahamas,2021.0,408000.0,73.6,26300.0,High Income
Bosnia and Herzegovina,2021.0,3270000.0,77.3,6320.0,Upper-Middle Income
Belarus,2021.0,9580000.0,74.3,6370.0,Upper-Middle Income
Belize,2021.0,400000.0,74.7,4100.0,Lower-Middle Income
Bolivia,2021.0,12100000.0,72.5,3310.0,Lower-Middle Income
Brazil,2021.0,214000000.0,76.3,8090.0,Upper-Middle Income
Barbados,2021.0,281000.0,76.4,14900.0,High Income
Brunei,2021.0,445000.0,74.6,32000.0,High Income
Bhutan,2021.0,777000.0,73.8,2760.0,Lower-Middle Income
Botswana,2021.0,2590000.0,62.5,6990.0,Upper-Middle Income
Central African Republic,2021.0,5460000.0,53.1,508.0,Low Income
Canada,2021.0,38200000.0,82.5,45400.0,High Income
Switzerland,2021.0,8690000.0,84.3,84500.0,High Income
Chile,2021.0,19500000.0,80.5,14100.0,High Income
China,2021.0,0.0,78.0,11400.0,Upper-Middle Income
Cote d'Ivoire,2021.0,27500000.0,64.9,2360.0,Lower-Middle Income
Cameroon,2021.0,27200000.0,64.0,1530.0,Lower-Middle Income
"Congo, Dem. Rep.",2021.0,95900000.0,65.7,553.0,Low Income
"Congo, Rep.",2021.0,5840000.0,65.9,1730.0,Lower-Middle Income
Colombia,2021.0,51500000.0,80.5,6030.0,Upper-Middle Income
Comoros,2021.0,822000.0,69.2,1360.0,Lower-Middle Income
Cape Verde,2021.0,588000.0,74.1,3200.0,Lower-Middle Income
Costa Rica,2021.0,5150000.0,80.5,11700.0,Upper-Middle Income
Cuba,2021.0,11300000.0,78.9,9550.0,Upper-Middle Income
Cyprus,2021.0,1240000.0,81.1,26600.0,High Income
Czech Republic,2021.0,10500000.0,79.7,22900.0,High Income
Germany,2021.0,83400000.0,81.5,49100.0,High Income
Djibouti,2021.0,1110000.0,67.5,3380.0,Lower-Middle Income
Denmark,2021.0,5850000.0,81.4,64599.99999999999,High Income
Dominican Republic,2021.0,11100000.0,73.5,7590.0,Upper-Middle Income
Algeria,2021.0,44200000.0,76.6,3610.0,Lower-Middle Income
Ecuador,2021.0,17800000.0,76.8,5590.0,Upper-Middle Income
Egypt,2021.0,109000000.0,71.3,3010.0,Lower-Middle Income
Eritrea,2021.0,3620000.0,64.5,460.0,Low Income
Spain,2021.0,47500000.0,83.3,29100.0,High Income
Estonia,2021.0,1330000.0,78.3,24000.0,High Income
Ethiopia,2021.0,120000000.0,69.6,893.0,Low Income
Finland,2021.0,5540000.0,82.2,50900.0,High Income
Fiji,2021.0,925000.0,68.6,5110.0,Upper-Middle Income
France,2021.0,64500000.0,83.1,41700.0,High Income
"Micronesia, Fed. Sts.",2021.0,113000.0,64.3,3800.0,Lower-Middle Income
Gabon,2021.0,2340000.0,68.2,7020.0,Upper-Middle Income
United Kingdom,2021.0,67300000.0,81.3,41600.0,High Income
Georgia,2021.0,3760000.0,73.7,4420.0,Upper-Middle Income
Ghana,2021.0,32799999.999999996,66.9,2410.0,Lower-Middle Income
Guinea,2021.0,13500000.0,61.9,1050.0,Low Income
Gambia,2021.0,2640000.0,67.5,772.0,Low Income
Guinea-Bissau,2021.0,2060000.0,61.6,766.0,Low Income
Equatorial Guinea,2021.0,1630000.0,66.7,5850.0,Upper-Middle Income
Greece,2021.0,10400000.0,81.3,18700.0,High Income
Grenada,2021.0,125000.0,73.4,9210.0,Upper-Middle Income
Guatemala,2021.0,17600000.0,73.0,4600.0,Upper-Middle Income
Guyana,2021.0,805000.0,67.5,7410.0,Upper-Middle Income
"Hong Kong, China",2021.0,7490000.0,84.7,50400.0,High Income
Honduras,2021.0,10300000.0,72.4,2240.0,Lower-Middle Income
Croatia,2021.0,4059999.9999999995,79.0,15300.0,High Income
Haiti,2021.0,11400000.0,64.4,1320.0,Lower-Middle Income
Hungary,2021.0,9710000.0,76.9,16600.0,High Income
Indonesia,2021.0,274000000.0,71.8,4010.0,Lower-Middle Income
India,2021.0,0.0,71.2,2140.0,Lower-Middle Income
Ireland,2021.0,4990000.0,82.3,67800.0,High Income
Iran,2021.0,87900000.0,78.2,3010.0,Lower-Middle Income
Iraq,2021.0,43500000.0,73.6,4610.0,Upper-Middle Income
Iceland,2021.0,370000.0,84.4,63700.0,High Income
Israel,2021.0,8900000.0,83.3,43900.0,High Income
Italy,2021.0,59200000.0,83.4,33700.0,High Income
Jamaica,2021.0,2830000.0,76.5,4730.0,Upper-Middle Income
Jordan,2021.0,11100000.0,78.5,4350.0,Upper-Middle Income
Japan,2021.0,125000000.0,85.1,41800.0,High Income
Kazakhstan,2021.0,19200000.0,72.3,8870.0,Upper-Middle Income
Kenya,2021.0,53000000.0,67.0,1940.0,Lower-Middle Income
Kyrgyz Republic,2021.0,6530000.0,73.7,1200.0,Lower-Middle Income
Cambodia,2021.0,16600000.000000002,70.3,1550.0,Lower-Middle Income
Kiribati,2021.0,129000.0,61.2,2960.0,Lower-Middle Income
South Korea,2021.0,51800000.0,83.2,34100.0,High Income
Kuwait,2021.0,4250000.0,81.7,32400.0,High Income
Lao,2021.0,7430000.0,69.6,2600.0,Lower-Middle Income
Lebanon,2021.0,5590000.0,76.8,4910.0,Upper-Middle Income
Liberia,2021.0,5190000.0,66.7,576.0,Low Income
Libya,2021.0,6740000.0,76.3,11300.0,Upper-Middle Income
St. Lucia,2021.0,180000.0,75.4,8770.0,Upper-Middle Income
Sri Lanka,2021.0,21800000.0,77.6,3850.0,Lower-Middle Income
Lesotho,2021.0,2280000.0,52.6,1120.0,Lower-Middle Income
Lithuania,2021.0,2790000.0,76.5,20200.0,High Income
Luxembourg,2021.0,639000.0,83.2,82600.0,High Income
Latvia,2021.0,1870000.0,76.1,18600.0,High Income
Morocco,2021.0,37100000.0,73.8,3080.0,Lower-Middle Income
Moldova,2021.0,3060000.0,74.6,4850.0,Upper-Middle Income
Madagascar,2021.0,28900000.0,66.2,473.0,Low Income
Maldives,2021.0,521000.0,79.6,7590.0,Upper-Middle Income
Mexico,2021.0,127000000.0,75.8,8820.0,Upper-Middle Income
North Macedonia,2021.0,2100000.0,74.6,5970.0,Upper-Middle Income
Mali,2021.0,21900000.0,62.6,838.0,Low Income
Malta,2021.0,527000.0,82.9,26200.0,High Income
Myanmar,2021.0,53800000.0,69.9,1220.0,Lower-Middle Income
Montenegro,2021.0,628000.0,76.1,8610.0,Upper-Middle Income
Mongolia,2021.0,3350000.0,68.5,3860.0,Lower-Middle Income
Mozambique,2021.0,32100000.0,59.3,457.0,Low Income
Mauritania,2021.0,4610000.0,71.2,1690.0,Lower-Middle Income
Mauritius,2021.0,1300000.0,75.8,10900.0,Upper-Middle Income
Malawi,2021.0,19900000.0,65.6,576.0,Low Income
Malaysia,2021.0,33600000.0,75.3,11100.0,Upper-Middle Income
Namibia,2021.0,2530000.0,65.9,4490.0,Upper-Middle Income
Niger,2021.0,25300000.0,63.2,567.0,Low Income
Nigeria,2021.0,213000000.0,65.1,2000.0,Lower-Middle Income
Nicaragua,2021.0,6850000.0,75.8,1840.0,Lower-Middle Income
Netherlands,2021.0,17500000.0,82.0,52700.0,High Income
Norway,2021.0,5400000.0,83.2,80800.0,High Income
Nepal,2021.0,30000000.0,71.6,1210.0,Lower-Middle Income
New Zealand,2021.0,5130000.0,82.1,43000.0,High Income
Oman,2021.0,4520000.0,74.4,13900.0,High Income
Pakistan,2021.0,231000000.0,66.2,1270.0,Lower-Middle Income
Panama,2021.0,4350000.0,80.4,13700.0,High Income
Peru,2021.0,33700000.0,80.7,6480.0,Upper-Middle Income
Philippines,2021.0,114000000.0,72.1,3610.0,Lower-Middle Income
Papua New Guinea,2021.0,9950000.0,65.1,2760.0,Lower-Middle Income
Poland,2021.0,38300000.0,78.4,15800.0,High Income
Portugal,2021.0,10300000.0,82.1,22700.0,High Income
Paraguay,2021.0,6700000.0,76.8,5310.0,Upper-Middle Income
Palestine,2021.0,5130000.0,75.1,3830.0,Lower-Middle Income
Qatar,2021.0,2690000.0,76.5,57200.0,High Income
Romania,2021.0,19300000.0,75.8,13300.0,High Income
Russia,2021.0,145000000.0,73.3,11100.0,Upper-Middle Income
Rwanda,2021.0,13500000.0,69.2,806.0,Low Income
Saudi Arabia,2021.0,36000000.0,74.8,22100.0,High Income
Sudan,2021.0,45700000.0,71.0,636.0,Low Income
Senegal,2021.0,16900000.0,69.0,1460.0,Lower-Middle Income
Singapore,2021.0,5940000.0,85.1,57100.0,High Income
Solomon Islands,2021.0,708000.0,59.4,2290.0,Lower-Middle Income
Sierra Leone,2021.0,8420000.0,62.6,514.0,Low Income
El Salvador,2021.0,6310000.0,76.2,3760.0,Lower-Middle Income
Somalia,2021.0,17100000.0,59.1,320.0,Low Income
Serbia,2021.0,7300000.0,76.0,7820.0,Upper-Middle Income
South Sudan,2021.0,10700000.0,64.3,1020.0,Low Income
Sao Tome and Principe,2021.0,223000.0,71.3,2070.0,Lower-Middle Income
Suriname,2021.0,613000.0,73.0,4600.0,Upper-Middle Income
Slovak Republic,2021.0,5450000.0,77.8,19800.0,High Income
Slovenia,2021.0,2120000.0,81.7,26200.0,High Income
Sweden,2021.0,10500000.0,83.1,54500.0,High Income
Eswatini,2021.0,1190000.0,59.1,3420.0,Lower-Middle Income
Seychelles,2021.0,106000.0,73.7,12300.0,Upper-Middle Income
Syria,2021.0,21300000.0,75.8,1250.0,Lower-Middle Income
Chad,2021.0,17200000.0,61.0,623.0,Low Income
Togo,2021.0,8640000.0,65.7,929.0,Low Income
Thailand,2021.0,71600000.0,78.8,7210.0,Upper-Middle Income
Tajikistan,2021.0,9750000.0,70.0,1090.0,Lower-Middle Income
Turkmenistan,2021.0,6340000.0,71.1,7560.0,Upper-Middle Income
Timor-Leste,2021.0,1320000.0,71.0,1800.0,Lower-Middle Income
Tonga,2021.0,106000.0,73.2,5070.0,Upper-Middle Income
Trinidad and Tobago,2021.0,1530000.0,75.1,15700.0,High Income
Tunisia,2021.0,12300000.0,78.1,3390.0,Lower-Middle Income
Turkey,2021.0,84800000.0,78.9,9480.0,Upper-Middle Income
Tanzania,2021.0,63600000.0,67.9,1080.0,Low Income
Uganda,2021.0,45900000.0,66.9,826.0,Low Income
Ukraine,2021.0,43500000.0,74.1,3700.0,Lower-Middle Income
Uruguay,2021.0,3430000.0,77.8,16200.0,High Income
United States,2021.0,337000000.0,79.0,68300.0,High Income
Uzbekistan,2021.0,34100000.0,68.7,1800.0,Lower-Middle Income
St. Vincent and the Grenadines,2021.0,104000.0,73.2,7300.0,Upper-Middle Income
Venezuela,2021.0,28200000.0,75.1,3260.0,Lower-Middle Income
Vietnam,2021.0,97500000.0,74.7,2800.0,Lower-Middle Income
Vanuatu,2021.0,319000.0,65.7,3210.0,Lower-Middle Income
Samoa,2021.0,219000.0,70.7,3700.0,Lower-Middle Income
Yemen,2021.0,33000000.0,67.9,855.0,Low Income
South Africa,2021.0,59400000.0,65.6,6100.0,Upper-Middle Income
Zambia,2021.0,19500000.0,63.8,1130.0,Lower-Middle Income
Zimbabwe,2021.0,16000000.0,61.5,1150.0,Lower-Middle Income
Afghanistan,2022.0,41100000.0,64.3,519.0,Low Income
Angola,2022.0,35600000.0,66.1,2070.0,Lower-Middle Income
Albania,2022.0,2840000.0,78.8,5710.0,Upper-Middle Income
United Arab Emirates,2022.0,9440000.0,74.3,39200.0,High Income
Argentina,2022.0,45500000.0,77.0,9640.0,Upper-Middle Income
Armenia,2022.0,2780000.0,76.1,4410.0,Upper-Middle Income
Antigua and Barbuda,2022.0,93800.0,76.7,14500.0,High Income
Australia,2022.0,26200000.0,83.3,57100.0,High Income
Austria,2022.0,8940000.0,82.6,51500.0,High Income
Azerbaijan,2022.0,10400000.0,71.3,4550.0,Upper-Middle Income
Burundi,2022.0,12900000.0,64.9,231.0,Low Income
Belgium,2022.0,11700000.0,81.9,48700.0,High Income
Benin,2022.0,13400000.0,65.5,1350.0,Lower-Middle Income
Burkina Faso,2022.0,22700000.0,62.9,797.0,Low Income
Bangladesh,2022.0,171000000.0,75.4,2320.0,Lower-Middle Income
Bulgaria,2022.0,6780000.0,73.7,10600.0,Upper-Middle Income
Bahrain,2022.0,1470000.0,77.4,20400.0,High Income
Bahamas,2022.0,410000.0,73.7,28200.0,High Income
Bosnia and Herzegovina,2022.0,3230000.0,77.4,6560.0,Upper-Middle Income
Belarus,2022.0,9530000.0,74.4,6450.0,Upper-Middle Income
Belize,2022.0,405000.0,74.9,4270.0,Upper-Middle Income
Bolivia,2022.0,12200000.0,72.8,3390.0,Lower-Middle Income
Brazil,2022.0,215000000.0,76.4,8240.0,Upper-Middle Income
Barbados,2022.0,282000.0,76.6,16000.0,High Income
Brunei,2022.0,449000.0,74.8,32700.000000000004,High Income
Bhutan,2022.0,782000.0,74.1,2890.0,Lower-Middle Income
Botswana,2022.0,2630000.0,62.6,7220.0,Upper-Middle Income
Central African Republic,2022.0,5580000.0,53.4,523.0,Low Income
Canada,2022.0,38500000.0,82.6,47000.0,High Income
Switzerland,2022.0,8740000.0,84.4,85800.0,High Income
Chile,2022.0,19600000.0,80.6,14500.0,High Income
China,2022.0,0.0,78.1,12000.0,Upper-Middle Income
Cote d'Ivoire,2022.0,28200000.0,65.2,2440.0,Lower-Middle Income
Cameroon,2022.0,27900000.0,64.3,1560.0,Lower-Middle Income
"Congo, Dem. Rep.",2022.0,99000000.0,65.9,561.0,Low Income
"Congo, Rep.",2022.0,5970000.0,66.1,1710.0,Lower-Middle Income
Colombia,2022.0,51900000.0,80.7,6190.0,Upper-Middle Income
Comoros,2022.0,837000.0,69.4,1360.0,Lower-Middle Income
Cape Verde,2022.0,593000.0,74.3,3350.0,Lower-Middle Income
Costa Rica,2022.0,5180000.0,80.6,12000.0,Upper-Middle Income
Cuba,2022.0,11200000.0,79.0,9750.0,Upper-Middle Income
Cyprus,2022.0,1250000.0,81.3,27300.0,High Income
Czech Republic,2022.0,10500000.0,79.9,23800.0,High Income
Germany,2022.0,83400000.0,81.7,50700.0,High Income
Djibouti,2022.0,1120000.0,67.7,3470.0,Lower-Middle Income
Denmark,2022.0,5880000.0,81.5,66200.0,High Income
Dominican Republic,2022.0,11200000.0,73.7,7890.0,Upper-Middle Income
Algeria,2022.0,44900000.0,76.7,3640.0,Lower-Middle Income
Ecuador,2022.0,18000000.0,77.0,5580.0,Upper-Middle Income
Egypt,2022.0,111000000.0,71.4,3120.0,Lower-Middle Income
Eritrea,2022.0,3680000.0,64.8,475.0,Low Income
Spain,2022.0,47600000.0,83.5,30300.0,High Income
Estonia,2022.0,1330000.0,78.5,25000.0,High Income
Ethiopia,2022.0,123000000.0,69.9,956.0,Low Income
Finland,2022.0,5540000.0,82.4,52100.0,High Income
Fiji,2022.0,930000.0,68.8,5540.0,Upper-Middle Income
France,2022.0,64599999.99999999,83.3,43300.0,High Income
"Micronesia, Fed. Sts.",2022.0,114000.0,64.5,3900.0,Lower-Middle Income
Gabon,2022.0,2390000.0,68.4,7130.0,Upper-Middle Income
United Kingdom,2022.0,67500000.0,81.4,43500.0,High Income
Georgia,2022.0,3740000.0,73.8,4670.0,Upper-Middle Income
Ghana,2022.0,33500000.0,67.1,2490.0,Lower-Middle Income
Guinea,2022.0,13900000.0,62.2,1080.0,Low Income
Gambia,2022.0,2710000.0,67.8,798.0,Low Income
Guinea-Bissau,2022.0,2110000.0,61.9,779.0,Low Income
Equatorial Guinea,2022.0,1670000.0,67.0,5330.0,Upper-Middle Income
Greece,2022.0,10400000.0,81.4,19700.0,High Income
Grenada,2022.0,125000.0,73.5,9640.0,Upper-Middle Income
Guatemala,2022.0,17800000.0,73.2,4690.0,Upper-Middle Income
Guyana,2022.0,809000.0,67.6,7720.0,Upper-Middle Income
"Hong Kong, China",2022.0,7490000.0,84.8,52000.0,High Income
Honduras,2022.0,10400000.0,72.6,2270.0,Lower-Middle Income
Croatia,2022.0,4030000.0000000005,79.1,16200.0,High Income
Haiti,2022.0,11600000.0,64.7,1310.0,Lower-Middle Income
Hungary,2022.0,9970000.0,77.0,17600.0,High Income
Indonesia,2022.0,276000000.0,71.9,4200.0,Lower-Middle Income
India,2022.0,0.0,71.5,2270.0,Lower-Middle Income
Ireland,2022.0,5020000.0,82.5,70400.0,High Income
Iran,2022.0,88600000.0,78.3,3040.0,Lower-Middle Income
Iraq,2022.0,44500000.0,73.7,4690.0,Upper-Middle Income
Iceland,2022.0,373000.0,84.5,65000.0,High Income
Israel,2022.0,9040000.0,83.5,45000.0,High Income
Italy,2022.0,59000000.0,83.5,34900.0,High Income
Jamaica,2022.0,2830000.0,76.6,5000.0,Upper-Middle Income
Jordan,2022.0,11300000.0,78.7,4430.0,Upper-Middle Income
Japan,2022.0,124000000.0,85.2,43100.0,High Income
Kazakhstan,2022.0,19400000.0,72.3,9110.0,Upper-Middle Income
Kenya,2022.0,54000000.0,67.3,2000.0,Lower-Middle Income
Kyrgyz Republic,2022.0,6630000.0,73.9,1230.0,Lower-Middle Income
Cambodia,2022.0,16800000.0,70.5,1620.0,Lower-Middle Income
Kiribati,2022.0,131000.0,61.4,2990.0,Lower-Middle Income
South Korea,2022.0,51800000.0,83.3,35100.0,High Income
Kuwait,2022.0,4270000.0,81.8,32500.0,High Income
Lao,2022.0,7530000.0,69.8,2710.0,Lower-Middle Income
Lebanon,2022.0,5490000.0,76.9,4720.0,Upper-Middle Income
Liberia,2022.0,5300000.0,67.0,589.0,Low Income
Libya,2022.0,6810000.0,76.4,11800.0,Upper-Middle Income
St. Lucia,2022.0,180000.0,75.5,9660.0,Upper-Middle Income
Sri Lanka,2022.0,21800000.0,77.8,3980.0,Lower-Middle Income
Lesotho,2022.0,2310000.0,53.0,1160.0,Lower-Middle Income
Lithuania,2022.0,2750000.0,76.7,20900.0,High Income
Luxembourg,2022.0,648000.0,83.4,84000.0,High Income
Latvia,2022.0,1850000.0,76.3,19600.0,High Income
Morocco,2022.0,37500000.0,74.0,3170.0,Lower-Middle Income
Moldova,2022.0,3270000.0,74.7,5140.0,Upper-Middle Income
Madagascar,2022.0,29600000.0,66.5,485.0,Low Income
Maldives,2022.0,524000.0,79.9,8460.0,Upper-Middle Income
Mexico,2022.0,128000000.0,75.9,9010.0,Upper-Middle Income
North Macedonia,2022.0,2089999.9999999998,74.8,6210.0,Upper-Middle Income
Mali,2022.0,22600000.0,63.0,863.0,Low Income
Malta,2022.0,533000.0,83.0,27400.0,High Income
Myanmar,2022.0,54200000.0,70.1,1230.0,Lower-Middle Income
Montenegro,2022.0,627000.0,76.3,9070.0,Upper-Middle Income
Mongolia,2022.0,3400000.0,68.6,4080.0,Lower-Middle Income
Mozambique,2022.0,33000000.0,59.6,466.0,Low Income
Mauritania,2022.0,4740000.0,71.4,1740.0,Lower-Middle Income
Mauritius,2022.0,1300000.0,75.9,11500.0,Upper-Middle Income
Malawi,2022.0,20400000.0,66.0,597.0,Low Income
Malaysia,2022.0,33900000.0,75.5,11600.0,Upper-Middle Income
Namibia,2022.0,2570000.0,66.3,4510.0,Upper-Middle Income
Niger,2022.0,26200000.0,63.6,615.0,Low Income
Nigeria,2022.0,219000000.0,65.5,2000.0,Lower-Middle Income
Nicaragua,2022.0,6950000.0,76.0,1870.0,Lower-Middle Income
Netherlands,2022.0,17600000.0,82.2,54100.0,High Income
Norway,2022.0,5430000.0,83.4,83600.0,High Income
Nepal,2022.0,30500000.0,71.9,1240.0,Lower-Middle Income
New Zealand,2022.0,5190000.0,82.2,43800.0,High Income
Oman,2022.0,4580000.0,74.6,14500.0,High Income
Pakistan,2022.0,236000000.0,66.3,1290.0,Lower-Middle Income
Panama,2022.0,4410000.0,80.6,14200.0,High Income
Peru,2022.0,34000000.0,80.9,6740.0,Upper-Middle Income
Philippines,2022.0,116000000.0,72.2,3790.0,Lower-Middle Income
Papua New Guinea,2022.0,10100000.0,65.3,2820.0,Lower-Middle Income
Poland,2022.0,39900000.0,78.6,16500.0,High Income
Portugal,2022.0,10300000.0,82.2,23800.0,High Income
Paraguay,2022.0,6780000.0,76.9,5450.0,Upper-Middle Income
Palestine,2022.0,5250000.0,75.3,4000.0,Lower-Middle Income
Qatar,2022.0,2700000.0,76.7,59100.0,High Income
Romania,2022.0,19700000.0,75.9,14000.0,High Income
Russia,2022.0,145000000.0,73.4,11500.0,Upper-Middle Income
Rwanda,2022.0,13800000.0,69.5,842.0,Low Income
Saudi Arabia,2022.0,36400000.0,75.0,22600.0,High Income
Sudan,2022.0,46900000.0,71.2,627.0,Low Income
Senegal,2022.0,17300000.0,69.3,1510.0,Lower-Middle Income
Singapore,2022.0,5980000.0,85.3,58300.0,High Income
Solomon Islands,2022.0,724000.0,59.5,2340.0,Lower-Middle Income
Sierra Leone,2022.0,8610000.0,63.0,521.0,Low Income
El Salvador,2022.0,6340000.0,76.4,3850.0,Lower-Middle Income
Somalia,2022.0,17600000.0,59.4,321.0,Low Income
Serbia,2022.0,7220000.0,76.1,8210.0,Upper-Middle Income
South Sudan,2022.0,10900000.0,64.6,1060.0,Low Income
Sao Tome and Principe,2022.0,227000.0,71.5,2140.0,Lower-Middle Income
Suriname,2022.0,618000.0,73.1,4610.0,Upper-Middle Income
Slovak Republic,2022.0,5640000.0,78.0,20600.0,High Income
Slovenia,2022.0,2120000.0,81.9,27300.0,High Income
Sweden,2022.0,10500000.0,83.3,55600.0,High Income
Eswatini,2022.0,1200000.0,59.3,3420.0,Lower-Middle Income
Seychelles,2022.0,107000.0,73.8,12700.0,Upper-Middle Income
Syria,2022.0,22100000.0,76.7,1270.0,Lower-Middle Income
Chad,2022.0,17700000.0,61.3,620.0,Low Income
Togo,2022.0,8850000.0,66.0,948.0,Low Income
Thailand,2022.0,71700000.0,79.0,7600.0,Upper-Middle Income
Tajikistan,2022.0,9950000.0,70.1,1120.0,Lower-Middle Income
Turkmenistan,2022.0,6430000.0,71.2,7780.0,Upper-Middle Income
Timor-Leste,2022.0,1340000.0,71.2,1830.0,Lower-Middle Income
Tonga,2022.0,107000.0,73.3,5200.0,Upper-Middle Income
Trinidad and Tobago,2022.0,1530000.0,75.2,16200.0,High Income
Tunisia,2022.0,12400000.0,78.3,3440.0,Lower-Middle Income
Turkey,2022.0,85300000.0,79.1,9700.0,Upper-Middle Income
Tanzania,2022.0,65500000.0,68.1,1090.0,Lower-Middle Income
Uganda,2022.0,47200000.0,67.2,842.0,Low Income
Ukraine,2022.0,39700000.0,74.2,3840.0,Lower-Middle Income
Uruguay,2022.0,3420000.0,78.0,16700.0,High Income
United States,2022.0,338000000.0,79.1,70300.0,High Income
Uzbekistan,2022.0,34600000.0,68.7,1860.0,Lower-Middle Income
St. Vincent and the Grenadines,2022.0,104000.0,73.3,7650.0,Upper-Middle Income
Venezuela,2022.0,28300000.0,75.3,3180.0,Lower-Middle Income
Vietnam,2022.0,98200000.0,74.8,2970.0,Lower-Middle Income
Vanuatu,2022.0,327000.0,65.9,3270.0,Lower-Middle Income
Samoa,2022.0,222000.0,70.8,3730.0,Lower-Middle Income
Yemen,2022.0,33700000.0,68.0,856.0,Low Income
South Africa,2022.0,59900000.0,65.9,6130.0,Upper-Middle Income
Zambia,2022.0,20000000.0,64.0,1110.0,Lower-Middle Income
Zimbabwe,2022.0,16300000.0,61.7,1170.0,Lower-Middle Income
Afghanistan,2023.0,42200000.0,64.6,531.0,Low Income
Angola,2023.0,36700000.0,66.4,2080.0,Lower-Middle Income
Albania,2023.0,2830000.0,79.0,5950.0,Upper-Middle Income
United Arab Emirates,2023.0,9520000.0,74.4,39100.0,High Income
Argentina,2023.0,45800000.0,77.2,9750.0,Upper-Middle Income
Armenia,2023.0,2780000.0,76.3,4640.0,Upper-Middle Income
Antigua and Barbuda,2023.0,94300.0,76.8,15200.0,High Income
Australia,2023.0,26400000.0,83.5,57800.0,High Income
Austria,2023.0,8960000.0,82.8,52400.0,High Income
Azerbaijan,2023.0,10400000.0,71.4,4570.0,Upper-Middle Income
Burundi,2023.0,13200000.0,65.2,233.0,Low Income
Belgium,2023.0,11700000.0,82.0,49500.0,High Income
Benin,2023.0,13700000.0,65.8,1400.0,Lower-Middle Income
Burkina Faso,2023.0,23300000.0,63.3,818.0,Low Income
Bangladesh,2023.0,173000000.0,75.7,2470.0,Lower-Middle Income
Bulgaria,2023.0,6690000.0,73.8,11100.0,Upper-Middle Income
Bahrain,2023.0,1490000.0,77.5,20600.0,High Income
Bahamas,2023.0,413000.0,73.8,29000.0,High Income
Bosnia and Herzegovina,2023.0,3210000.0,77.6,6770.0,Upper-Middle Income
Belarus,2023.0,9500000.0,74.5,6560.0,Upper-Middle Income
Belize,2023.0,411000.0,75.0,4360.0,Upper-Middle Income
Bolivia,2023.0,12400000.0,73.0,3470.0,Lower-Middle Income
Brazil,2023.0,216000000.0,76.6,8370.0,Upper-Middle Income
Barbados,2023.0,282000.0,76.7,16700.0,High Income
Brunei,2023.0,453000.0,74.9,33400.0,High Income
Bhutan,2023.0,787000.0,74.3,3020.0,Lower-Middle Income
Botswana,2023.0,2680000.0,62.7,7370.0,Upper-Middle Income
Central African Republic,2023.0,5740000.0,53.6,538.0,Low Income
Canada,2023.0,38800000.0,82.8,47500.0,High Income
Switzerland,2023.0,8800000.0,84.5,86000.0,High Income
Chile,2023.0,19600000.0,80.8,14800.0,High Income
China,2023.0,0.0,78.3,12600.0,Upper-Middle Income
Cote d'Ivoire,2023.0,28900000.0,65.5,2540.0,Lower-Middle Income
Cameroon,2023.0,28600000.0,64.6,1600.0,Lower-Middle Income
"Congo, Dem. Rep.",2023.0,102000000.0,66.2,571.0,Low Income
"Congo, Rep.",2023.0,6110000.0,66.2,1750.0,Lower-Middle Income
Colombia,2023.0,52100000.0,80.9,6380.0,Upper-Middle Income
Comoros,2023.0,852000.0,69.6,1360.0,Lower-Middle Income
Cape Verde,2023.0,599000.0,74.4,3510.0,Lower-Middle Income
Costa Rica,2023.0,5210000.0,80.8,12200.0,Upper-Middle Income
Cuba,2023.0,11200000.0,79.1,9960.0,Upper-Middle Income
Cyprus,2023.0,1260000.0,81.4,27900.0,High Income
Czech Republic,2023.0,10500000.0,80.0,24700.0,High Income
Germany,2023.0,83300000.0,81.8,51500.0,High Income
Djibouti,2023.0,1140000.0,67.8,3580.0,Lower-Middle Income
Denmark,2023.0,5910000.0,81.7,67200.0,High Income
Dominican Republic,2023.0,11300000.0,73.8,8210.0,Upper-Middle Income
Algeria,2023.0,45600000.0,76.9,3620.0,Lower-Middle Income
Ecuador,2023.0,18200000.0,77.2,5600.0,Upper-Middle Income
Egypt,2023.0,113000000.0,71.6,3230.0,Lower-Middle Income
Eritrea,2023.0,3750000.0,65.1,484.0,Low Income
Spain,2023.0,47500000.0,83.6,31000.0,High Income
Estonia,2023.0,1320000.0,78.6,25800.0,High Income
Ethiopia,2023.0,127000000.0,70.3,1020.0,Low Income
Finland,2023.0,5550000.0,82.5,52900.0,High Income
Fiji,2023.0,936000.0,68.9,5860.0,Upper-Middle Income
France,2023.0,64800000.0,83.4,43900.0,High Income
"Micronesia, Fed. Sts.",2023.0,115000.0,64.5,3970.0,Lower-Middle Income
Gabon,2023.0,2440000.0,68.5,7280.0,Upper-Middle Income
United Kingdom,2023.0,67700000.0,81.6,44200.0,High Income
Georgia,2023.0,3730000.0,74.0,4920.0,Upper-Middle Income
Ghana,2023.0,34100000.0,67.3,2540.0,Lower-Middle Income
Guinea,2023.0,14200000.0,62.5,1110.0,Lower-Middle Income
Gambia,2023.0,2770000.0,68.2,829.0,Low Income
Guinea-Bissau,2023.0,2150000.0,62.2,801.0,Low Income
Equatorial Guinea,2023.0,1710000.0,67.4,5100.0,Upper-Middle Income
Greece,2023.0,10300000.0,81.6,20200.0,High Income
Grenada,2023.0,126000.0,73.5,10100.0,Upper-Middle Income
Guatemala,2023.0,18100000.0,73.4,4760.0,Upper-Middle Income
Guyana,2023.0,814000.0,67.7,8040.0,Upper-Middle Income
"Hong Kong, China",2023.0,7490000.0,85.0,53200.0,High Income
Honduras,2023.0,10600000.0,72.7,2310.0,Lower-Middle Income
Croatia,2023.0,4010000.0,79.3,17000.0,High Income
Haiti,2023.0,11700000.0,64.9,1310.0,Lower-Middle Income
Hungary,2023.0,10200000.0,77.1,18200.0,High Income
Indonesia,2023.0,278000000.0,72.1,4400.0,Upper-Middle Income
India,2023.0,0.0,71.7,2400.0,Lower-Middle Income
Ireland,2023.0,5060000.0,82.6,72300.0,High Income
Iran,2023.0,89200000.0,78.5,3070.0,Lower-Middle Income
Iraq,2023.0,45500000.0,73.8,4850.0,Upper-Middle Income
Iceland,2023.0,375000.0,84.7,65500.0,High Income
Israel,2023.0,9170000.0,83.6,45800.0,High Income
Italy,2023.0,58900000.0,83.7,35500.0,High Income
Jamaica,2023.0,2830000.0,76.7,5210.0,Upper-Middle Income
Jordan,2023.0,11300000.0,78.8,4540.0,Upper-Middle Income
Japan,2023.0,123000000.0,85.3,43700.0,High Income
Kazakhstan,2023.0,19600000.0,72.4,9430.0,Upper-Middle Income
Kenya,2023.0,55100000.0,67.5,2080.0,Lower-Middle Income
Kyrgyz Republic,2023.0,6740000.0,74.0,1260.0,Lower-Middle Income
Cambodia,2023.0,16900000.0,70.8,1710.0,Lower-Middle Income
Kiribati,2023.0,134000.0,61.6,3010.0,Lower-Middle Income
South Korea,2023.0,51800000.0,83.5,35900.0,High Income
Kuwait,2023.0,4310000.0,81.9,32400.0,High Income
Lao,2023.0,7630000.0,70.1,2820.0,Lower-Middle Income
Lebanon,2023.0,5350000.0,77.0,4530.0,Upper-Middle Income
Liberia,2023.0,5420000.0,67.2,602.0,Low Income
Libya,2023.0,6890000.0,76.6,12300.0,Upper-Middle Income
St. Lucia,2023.0,180000.0,75.7,9910.0,Upper-Middle Income
Sri Lanka,2023.0,21900000.0,78.0,4120.0,Lower-Middle Income
Lesotho,2023.0,2330000.0,53.3,1190.0,Lower-Middle Income
Lithuania,2023.0,2720000.0,76.8,21500.0,High Income
Luxembourg,2023.0,655000.0,83.5,84900.0,High Income
Latvia,2023.0,1830000.0,76.4,20400.0,High Income
Morocco,2023.0,37800000.0,74.2,3260.0,Lower-Middle Income
Moldova,2023.0,3440000.0,74.8,5450.0,Upper-Middle Income
Madagascar,2023.0,30300000.0,66.8,498.0,Low Income
Maldives,2023.0,521000.0,80.2,9370.0,Upper-Middle Income
Mexico,2023.0,128000000.0,76.0,9120.0,Upper-Middle Income
North Macedonia,2023.0,2089999.9999999998,74.9,6440.0,Upper-Middle Income
Mali,2023.0,23300000.0,63.3,879.0,Low Income
Malta,2023.0,535000.0,83.2,28400.0,High Income
Myanmar,2023.0,54600000.0,70.3,1280.0,Lower-Middle Income
Montenegro,2023.0,626000.0,76.4,9440.0,Upper-Middle Income
Mongolia,2023.0,3450000.0,68.8,4260.0,Upper-Middle Income
Mozambique,2023.0,33900000.0,59.9,494.0,Low Income
Mauritania,2023.0,4860000.0,71.6,1830.0,Lower-Middle Income
Mauritius,2023.0,1300000.0,76.1,11900.0,Upper-Middle Income
Malawi,2023.0,20900000.0,66.3,618.0,Low Income
Malaysia,2023.0,34300000.0,75.6,12100.0,Upper-Middle Income
Namibia,2023.0,2600000.0,66.6,4510.0,Upper-Middle Income
Niger,2023.0,27200000.0,63.9,659.0,Low Income
Nigeria,2023.0,224000000.0,65.8,1990.0,Lower-Middle Income
Nicaragua,2023.0,7050000.0,76.2,1890.0,Lower-Middle Income
Netherlands,2023.0,17600000.0,82.3,54900.0,High Income
Norway,2023.0,5470000.0,83.5,85400.0,High Income
Nepal,2023.0,30900000.0,72.2,1300.0,Lower-Middle Income
New Zealand,2023.0,5230000.0,82.4,44300.0,High Income
Oman,2023.0,4640000.0,74.7,14400.0,High Income
Pakistan,2023.0,240000000.0,66.5,1330.0,Lower-Middle Income
Panama,2023.0,4470000.0,80.7,14700.0,High Income
Peru,2023.0,34400000.0,81.1,7000.0,Upper-Middle Income
Philippines,2023.0,117000000.0,72.3,3970.0,Lower-Middle Income
Papua New Guinea,2023.0,10300000.0,65.5,2830.0,Lower-Middle Income
Poland,2023.0,41000000.0,78.7,17200.0,High Income
Portugal,2023.0,10200000.0,82.4,24500.0,High Income
Paraguay,2023.0,6860000.0,77.0,5590.0,Upper-Middle Income
Palestine,2023.0,5370000.0,75.5,4060.0,Lower-Middle Income
Qatar,2023.0,2720000.0,76.8,60300.0,High Income
Romania,2023.0,19900000.0,76.0,14500.0,High Income
Russia,2023.0,144000000.0,73.5,11800.0,Upper-Middle Income
Rwanda,2023.0,14100000.0,69.8,888.0,Low Income
Saudi Arabia,2023.0,36900000.0,75.1,22800.0,High Income
Sudan,2023.0,48100000.0,71.5,627.0,Low Income
Senegal,2023.0,17800000.0,69.5,1640.0,Lower-Middle Income
Singapore,2023.0,6010000.0,85.4,59200.0,High Income
Solomon Islands,2023.0,740000.0,59.6,2380.0,Lower-Middle Income
Sierra Leone,2023.0,8790000.0,63.4,530.0,Low Income
El Salvador,2023.0,6360000.0,76.6,3930.0,Lower-Middle Income
Somalia,2023.0,18100000.0,59.6,322.0,Low Income
Serbia,2023.0,7150000.0,76.2,8570.0,Upper-Middle Income
South Sudan,2023.0,11100000.0,64.9,1080.0,Low Income
Sao Tome and Principe,2023.0,232000.0,71.7,2180.0,Lower-Middle Income
Suriname,2023.0,623000.0,73.2,4650.0,Upper-Middle Income
Slovak Republic,2023.0,5800000.0,78.1,21400.0,High Income
Slovenia,2023.0,2120000.0,82.0,28200.0,High Income
Sweden,2023.0,10600000.0,83.4,56300.0,High Income
Eswatini,2023.0,1210000.0,59.5,3420.0,Lower-Middle Income
Seychelles,2023.0,108000.0,74.0,13100.0,Upper-Middle Income
Syria,2023.0,23200000.0,77.4,1280.0,Lower-Middle Income
Chad,2023.0,18300000.0,61.6,620.0,Low Income
Togo,2023.0,9050000.0,66.3,971.0,Low Income
Thailand,2023.0,71800000.0,79.1,7870.0,Upper-Middle Income
Tajikistan,2023.0,10100000.0,70.3,1140.0,Lower-Middle Income
Turkmenistan,2023.0,6520000.0,71.3,8000.0,Upper-Middle Income
Timor-Leste,2023.0,1360000.0,71.4,1830.0,Lower-Middle Income
Tonga,2023.0,108000.0,73.5,5390.0,Upper-Middle Income
Trinidad and Tobago,2023.0,1530000.0,75.4,16500.0,High Income
Tunisia,2023.0,12500000.0,78.5,3480.0,Lower-Middle Income
Turkey,2023.0,85800000.0,79.3,9930.0,Upper-Middle Income
Tanzania,2023.0,67400000.0,68.4,1110.0,Lower-Middle Income
Uganda,2023.0,48600000.0,67.5,862.0,Low Income
Ukraine,2023.0,36700000.0,74.4,3990.0,Lower-Middle Income
Uruguay,2023.0,3420000.0,78.1,17000.0,High Income
United States,2023.0,340000000.0,79.2,70900.0,High Income
Uzbekistan,2023.0,35200000.0,68.8,1930.0,Lower-Middle Income
St. Vincent and the Grenadines,2023.0,104000.0,73.5,7890.0,Upper-Middle Income
Venezuela,2023.0,28800000.0,75.5,2590.0,Lower-Middle Income
Vietnam,2023.0,98900000.0,74.9,3150.0,Lower-Middle Income
Vanuatu,2023.0,335000.0,66.0,3300.0,Lower-Middle Income
Samoa,2023.0,226000.0,71.0,3810.0,Lower-Middle Income
Yemen,2023.0,34400000.0,68.1,895.0,Low Income
South Africa,2023.0,60400000.0,66.1,6120.0,Upper-Middle Income
Zambia,2023.0,20600000.0,64.2,1090.0,Lower-Middle Income
Zimbabwe,2023.0,16700000.0,61.9,1180.0,Lower-Middle Income
Afghanistan,2024.0,43400000.0,64.9,539.0,Low Income
Angola,2024.0,37800000.0,66.8,2100.0,Lower-Middle Income
Albania,2024.0,2830000.0,79.1,6160.0,Upper-Middle Income
United Arab Emirates,2024.0,9590000.0,74.6,38900.0,High Income
Argentina,2024.0,46100000.0,77.3,9810.0,Upper-Middle Income
Armenia,2024.0,2780000.0,76.4,4860.0,Upper-Middle Income
Antigua and Barbuda,2024.0,94800.0,76.9,15900.0,High Income
Australia,2024.0,26700000.0,83.6,58400.0,High Income
Austria,2024.0,8980000.0,82.9,53200.0,High Income
Azerbaijan,2024.0,10500000.0,71.5,4600.0,Upper-Middle Income
Burundi,2024.0,13600000.0,65.5,234.0,Low Income
Belgium,2024.0,11700000.0,82.2,50100.0,High Income
Benin,2024.0,14100000.0,66.0,1450.0,Lower-Middle Income
Burkina Faso,2024.0,23800000.0,63.6,839.0,Low Income
Bangladesh,2024.0,175000000.0,76.0,2630.0,Lower-Middle Income
Bulgaria,2024.0,6620000.0,74.0,11500.0,Upper-Middle Income
Bahrain,2024.0,1500000.0,77.7,20800.0,High Income
Bahamas,2024.0,415000.0,73.9,29700.0,High Income
Bosnia and Herzegovina,2024.0,3190000.0,77.7,7010.0,Upper-Middle Income
Belarus,2024.0,9460000.0,74.7,6740.0,Upper-Middle Income
Belize,2024.0,417000.0,75.2,4360.0,Upper-Middle Income
Bolivia,2024.0,12600000.0,73.2,3550.0,Lower-Middle Income
Brazil,2024.0,218000000.0,76.8,8490.0,Upper-Middle Income
Barbados,2024.0,282000.0,76.8,17100.0,High Income
Brunei,2024.0,456000.0,75.0,34000.0,High Income
Bhutan,2024.0,792000.0,74.6,3220.0,Lower-Middle Income
Botswana,2024.0,2720000.0,62.7,7500.0,Upper-Middle Income
Central African Republic,2024.0,5920000.0,53.9,554.0,Low Income
Canada,2024.0,39100000.0,82.9,47700.0,High Income
Switzerland,2024.0,8850000.0,84.6,86500.0,High Income
Chile,2024.0,19700000.0,81.0,15000.0,High Income
China,2024.0,0.0,78.4,13300.0,High Income
Cote d'Ivoire,2024.0,29600000.0,65.8,2630.0,Lower-Middle Income
Cameroon,2024.0,29400000.0,64.9,1640.0,Lower-Middle Income
"Congo, Dem. Rep.",2024.0,106000000.0,66.5,581.0,Low Income
"Congo, Rep.",2024.0,6240000.0,66.4,1740.0,Lower-Middle Income
Colombia,2024.0,52300000.0,81.1,6560.0,Upper-Middle Income
Comoros,2024.0,868000.0,69.8,1360.0,Lower-Middle Income
Cape Verde,2024.0,604000.0,74.6,3680.0,Lower-Middle Income
Costa Rica,2024.0,5250000.0,81.0,12500.0,Upper-Middle Income
Cuba,2024.0,11200000.0,79.2,10200.0,Upper-Middle Income
Cyprus,2024.0,1270000.0,81.6,28300.0,High Income
Czech Republic,2024.0,10500000.0,80.2,25400.0,High Income
Germany,2024.0,83300000.0,82.0,52200.0,High Income
Djibouti,2024.0,1150000.0,68.0,3690.0,Lower-Middle Income
Denmark,2024.0,5940000.0,81.8,68200.0,High Income
Dominican Republic,2024.0,11400000.0,74.0,8540.0,Upper-Middle Income
Algeria,2024.0,46300000.0,77.1,3600.0,Lower-Middle Income
Ecuador,2024.0,18400000.0,77.4,5630.0,Upper-Middle Income
Egypt,2024.0,114000000.0,71.7,3350.0,Lower-Middle Income
Eritrea,2024.0,3820000.0,65.4,494.0,Low Income
Spain,2024.0,47500000.0,83.7,31700.0,High Income
Estonia,2024.0,1320000.0,78.7,26700.0,High Income
Ethiopia,2024.0,130000000.0,70.6,1080.0,Low Income
Finland,2024.0,5550000.0,82.7,53500.0,High Income
Fiji,2024.0,943000.0,69.0,6110.0,Upper-Middle Income
France,2024.0,64900000.00000001,83.5,44400.0,High Income
"Micronesia, Fed. Sts.",2024.0,116000.0,64.7,3990.0,Lower-Middle Income
Gabon,2024.0,2480000.0,68.7,7460.0,Upper-Middle Income
United Kingdom,2024.0,68000000.0,81.7,44800.0,High Income
Georgia,2024.0,3720000.0,74.1,5190.0,Upper-Middle Income
Ghana,2024.0,34800000.0,67.6,2580.0,Lower-Middle Income
Guinea,2024.0,14500000.0,62.7,1130.0,Lower-Middle Income
Gambia,2024.0,2840000.0,68.5,857.0,Low Income
Guinea-Bissau,2024.0,2200000.0,62.5,824.0,Low Income
Equatorial Guinea,2024.0,1750000.0,67.7,4890.0,Upper-Middle Income
Greece,2024.0,10300000.0,81.7,20600.0,High Income
Grenada,2024.0,127000.0,73.6,10400.0,Upper-Middle Income
Guatemala,2024.0,18400000.0,73.6,4820.0,Upper-Middle Income
Guyana,2024.0,820000.0,67.8,8370.0,Upper-Middle Income
"Hong Kong, China",2024.0,7500000.0,85.1,54400.0,High Income
Honduras,2024.0,10800000.0,72.9,2350.0,Lower-Middle Income
Croatia,2024.0,3990000.0,79.4,17700.0,High Income
Haiti,2024.0,11900000.0,65.2,1310.0,Lower-Middle Income
Hungary,2024.0,9990000.0,77.3,18800.0,High Income
Indonesia,2024.0,280000000.0,72.3,4590.0,Upper-Middle Income
India,2024.0,0.0,71.9,2540.0,Lower-Middle Income
Ireland,2024.0,5090000.0,82.8,73600.0,High Income
Iran,2024.0,89800000.0,78.7,3110.0,Lower-Middle Income
Iraq,2024.0,46500000.0,74.0,4940.0,Upper-Middle Income
Iceland,2024.0,378000.0,84.8,66200.0,High Income
Israel,2024.0,9310000.0,83.7,46600.0,High Income
Italy,2024.0,58700000.0,83.8,35800.0,High Income
Jamaica,2024.0,2820000.0,76.8,5360.0,Upper-Middle Income
Jordan,2024.0,11400000.0,79.0,4660.0,Upper-Middle Income
Japan,2024.0,123000000.0,85.4,44300.0,High Income
Kazakhstan,2024.0,19800000.0,72.5,9630.0,Upper-Middle Income
Kenya,2024.0,56200000.0,67.7,2160.0,Lower-Middle Income
Kyrgyz Republic,2024.0,6840000.0,74.2,1290.0,Lower-Middle Income
Cambodia,2024.0,17100000.0,70.9,1800.0,Lower-Middle Income
Kiribati,2024.0,136000.0,61.8,3020.0,Lower-Middle Income
South Korea,2024.0,51700000.0,83.6,36800.0,High Income
Kuwait,2024.0,4350000.0,82.0,32299.999999999996,High Income
Lao,2024.0,7740000.0,70.4,2950.0,Lower-Middle Income
Lebanon,2024.0,5220000.0,77.2,4370.0,Upper-Middle Income
Liberia,2024.0,5540000.0,67.5,621.0,Low Income
Libya,2024.0,6960000.0,76.7,12300.0,Upper-Middle Income
St. Lucia,2024.0,181000.0,75.8,10100.0,Upper-Middle Income
Sri Lanka,2024.0,21900000.0,78.1,4260.0,Upper-Middle Income
Lesotho,2024.0,2360000.0,53.7,1200.0,Lower-Middle Income
Lithuania,2024.0,2690000.0,77.0,22100.0,High Income
Luxembourg,2024.0,662000.0,83.7,85600.0,High Income
Latvia,2024.0,1810000.0,76.5,21100.0,High Income
Morocco,2024.0,38200000.0,74.4,3350.0,Lower-Middle Income
Moldova,2024.0,3330000.0,74.9,5780.0,Upper-Middle Income
Madagascar,2024.0,31100000.0,67.1,512.0,Low Income
Maldives,2024.0,518000.0,80.4,9800.0,Upper-Middle Income
Mexico,2024.0,129000000.0,76.2,9230.0,Upper-Middle Income
North Macedonia,2024.0,2080000.0,75.0,6660.0,Upper-Middle Income
Mali,2024.0,24000000.0,63.6,897.0,Low Income
Malta,2024.0,537000.0,83.3,29600.0,High Income
Myanmar,2024.0,55000000.0,70.4,1340.0,Lower-Middle Income
Montenegro,2024.0,626000.0,76.6,9730.0,Upper-Middle Income
Mongolia,2024.0,3490000.0,69.0,4410.0,Upper-Middle Income
Mozambique,2024.0,34900000.0,60.2,534.0,Low Income
Mauritania,2024.0,4990000.0,71.8,1870.0,Lower-Middle Income
Mauritius,2024.0,1300000.0,76.2,12400.0,Upper-Middle Income
Malawi,2024.0,21500000.0,66.7,638.0,Low Income
Malaysia,2024.0,34700000.0,75.7,12600.0,Upper-Middle Income
Namibia,2024.0,2650000.0,66.9,4490.0,Upper-Middle Income
Niger,2024.0,28200000.0,64.2,678.0,Low Income
Nigeria,2024.0,229000000.0,66.2,1990.0,Lower-Middle Income
Nicaragua,2024.0,7140000.0,76.5,1900.0,Lower-Middle Income
Netherlands,2024.0,17700000.0,82.5,55700.0,High Income
Norway,2024.0,5510000.0,83.7,86700.0,High Income
Nepal,2024.0,31200000.0,72.4,1350.0,Lower-Middle Income
New Zealand,2024.0,5270000.0,82.5,44800.0,High Income
Oman,2024.0,4710000.0,74.9,14300.0,High Income
Pakistan,2024.0,245000000.0,66.6,1370.0,Lower-Middle Income
Panama,2024.0,4530000.0,80.9,15300.0,High Income
Peru,2024.0,34700000.0,81.3,7160.0,Upper-Middle Income
Philippines,2024.0,119000000.0,72.5,4170.0,Lower-Middle Income
Papua New Guinea,2024.0,10500000.0,65.7,2840.0,Lower-Middle Income
Poland,2024.0,40200000.0,78.9,17700.0,High Income
Portugal,2024.0,10200000.0,82.6,25100.0,High Income
Paraguay,2024.0,6950000.0,77.1,5710.0,Upper-Middle Income
Palestine,2024.0,5490000.0,75.6,4070.0,Lower-Middle Income
Qatar,2024.0,2740000.0,77.0,61200.0,High Income
Romania,2024.0,19600000.0,76.2,15000.0,High Income
Russia,2024.0,144000000.0,73.6,12000.0,Upper-Middle Income
Rwanda,2024.0,14400000.0,70.1,934.0,Low Income
Saudi Arabia,2024.0,37500000.0,75.3,22900.0,High Income
Sudan,2024.0,49400000.0,71.7,633.0,Low Income
Senegal,2024.0,18200000.0,69.8,1730.0,Lower-Middle Income
Singapore,2024.0,6050000.0,85.5,60000.0,High Income
Solomon Islands,2024.0,757000.0,59.7,2410.0,Lower-Middle Income
Sierra Leone,2024.0,8980000.0,63.8,545.0,Low Income
El Salvador,2024.0,6400000.0,76.8,4000.0,Lower-Middle Income
Somalia,2024.0,18700000.0,59.9,325.0,Low Income
Serbia,2024.0,7100000.0,76.3,8940.0,Upper-Middle Income
South Sudan,2024.0,11300000.0,65.2,1100.0,Lower-Middle Income
Sao Tome and Principe,2024.0,236000.0,71.8,2230.0,Lower-Middle Income
Suriname,2024.0,629000.0,73.3,4670.0,Upper-Middle Income
Slovak Republic,2024.0,5700000.0,78.2,22000.0,High Income
Slovenia,2024.0,2120000.0,82.2,29100.0,High Income
Sweden,2024.0,10700000.0,83.6,57000.0,High Income
Eswatini,2024.0,1220000.0,59.6,3450.0,Lower-Middle Income
Seychelles,2024.0,108000.0,74.1,13500.0,High Income
Syria,2024.0,24300000.0,78.0,1310.0,Lower-Middle Income
Chad,2024.0,18800000.0,61.9,629.0,Low Income
Togo,2024.0,9260000.0,66.7,1000.0,Low Income
Thailand,2024.0,71900000.0,79.3,8140.0,Upper-Middle Income
Tajikistan,2024.0,10300000.0,70.5,1170.0,Lower-Middle Income
Turkmenistan,2024.0,6600000.0,71.5,8230.0,Upper-Middle Income
Timor-Leste,2024.0,1380000.0,71.6,1810.0,Lower-Middle Income
Tonga,2024.0,109000.0,73.6,5560.0,Upper-Middle Income
Trinidad and Tobago,2024.0,1540000.0,75.5,16600.0,High Income
Tunisia,2024.0,12600000.0,78.7,3520.0,Lower-Middle Income
Turkey,2024.0,86300000.0,79.5,10200.0,Upper-Middle Income
Tanzania,2024.0,69400000.0,68.6,1130.0,Lower-Middle Income
Uganda,2024.0,49900000.0,67.8,892.0,Low Income
Ukraine,2024.0,37900000.0,74.5,4150.0,Lower-Middle Income
Uruguay,2024.0,3420000.0,78.3,17400.0,High Income
United States,2024.0,342000000.0,79.3,71500.0,High Income
Uzbekistan,2024.0,35700000.0,68.9,2000.0,Lower-Middle Income
St. Vincent and the Grenadines,2024.0,104000.0,73.6,8130.0,Upper-Middle Income
Venezuela,2024.0,29400000.0,75.7,2200.0,Lower-Middle Income
Vietnam,2024.0,99500000.0,75.0,3340.0,Lower-Middle Income
Vanuatu,2024.0,342000.0,66.1,3320.0,Lower-Middle Income
Samoa,2024.0,229000.0,71.1,3910.0,Lower-Middle Income
Yemen,2024.0,35200000.0,68.3,933.0,Low Income
South Africa,2024.0,61000000.0,66.3,6110.0,Upper-Middle Income
Zambia,2024.0,21100000.0,64.4,1080.0,Low Income
Zimbabwe,2024.0,17000000.0,62.1,1180.0,Lower-Middle Income
Afghanistan,2025.0,44500000.0,65.2,548.0,Low Income
Angola,2025.0,38900000.0,67.1,2120.0,Lower-Middle Income
Albania,2025.0,2820000.0,79.2,6390.0,Upper-Middle Income
United Arab Emirates,2025.0,9670000.0,74.7,38700.0,High Income
Argentina,2025.0,46300000.0,77.5,9880.0,Upper-Middle Income
Armenia,2025.0,2780000.0,76.5,5080.0,Upper-Middle Income
Antigua and Barbuda,2025.0,95300.0,77.1,16300.0,High Income
Australia,2025.0,27000000.0,83.7,59000.0,High Income
Austria,2025.0,8990000.0,83.1,53900.0,High Income
Azerbaijan,2025.0,10500000.0,71.6,4620.0,Upper-Middle Income
Burundi,2025.0,13900000.0,65.8,234.0,Low Income
Belgium,2025.0,11700000.0,82.3,50600.0,High Income
Benin,2025.0,14500000.0,66.3,1500.0,Lower-Middle Income
Burkina Faso,2025.0,24400000.0,64.0,861.0,Low Income
Bangladesh,2025.0,176000000.0,76.2,2790.0,Lower-Middle Income
Bulgaria,2025.0,6570000.0,74.1,12000.0,Upper-Middle Income
Bahrain,2025.0,1510000.0,77.8,21000.0,High Income
Bahamas,2025.0,418000.0,74.0,29900.0,High Income
Bosnia and Herzegovina,2025.0,3180000.0,77.9,7250.0,Upper-Middle Income
Belarus,2025.0,9410000.0,74.8,6870.0,Upper-Middle Income
Belize,2025.0,422000.0,75.3,4360.0,Upper-Middle Income
Bolivia,2025.0,12700000.0,73.4,3620.0,Lower-Middle Income
Brazil,2025.0,219000000.0,77.0,8620.0,Upper-Middle Income
Barbados,2025.0,283000.0,77.0,17400.0,High Income
Brunei,2025.0,459000.0,75.2,34600.0,High Income
Bhutan,2025.0,797000.0,74.8,3370.0,Lower-Middle Income
Botswana,2025.0,2760000.0,62.8,7640.0,Upper-Middle Income
Central African Republic,2025.0,6100000.0,54.2,569.0,Low Income
Canada,2025.0,39400000.0,83.1,47900.0,High Income
Switzerland,2025.0,8900000.0,84.8,86500.0,High Income
Chile,2025.0,19700000.0,81.2,15200.0,High Income
China,2025.0,0.0,78.6,14000.0,High Income
Cote d'Ivoire,2025.0,30300000.0,66.0,2720.0,Lower-Middle Income
Cameroon,2025.0,30200000.0,65.2,1690.0,Lower-Middle Income
"Congo, Dem. Rep.",2025.0,109000000.0,66.8,591.0,Low Income
"Congo, Rep.",2025.0,6380000.0,66.6,1740.0,Lower-Middle Income
Colombia,2025.0,52600000.0,81.2,6760.0,Upper-Middle Income
Comoros,2025.0,883000.0,70.0,1360.0,Lower-Middle Income
Cape Verde,2025.0,610000.0,74.8,3870.0,Lower-Middle Income
Costa Rica,2025.0,5280000.0,81.2,12700.0,Upper-Middle Income
Cuba,2025.0,11200000.0,79.4,10400.0,Upper-Middle Income
Cyprus,2025.0,1280000.0,81.7,28700.0,High Income
Czech Republic,2025.0,10500000.0,80.3,26200.0,High Income
Germany,2025.0,83200000.0,82.1,52800.0,High Income
Djibouti,2025.0,1170000.0,68.2,3800.0,Lower-Middle Income
Denmark,2025.0,5970000.0,82.0,69200.0,High Income
Dominican Republic,2025.0,11500000.0,74.2,8880.0,Upper-Middle Income
Algeria,2025.0,46900000.0,77.3,3580.0,Lower-Middle Income
Ecuador,2025.0,18600000.0,77.6,5680.0,Upper-Middle Income
Egypt,2025.0,116000000.0,71.9,3470.0,Lower-Middle Income
Eritrea,2025.0,3890000.0,65.7,504.0,Low Income
Spain,2025.0,47400000.0,83.8,32000.0,High Income
Estonia,2025.0,1310000.0,78.8,27500.0,High Income
Ethiopia,2025.0,133000000.0,71.0,1150.0,Lower-Middle Income
Finland,2025.0,5550000.0,82.8,54200.0,High Income
Fiji,2025.0,950000.0,69.2,6300.0,Upper-Middle Income
France,2025.0,65000000.0,83.7,44900.0,High Income
"Micronesia, Fed. Sts.",2025.0,117000.0,64.8,4000.0,Lower-Middle Income
Gabon,2025.0,2530000.0,68.8,7650.0,Upper-Middle Income
United Kingdom,2025.0,68200000.0,81.9,45400.0,High Income
Georgia,2025.0,3710000.0,74.2,5460.0,Upper-Middle Income
Ghana,2025.0,35400000.0,67.8,2690.0,Lower-Middle Income
Guinea,2025.0,14900000.0,63.0,1160.0,Lower-Middle Income
Gambia,2025.0,2910000.0,68.8,880.0,Low Income
Guinea-Bissau,2025.0,2240000.0,62.8,847.0,Low Income
Equatorial Guinea,2025.0,1800000.0,68.0,4600.0,Upper-Middle Income
Greece,2025.0,10300000.0,81.9,21000.0,High Income
Grenada,2025.0,128000.0,73.8,10600.0,Upper-Middle Income
Guatemala,2025.0,18600000.0,73.8,4890.0,Upper-Middle Income
Guyana,2025.0,825000.0,67.9,8710.0,Upper-Middle Income
"Hong Kong, China",2025.0,7500000.0,85.2,55600.0,High Income
Honduras,2025.0,10900000.0,73.1,2400.0,Lower-Middle Income
Croatia,2025.0,3960000.0,79.6,18300.0,High Income
Haiti,2025.0,12000000.0,65.4,1320.0,Lower-Middle Income
Hungary,2025.0,9870000.0,77.4,19300.0,High Income
Indonesia,2025.0,282000000.0,72.4,4790.0,Upper-Middle Income
India,2025.0,0.0,72.1,2680.0,Lower-Middle Income
Ireland,2025.0,5120000.0,82.9,74900.0,High Income
Iran,2025.0,90400000.0,78.9,3140.0,Lower-Middle Income
Iraq,2025.0,47500000.0,74.1,4970.0,Upper-Middle Income
Iceland,2025.0,380000.0,85.0,67800.0,High Income
Israel,2025.0,9450000.0,83.9,47200.0,High Income
Italy,2025.0,58500000.0,83.9,36100.0,High Income
Jamaica,2025.0,2820000.0,77.0,5470.0,Upper-Middle Income
Jordan,2025.0,11400000.0,79.1,4780.0,Upper-Middle Income
Japan,2025.0,122000000.0,85.5,44700.0,High Income
Kazakhstan,2025.0,20100000.0,72.6,9850.0,Upper-Middle Income
Kenya,2025.0,57300000.0,67.9,2240.0,Lower-Middle Income
Kyrgyz Republic,2025.0,6940000.0,74.3,1310.0,Lower-Middle Income
Cambodia,2025.0,17300000.0,71.1,1910.0,Lower-Middle Income
Kiribati,2025.0,138000.0,61.9,3030.0,Lower-Middle Income
South Korea,2025.0,51700000.0,83.7,37600.0,High Income
Kuwait,2025.0,4390000.0,82.2,32200.000000000004,High Income
Lao,2025.0,7840000.0,70.6,3080.0,Lower-Middle Income
Lebanon,2025.0,5100000.0,77.3,4210.0,Lower-Middle Income
Liberia,2025.0,5660000.0,67.7,640.0,Low Income
Libya,2025.0,7040000.0,76.9,12700.0,Upper-Middle Income
St. Lucia,2025.0,181000.0,75.9,10200.0,Upper-Middle Income
Sri Lanka,2025.0,22000000.0,78.3,4410.0,Upper-Middle Income
Lesotho,2025.0,2380000.0,54.0,1200.0,Lower-Middle Income
Lithuania,2025.0,2670000.0,77.1,22700.0,High Income
Luxembourg,2025.0,668000.0,83.9,86100.0,High Income
Latvia,2025.0,1790000.0,76.7,21800.0,High Income
Morocco,2025.0,38600000.0,74.6,3440.0,Lower-Middle Income
Moldova,2025.0,3250000.0,75.1,6130.0,Upper-Middle Income
Madagascar,2025.0,31800000.0,67.4,525.0,Low Income
Maldives,2025.0,515000.0,80.7,10200.0,Upper-Middle Income
Mexico,2025.0,130000000.0,76.3,9340.0,Upper-Middle Income
North Macedonia,2025.0,2080000.0,75.2,6900.0,Upper-Middle Income
Mali,2025.0,24800000.0,64.0,914.0,Low Income
Malta,2025.0,538000.0,83.5,30800.0,High Income
Myanmar,2025.0,55300000.0,70.6,1400.0,Lower-Middle Income
Montenegro,2025.0,626000.0,76.7,10000.0,Upper-Middle Income
Mongolia,2025.0,3540000.0,69.2,4560.0,Upper-Middle Income
Mozambique,2025.0,35800000.0,60.5,580.0,Low Income
Mauritania,2025.0,5130000.0,72.0,1900.0,Lower-Middle Income
Mauritius,2025.0,1300000.0,76.4,12800.0,Upper-Middle Income
Malawi,2025.0,22000000.0,67.1,659.0,Low Income
Malaysia,2025.0,35000000.0,75.9,13100.0,Upper-Middle Income
Namibia,2025.0,2690000.0,67.2,4480.0,Upper-Middle Income
Niger,2025.0,29300000.0,64.6,694.0,Low Income
Nigeria,2025.0,235000000.0,66.5,1980.0,Lower-Middle Income
Nicaragua,2025.0,7240000.0,76.7,1920.0,Lower-Middle Income
Netherlands,2025.0,17700000.0,82.6,56300.0,High Income
Norway,2025.0,5550000.0,83.8,87800.0,High Income
Nepal,2025.0,31600000.0,72.6,1410.0,Lower-Middle Income
New Zealand,2025.0,5310000.0,82.7,45200.0,High Income
Oman,2025.0,4780000.0,75.1,14100.0,High Income
Pakistan,2025.0,250000000.0,66.7,1410.0,Lower-Middle Income
Panama,2025.0,4590000.0,81.1,15900.0,High Income
Peru,2025.0,35000000.0,81.5,7320.0,Upper-Middle Income
Philippines,2025.0,121000000.0,72.6,4370.0,Upper-Middle Income
Papua New Guinea,2025.0,10700000.0,65.9,2860.0,Lower-Middle Income
Poland,2025.0,39600000.0,79.0,18300.0,High Income
Portugal,2025.0,10200000.0,82.7,25600.0,High Income
Paraguay,2025.0,7030000.0,77.2,5830.0,Upper-Middle Income
Palestine,2025.0,5620000.0,75.8,4060.0,Lower-Middle Income
Qatar,2025.0,2760000.0,77.1,62300.0,High Income
Romania,2025.0,19400000.0,76.3,15600.0,High Income
Russia,2025.0,143000000.0,73.7,12200.0,Upper-Middle Income
Rwanda,2025.0,14700000.0,70.3,982.0,Low Income
Saudi Arabia,2025.0,38000000.0,75.4,23100.0,High Income
Sudan,2025.0,50600000.0,71.9,643.0,Low Income
Senegal,2025.0,18700000.0,70.0,1790.0,Lower-Middle Income
Singapore,2025.0,6090000.0,85.6,60800.0,High Income
Solomon Islands,2025.0,773000.0,59.8,2430.0,Lower-Middle Income
Sierra Leone,2025.0,9170000.0,64.2,560.0,Low Income
El Salvador,2025.0,6430000.0,77.0,4060.0,Lower-Middle Income
Somalia,2025.0,19300000.0,60.2,328.0,Low Income
Serbia,2025.0,7060000.0,76.5,9340.0,Upper-Middle Income
South Sudan,2025.0,11500000.0,65.4,1120.0,Lower-Middle Income
Sao Tome and Principe,2025.0,241000.0,72.0,2280.0,Lower-Middle Income
Suriname,2025.0,634000.0,73.5,4680.0,Upper-Middle Income
Slovak Republic,2025.0,5640000.0,78.4,22700.0,High Income
Slovenia,2025.0,2120000.0,82.3,29900.0,High Income
Sweden,2025.0,10700000.0,83.7,57700.0,High Income
Eswatini,2025.0,1230000.0,59.9,3490.0,Lower-Middle Income
Seychelles,2025.0,109000.0,74.2,13900.0,High Income
Syria,2025.0,25400000.0,78.5,1330.0,Lower-Middle Income
Chad,2025.0,19400000.0,62.2,640.0,Low Income
Togo,2025.0,9470000.0,66.9,1030.0,Low Income
Thailand,2025.0,72000000.0,79.5,8430.0,Upper-Middle Income
Tajikistan,2025.0,10500000.0,70.7,1200.0,Lower-Middle Income
Turkmenistan,2025.0,6680000.0,71.6,8460.0,Upper-Middle Income
Timor-Leste,2025.0,1400000.0,71.8,1830.0,Lower-Middle Income
Tonga,2025.0,110000.0,73.7,5680.0,Upper-Middle Income
Trinidad and Tobago,2025.0,1540000.0,75.6,16800.0,High Income
Tunisia,2025.0,12700000.0,78.8,3550.0,Lower-Middle Income
Turkey,2025.0,86700000.0,79.7,10400.0,Upper-Middle Income
Tanzania,2025.0,71400000.0,68.9,1160.0,Lower-Middle Income
Uganda,2025.0,51300000.0,68.1,926.0,Low Income
Ukraine,2025.0,38800000.0,74.6,4340.0,Upper-Middle Income
Uruguay,2025.0,3420000.0,78.4,17800.0,High Income
United States,2025.0,344000000.0,79.5,72200.0,High Income
Uzbekistan,2025.0,36200000.0,69.0,2070.0,Lower-Middle Income
St. Vincent and the Grenadines,2025.0,104000.0,73.7,8340.0,Upper-Middle Income
Venezuela,2025.0,29900000.0,76.0,1950.0,Lower-Middle Income
Vietnam,2025.0,100000000.0,75.1,3530.0,Lower-Middle Income
Vanuatu,2025.0,350000.0,66.3,3340.0,Lower-Middle Income
Samoa,2025.0,232000.0,71.2,3970.0,Lower-Middle Income
Yemen,2025.0,36000000.0,68.4,969.0,Low Income
South Africa,2025.0,61700000.0,66.5,6100.0,Upper-Middle Income
Zambia,2025.0,21700000.0,64.7,1060.0,Low Income
Zimbabwe,2025.0,17400000.0,62.4,1190.0,Lower-Middle Income
